-- phpMyAdmin SQL Dump
-- version 5.1.1
-- https://www.phpmyadmin.net/
--
-- Host: localhost
-- Generation Time: Jan 10, 2022 at 05:18 AM
-- Server version: 10.2.40-MariaDB
-- PHP Version: 7.2.30

SET SQL_MODE = "NO_AUTO_VALUE_ON_ZERO";
START TRANSACTION;
SET time_zone = "+00:00";


/*!40101 SET @OLD_CHARACTER_SET_CLIENT=@@CHARACTER_SET_CLIENT */;
/*!40101 SET @OLD_CHARACTER_SET_RESULTS=@@CHARACTER_SET_RESULTS */;
/*!40101 SET @OLD_COLLATION_CONNECTION=@@COLLATION_CONNECTION */;
/*!40101 SET NAMES utf8mb4 */;

--
-- Database: `yqhwgpazhosting_jobs181`
--

-- --------------------------------------------------------

--
-- Table structure for table `ads`
--

CREATE TABLE `ads` (
  `id` int(11) NOT NULL,
  `image` varchar(255) NOT NULL,
  `price` double NOT NULL,
  `from_time` date NOT NULL,
  `to_time` date NOT NULL,
  `link` text NOT NULL DEFAULT '#',
  `alt` varchar(255) DEFAULT NULL,
  `role` int(1) NOT NULL,
  `created_at` timestamp NULL DEFAULT NULL,
  `updated_at` timestamp NULL DEFAULT NULL
) ENGINE=InnoDB DEFAULT CHARSET=utf8mb4;

--
-- Dumping data for table `ads`
--

INSERT INTO `ads` (`id`, `image`, `price`, `from_time`, `to_time`, `link`, `alt`, `role`, `created_at`, `updated_at`) VALUES
(1, 'images/ads/banner_home.jpg', 0, '2021-12-01', '2021-12-12', '#', 'jobs', 200, '2021-12-04 14:43:48', '2021-12-22 05:31:11'),
(2, 'images/ads/1.jpg', 0, '2021-12-01', '2022-12-14', 'https://www.google.com/search?q=d%E1%BB%8Bch&oq=d%E1%BB%8Bch&aqs=chrome.0.69i59j0i433i512l3j0i131i433i512j0i512j69i61l2.828j0j4&sourceid=chrome&ie=UTF-8', 'abc', 0, '2021-12-03 15:27:49', '2021-12-22 05:29:58'),
(3, 'images/ads/2.jpg', 2000000, '2021-12-15', '2022-12-31', 'https://www.google.com/search?q=d%E1%BB%8Bch&oq=d%E1%BB%8Bch&aqs=chrome.0.69i59j0i433i512l3j0i131i433i512j0i512j69i61l2.828j0j4&sourceid=chrome&ie=UTF-8', 'xx', 0, '2021-12-01 14:44:24', '2021-12-22 05:30:19'),
(4, 'images/ads/3.jpg', 1000000, '2021-12-02', '2021-12-29', 'https://www.google.com/search?q=d%E1%BB%8Bch&oq=d%E1%BB%8Bch&aqs=chrome.0.69i59j0i433i512l3j0i131i433i512j0i512j69i61l2.828j0j4&sourceid=chrome&ie=UTF-8', 'abc', 0, '2021-11-29 15:34:37', '2021-12-22 05:30:47'),
(9, 'images/ads/61c2ba894a357-06989178d35919074048.jpg', 1000000, '2021-12-22', '2021-12-31', '#', '#', 0, '2021-12-22 05:41:29', '2021-12-22 05:41:45'),
(10, 'images/ads/61c2bac53c7dd-e43e71ad318cfbd2a29d.jpg', 1500000, '2021-12-22', '2022-01-05', 'https://bssgroup.vn/', 'genz', 0, '2021-12-22 05:42:29', '2021-12-22 05:45:35'),
(11, 'images/ads/61c2bb150493b-f7dac7e287c34d9d14d2.jpg', 2000000, '2021-12-22', '2022-01-05', 'https://bssgroup.vn/', 'jobs', 0, '2021-12-22 05:43:49', '2021-12-22 05:48:11');

-- --------------------------------------------------------

--
-- Table structure for table `apply`
--

CREATE TABLE `apply` (
  `id` int(11) NOT NULL,
  `user_candidate_id` int(11) NOT NULL,
  `blog_id` int(11) NOT NULL,
  `name_candidate` varchar(255) NOT NULL,
  `phone_candidate` varchar(25) NOT NULL,
  `email_candidate` varchar(255) NOT NULL,
  `file` varchar(255) NOT NULL,
  `message` text DEFAULT NULL,
  `status` int(1) NOT NULL DEFAULT 0,
  `created_at` timestamp NULL DEFAULT NULL,
  `updated_at` timestamp NULL DEFAULT NULL
) ENGINE=InnoDB DEFAULT CHARSET=utf8mb4;

--
-- Dumping data for table `apply`
--

INSERT INTO `apply` (`id`, `user_candidate_id`, `blog_id`, `name_candidate`, `phone_candidate`, `email_candidate`, `file`, `message`, `status`, `created_at`, `updated_at`) VALUES
(23, 77, 187, 'Nguyễn Xuân Tiến', '0372812022', 'tiennxph11054@fpt.edu.vn', 'files/candidate/61c282930db96-Nguyễn Xuân Tiến ph11054.pdf', 'Mon quý Công ty sớm phản hồi', 2, '2021-12-22 01:42:43', '2021-12-22 08:04:44'),
(24, 77, 154, 'Nguyễn Xuân Tiến', '0372812022', 'tiennxph11054@fpt.edu.vn', 'files/candidate/61c282cf5bed0-Nguyễn Xuân Tiến ph11054.pdf', NULL, 0, '2021-12-22 01:43:43', '2021-12-22 01:43:43'),
(25, 78, 256, 'Trần Chí Võ', '0392698440', 'votcph11099@fpt.edu.vn', 'files/candidate/61c28962a06c1-file giấy tờ.pdf', 'Đơn xin thực tập', 0, '2021-12-22 02:11:46', '2021-12-22 02:11:46'),
(26, 79, 267, 'Võ Trần', '0392698440', 'vovo150801@gmail.com', 'files/candidate/61c28b00d9216-file giấy tờ.pdf', 'Đơn xin việc', 0, '2021-12-22 02:18:40', '2021-12-22 02:18:40'),
(27, 78, 165, 'Trần Chí Võ', '0392698440', 'votcph11099@fpt.edu.vn', 'files/candidate/61c2a7c86e5bb-file giấy tờ.pdf', 'Đơn xin việc', 0, '2021-12-22 04:21:28', '2021-12-22 04:21:28'),
(28, 81, 301, 'Nguyễn Thái Hòa', '0837979839', 'hoak21aa@gmail.com', 'files/candidate/61c2e7230cb97-Nguyen-Thai-Hoa-TopCV.vn-181221.131632.pdf', NULL, 0, '2021-12-22 08:51:47', '2021-12-22 08:51:47'),
(29, 3, 283, 'Trần Hữu Kiên', '0868983309', 'tranhuukien.kiz@gmail.com', 'files/candidate/61c301a632a8e-Bss_ProductCustomTabs.docx', 'Xin việc', 2, '2021-12-22 10:42:59', '2021-12-22 10:47:01'),
(30, 78, 301, 'Trần Chí Võ', '0392698440', 'votcph11099@fpt.edu.vn', 'files/candidate/61c3074230308-Tran-Chi-Vo-TopCV.vn-221221.180806.pdf', 'Đơn xin việc vị trí lập trình viên PHP', 9, '2021-12-22 11:08:50', '2021-12-23 01:40:22'),
(31, 3, 302, 'Trần Hữu Kiên', '0868983309', 'kiz@gmail.com', 'files/candidate/61c33641a8201-cv.pdf', NULL, 3, '2021-12-22 14:29:21', '2021-12-22 14:44:56'),
(33, 3, 267, 'Sayu', '0868983309', 'kiz@gmail.com', 'files/candidate/61c3c143e0666-cv.pdf', NULL, 0, '2021-12-23 00:22:27', '2021-12-23 00:22:27'),
(34, 81, 214, 'Nguyễn Thái Hòa', '0837979839', 'hoak21aa@gmail.com', 'files/candidate/61c3c642d7ef5-Nguyen-Thai-Hoa-TopCV.vn-181221.131632.pdf', NULL, 0, '2021-12-23 00:43:46', '2021-12-23 00:43:46'),
(35, 81, 198, 'Nguyễn Thái Hòa', '0837979839', 'hoak21aa@gmail.com', 'files/candidate/61c3c68e789fd-Nguyen-Thai-Hoa-TopCV.vn-181221.131632.pdf', NULL, 2, '2021-12-23 00:45:02', '2021-12-23 00:48:13'),
(36, 89, 301, 'Trần Hữu Kiên', '+84868983309', 'tranhuukien.kiz@gmail.com', 'files/candidate/61c3cfcf33d36-cv.pdf', NULL, 3, '2021-12-23 01:24:31', '2021-12-23 01:28:32'),
(37, 89, 303, 'Kiên Trần', '+84868983309', 'tranhuukien.kiz@gmail.com', 'files/candidate/61c3d2cd2830b-cv.pdf', NULL, 1, '2021-12-23 01:37:17', '2021-12-23 01:37:36');

-- --------------------------------------------------------

--
-- Table structure for table `apply_detail`
--

CREATE TABLE `apply_detail` (
  `id` int(11) NOT NULL,
  `name` varchar(255) NOT NULL,
  `apply_id` int(11) NOT NULL,
  `created_at` timestamp NULL DEFAULT NULL,
  `updated_at` timestamp NULL DEFAULT NULL
) ENGINE=InnoDB DEFAULT CHARSET=utf8mb4;

--
-- Dumping data for table `apply_detail`
--

INSERT INTO `apply_detail` (`id`, `name`, `apply_id`, `created_at`, `updated_at`) VALUES
(28, 'Hẹn ngày ứng tuyển vào lúc 8h ngày 25/12. Mong bạn sẽ tham gia đúng giờ', 29, '2021-12-22 10:46:12', '2021-12-22 10:46:12'),
(45, 'tranhuukien', 29, '2021-12-22 12:23:59', '2021-12-22 12:23:59'),
(49, 'abc', 29, '2021-12-22 12:24:42', '2021-12-22 12:24:42'),
(50, 'anc', 29, '2021-12-22 12:24:46', '2021-12-22 12:24:46'),
(51, 'abc', 29, '2021-12-22 12:24:50', '2021-12-22 12:24:50'),
(52, 'abc', 29, '2021-12-22 12:24:53', '2021-12-22 12:24:53'),
(53, '12312312', 29, '2021-12-22 12:26:54', '2021-12-22 12:26:54'),
(54, 'Chào Võ', 30, '2021-12-22 12:36:48', '2021-12-22 12:36:48'),
(55, 'án', 29, '2021-12-22 12:38:21', '2021-12-22 12:38:21'),
(56, 'cacasc', 29, '2021-12-22 12:38:25', '2021-12-22 12:38:25'),
(57, 'ádcac', 29, '2021-12-22 12:38:28', '2021-12-22 12:38:28'),
(59, 'chúc mừng bạn đã qua vòng duyệt hồ sơ. Hẹn Bạn 8h sáng mai phỏng vấn', 30, '2021-12-22 13:57:39', '2021-12-22 13:57:39'),
(60, 'Chúc mừng bạn đã qua vòng xét tuyển hồ sơ', 31, '2021-12-22 14:33:25', '2021-12-22 14:33:25'),
(61, 'Vui lòng kiểm tra email và xác nhận về lịch hẹn phiorng vấn', 31, '2021-12-22 14:41:39', '2021-12-22 14:41:39'),
(62, 'Xác nhận phỏng vấn ngày 25-12 vào lúc 8h30', 31, '2021-12-22 14:43:09', '2021-12-22 14:43:09'),
(63, 'Chúc mừng bạn đã pass phỏng vấn.', 31, '2021-12-22 14:43:58', '2021-12-22 14:43:58'),
(64, 'Bắt đầu làm việc vào ngày 1-1-20202', 31, '2021-12-22 14:44:48', '2021-12-22 14:44:48'),
(66, 'Chúc mừng bạn. Hồ sơ của bạn đã được duyệt', 30, '2021-12-22 15:55:54', '2021-12-22 15:55:54'),
(67, 'Hay check mail để xác nhân ngày phỏng vấn', 30, '2021-12-22 15:56:30', '2021-12-22 15:56:30'),
(68, 'Bạn sẽ phỏng vấn vào ngày 25-12 vào hồi 8h', 30, '2021-12-22 15:57:45', '2021-12-22 15:57:45'),
(69, 'Chúc mừng bạn đã pass qua vòng phỏng vấn', 30, '2021-12-22 15:58:49', '2021-12-22 15:58:49'),
(70, 'hồ sờ của bạn đã được duyệt. vui chờ xác nhân lịch ophorng vấn', 30, '2021-12-23 00:25:20', '2021-12-23 00:25:20'),
(71, 'Hẹn ngày 25-12 phỏng vấn vào lúc 8h', 30, '2021-12-23 00:26:08', '2021-12-23 00:26:08'),
(72, 'chúc mừng bạn đã pass phỏng vấn', 30, '2021-12-23 00:26:26', '2021-12-23 00:26:26'),
(73, 'Chúc mừng bạn đã qua phần duyệt hồ sơ', 35, '2021-12-23 00:49:17', '2021-12-23 00:49:17'),
(74, 'hồ sơ của bạn đã dược duyệt. chờ mail xác nhân lịch phỏng vấn', 36, '2021-12-23 01:27:33', '2021-12-23 01:27:33'),
(75, 'Lịch phỏng vấn ngày 26-12 lúc 8h', 36, '2021-12-23 01:28:07', '2021-12-23 01:28:07'),
(76, 'chúc mừng bạn đã pass qua vòng phỏng vấn', 36, '2021-12-23 01:28:27', '2021-12-23 01:28:27'),
(77, 'Hồ sơ đã được duyệt', 37, '2021-12-23 01:37:50', '2021-12-23 01:37:50');

-- --------------------------------------------------------

--
-- Table structure for table `blogs`
--

CREATE TABLE `blogs` (
  `id` int(11) NOT NULL,
  `title` varchar(255) NOT NULL,
  `user_recruitment_id` int(11) NOT NULL,
  `image` varchar(255) DEFAULT NULL,
  `deadline` date NOT NULL,
  `detail` text NOT NULL,
  `slug` varchar(255) NOT NULL,
  `salary_min` double NOT NULL,
  `salary_max` double NOT NULL,
  `working_time` varchar(255) NOT NULL,
  `quantity` int(4) NOT NULL,
  `position` varchar(255) NOT NULL,
  `exp` varchar(255) NOT NULL,
  `gender` varchar(25) NOT NULL DEFAULT 'Tất cả',
  `created_at` timestamp NULL DEFAULT NULL,
  `updated_at` timestamp NULL DEFAULT NULL,
  `enable` tinyint(1) NOT NULL DEFAULT 0,
  `cate_id` int(11) NOT NULL,
  `location_id` int(11) NOT NULL
) ENGINE=InnoDB DEFAULT CHARSET=utf8mb4;

--
-- Dumping data for table `blogs`
--

INSERT INTO `blogs` (`id`, `title`, `user_recruitment_id`, `image`, `deadline`, `detail`, `slug`, `salary_min`, `salary_max`, `working_time`, `quantity`, `position`, `exp`, `gender`, `created_at`, `updated_at`, `enable`, `cate_id`, `location_id`) VALUES
(154, 'Lập trình viên PHP', 57, 'images/images/61c01c0aac32f-tu-vung-cong-nghe-thong-tin.jpg', '2021-12-31', '<h3>M&ocirc; tả c&ocirc;ng việc</h3>\r\n\r\n<p>- L&agrave;m việc về website PHP / Laravel/Angular</p>\r\n\r\n<p>- Tham gia nghi&ecirc;n cứu, x&acirc;y dựng ph&aacute;t triển website, phần mềm của c&ocirc;ng ty</p>\r\n\r\n<p>- X&acirc;y dựng, chỉnh sửa c&aacute;c website tr&ecirc;n nền tảng Laravel,Angular / PHP...</p>\r\n\r\n<p>- Xử l&yacute; lỗi v&agrave; tối ưu h&oacute;a vận h&agrave;nh cho c&aacute;c t&iacute;nh năng hiện c&oacute;.</p>\r\n\r\n<p>- C&ocirc;ng việc cụ thể trao đổi khi phỏng vấn</p>\r\n\r\n<p>- L&agrave;m việc nh&oacute;m với những lập tr&igrave;nh vi&ecirc;n PHP kh&aacute;c</p>\r\n\r\n<p>- Tối ưu sản phẩm, ứng dụng, website của kh&aacute;ch h&agrave;ng v&agrave; c&ocirc;ng ty.</p>\r\n\r\n<h3>Y&ecirc;u cầu ứng vi&ecirc;n</h3>\r\n\r\n<p>- Tốt nghiệp Đại học/Cao Đẳng chuy&ecirc;n ng&agrave;nh CNTT.</p>\r\n\r\n<p>- C&oacute; &iacute;t nhất 1 - 2 năm kinh nghiệm l&agrave;m việc với PHP.</p>\r\n\r\n<p>- C&oacute; kiến thức tốt về PHP, lập tr&igrave;nh hướng đối tượng, m&ocirc; h&igrave;nh MVC.</p>\r\n\r\n<p>- Th&agrave;nh thạo &nbsp;HTML, CSS, Javascript, jQuery.</p>\r\n\r\n<p>- Đọc, hiểu, viết tiếng Anh chuy&ecirc;n ng&agrave;nh tốt. Sử dụng th&agrave;nh thạo Tiếng Anh l&agrave; một lợi thế.</p>\r\n\r\n<p>- C&oacute; tinh thần học hỏi cao, năng động, s&aacute;ng tạo v&agrave; nhiệt t&igrave;nh trong c&ocirc;ng việc.</p>\r\n\r\n<p>- C&oacute; tr&aacute;ch nhiệm cao với c&ocirc;ng việc.</p>\r\n\r\n<p>- C&oacute; tư duy logic tốt, c&oacute; kỹ năng giải quyết vấn đề v&agrave; l&agrave;m việc trong m&ocirc;i trường &aacute;p lực cao.</p>\r\n\r\n<p>- Ưu ti&ecirc;n ứng vi&ecirc;n đ&atilde; c&oacute; kinh nghiệm với những thư viện, m&atilde; nguồn mở như Magento, Wordpress, Opencart, Prestashop,...</p>\r\n\r\n<h3>Quyền lợi</h3>\r\n\r\n<p>- Thưởng&nbsp;LINH HOẠT &amp; HẤP DẪN:Thưởng cuối năm cố định th&aacute;ng lương 13, 14,15 &nbsp;thưởng n&oacute;ng, thưởng kinh doanh tr&iacute;ch % lợi nhuận của team v&agrave; của cả c&ocirc;ng ty</p>\r\n\r\n<p>- Đ&oacute;ng BHXH v&agrave; c&aacute;c chế độ ph&uacute;c lợi theo quy định của Ph&aacute;p Luật sau khi k&yacute; hợp đồng ch&iacute;nh thức.</p>\r\n\r\n<p>- Tham gia kết nối, trải nghiệm cuộc sống v&agrave; c&ocirc;ng việc c&ugrave;ng những người trẻ tuổi v&agrave; c&oacute; những khao kh&aacute;t lớn trong việc x&acirc;y dựng sự nghiệp.</p>\r\n\r\n<p>- C&oacute; cơ hội được tham gia c&aacute;c buổi đ&agrave;o tạo to&agrave;n diện về kỹ năng mềm / kỹ năng chuy&ecirc;n m&ocirc;n tại c&ocirc;ng ty.</p>\r\n\r\n<p>- C&oacute; cơ hội học hỏi v&agrave; trải nghiệm ứng dụng c&aacute;c giải ph&aacute;p c&ocirc;ng nghệ v&agrave; quy tr&igrave;nh đang l&agrave; xu hướng.</p>\r\n\r\n<p>- Tham gia v&agrave;o c&aacute;c hoạt động team building, du lịch h&agrave;ng năm của c&ocirc;ng ty.</p>\r\n\r\n<p>- Cơ hội nghề nghiệp ổn định l&acirc;u d&agrave;i, lộ tr&igrave;nh thăng tiến cao, r&otilde; r&agrave;ng.</p>\r\n\r\n<p>- Tăng lương, x&eacute;t thưởng dựa tr&ecirc;n năng lực, hiệu quả c&ocirc;ng việc. (Kh&ocirc;ng cần mất 6 th&aacute;ng hay 1 năm cho 1 đợt x&eacute;t tăng lương).</p>\r\n\r\n<p>- Tặng qu&agrave; v&agrave;o c&aacute;c dịp sinh nhật, lễ Tết.</p>\r\n\r\n<p>THỜI GIAN L&Agrave;M VIỆC:</p>\r\n\r\n<p>(S&aacute;ng: 8h-12h; chiều:13h30 &ndash; 17h30).</p>', 'lap-trinh-vien-php', 10000000, 25000000, 'Full time', 5, 'Nhân viên', 'Trên 1 năm', '1', '2021-12-13 15:46:52', '2021-12-20 06:00:42', 1, 4, 1),
(155, 'Lập trình viên Java', 57, 'images/images/61c01bfd94ac0-tu-vung-cong-nghe-thong-tin.jpg', '2021-12-25', '<h3>M&ocirc; tả c&ocirc;ng việc</h3>\r\n\r\n<p>&bull; Thực hiện c&aacute;c c&ocirc;ng việc của một Lập tr&igrave;nh vi&ecirc;n</p>\r\n\r\n<p>&bull; Ph&aacute;t triển c&aacute;c ứng dụng tr&ecirc;n nền tảng Java</p>\r\n\r\n<p>&bull; Lập tr&igrave;nh ph&aacute;t triển theo y&ecirc;u cầu của dự &aacute;n.</p>\r\n\r\n<h3>Y&ecirc;u cầu ứng vi&ecirc;n</h3>\r\n\r\n<p>&bull; Tốt nghiệp chuy&ecirc;n ng&agrave;nh CNTT, điện tử viễn th&ocirc;ng hoặc tương đương</p>\r\n\r\n<p>&bull; C&oacute; kinh nghiệm lập tr&igrave;nh Java (Java Core, JSP, Servlets, Java Script).</p>\r\n\r\n<p>&bull; Th&agrave;nh thạo HTML, CSS, javascript.</p>\r\n\r\n<p>&bull; Ưu ti&ecirc;n c&oacute; kinh nghiệm về SQL v&agrave; cơ sở dữ liệu Oracle</p>\r\n\r\n<p>&bull; C&oacute; khả năng th&iacute;ch ứng nhanh với c&ocirc;ng việc, với c&aacute;c kỹ thuật mới.</p>\r\n\r\n<p>&bull; Ham học hỏi, khả năng l&agrave;m việc độc lập v&agrave; l&agrave;m việc nh&oacute;m, chịu được &aacute;p lực c&ocirc;ng việc.</p>\r\n\r\n<p>&bull; C&oacute; thể đi l&agrave;m ngay.</p>\r\n\r\n<h3>Quyền lợi</h3>\r\n\r\n<p>- L&agrave;m việc trong m&ocirc;i trường năng động, chuy&ecirc;n nghiệp c&oacute; nhiều cơ hội thăng tiến.<br />\r\n- Được đ&oacute;ng BHXH, BHYT, BHTN.<br />\r\n- Được hưởng c&aacute;c ch&iacute;nh s&aacute;ch ph&uacute;c lợi theo quy định của c&ocirc;ng ty.</p>\r\n\r\n<p>&bull;&nbsp; Lương thỏa thuận<br />\r\n&bull; Thưởng:</p>\r\n\r\n<p>o Thưởng theo năng lực v&agrave; doanh số</p>\r\n\r\n<p>o Th&aacute;ng lương thứ 13</p>\r\n\r\n<p>o Thưởng cuối năm theo kết quả c&ocirc;ng việc của c&aacute; nh&acirc;n, bộ phận v&agrave; c&aacute;c ng&agrave;y Lễ theo quy định của C&ocirc;ng ty</p>\r\n\r\n<p>o Thưởng v&agrave;o c&aacute;c ng&agrave;y nghỉ lễ</p>\r\n\r\n<p>o Thưởng dự &aacute;n</p>\r\n\r\n<p>&nbsp;</p>', 'lap-trinh-vien-java', 3000000, 5000000, 'Full time', 3, 'Nhân viên', 'Dưới 1 năm', '1', '2021-12-13 15:49:39', '2021-12-20 06:00:29', 1, 4, 1),
(158, 'Thực tập sinh php', 59, 'images/images/61bd9d2ef35c9-php.jpg', '2021-12-31', '<h3>M&ocirc; tả c&ocirc;ng việc</h3>\r\n\r\n<p>- Chương tr&igrave;nh tuyển dụng thực tập sinh</p>\r\n\r\n<p>&bull; Giai đoạn 1: Đ&agrave;o tạo kiến thức cơ bản về lập tr&igrave;nh</p>\r\n\r\n<p>&bull; Giai đoạn 2: Đ&agrave;o tạo chuy&ecirc;n s&acirc;u về một trong c&aacute;c framework được sử dụng để x&acirc;y dựng v&agrave; ph&aacute;t triển c&aacute;c ứng dụng</p>\r\n\r\n<p>&bull; Giai đoạn 3: Tham gia v&agrave;o c&aacute;c dự &aacute;n thực tế của c&ocirc;ng ty gồm c&aacute;c c&ocirc;ng việc của một thực tập sinh trong dự &aacute;n:</p>\r\n\r\n<p>- Ph&aacute;t triển chức năng từ đơn giản đến phức tạp</p>\r\n\r\n<p>- Ph&aacute;t triển c&aacute;c kỹ năng l&agrave;m việc nh&oacute;m, c&aacute;c kỹ năng trao đổi v&agrave; ph&acirc;n t&iacute;ch y&ecirc;u cầu</p>\r\n\r\n<p>- Được reiview code bởi c&aacute;c kỹ sư c&oacute; kinh nghiệm gi&uacute;p ph&aacute;t triển c&aacute;c kỹ năng code.</p>\r\n\r\n<p>&nbsp;</p>\r\n\r\n<h3>Y&ecirc;u cầu ứng vi&ecirc;n</h3>\r\n\r\n<p>&nbsp;</p>\r\n\r\n<p>&bull; Sinh vi&ecirc;n năm tư đang theo học ng&agrave;nh c&ocirc;ng nghệ th&ocirc;ng tin hoặc tương đương</p>\r\n\r\n<p>&bull; C&oacute; định hướng v&agrave; y&ecirc;u th&iacute;ch, đam m&ecirc; lập tr&igrave;nh</p>\r\n\r\n<p>&bull; Khả năng tư duy, t&igrave;m t&ograve;i, học hỏi nhanh, l&agrave;m việc độc lập, chủ động trong c&ocirc;ng việc</p>\r\n\r\n<h3>Quyền lợi</h3>\r\n\r\n<p>&bull; Được l&agrave;m việc trong m&ocirc;i trường chuy&ecirc;n nghiệp, năng động, s&aacute;ng tạo.</p>\r\n\r\n<p>&bull; C&oacute; cơ hội được học hỏi v&agrave; l&agrave;m việc với những con người năng động, nhiệt huyết, gi&agrave;u kinh nghiệm.</p>\r\n\r\n<p>&bull; C&oacute; cơ hội tham gia c&aacute;c dự &aacute;n thực tế của C&ocirc;ng ty</p>\r\n\r\n<p>&bull; Được cung cấp c&aacute;c kiến thức v&agrave; kỹ năng l&agrave;m việc chuy&ecirc;n nghiệp.</p>\r\n\r\n<p>&bull; Được trợ cấp thực tập theo Level, trợ cấp ăn trưa, gửi xe.</p>\r\n\r\n<p>&bull; C&oacute; nhiều cơ hội trở th&agrave;nh nh&acirc;n vi&ecirc;n ch&iacute;nh thức của C&ocirc;ng ty.</p>\r\n\r\n<p>&bull; X&aacute;c nhận v&agrave; nhận x&eacute;t tốt khi ho&agrave;n th&agrave;nh nhiệm vụ được ph&acirc;n c&ocirc;ng khi hướng dẫn thực tập.</p>', 'thuc-tap-sinh-php', 1000000, 3000000, 'Full time,Part time', 5, 'Nhân viên', 'Không yêu cầu', '1', '2021-12-17 13:56:04', '2021-12-18 08:34:55', 1, 4, 1),
(163, 'Lập trinh viên PHP(Wordpress)', 57, 'images/images/61c01beff169e-hinh-nen-powerpoint-cong-nghe-thong-tin-258354ae13b87b_82d8a90ed39cc54817a4dde8cd978b6a.jpg', '2021-12-21', '<h3>M&ocirc; tả c&ocirc;ng việc</h3>\r\n\r\n<p>- Tham gia team Marketing, Content v&agrave; Designer x&acirc;y dựng Website ph&ograve;ng kh&aacute;m.</p>\r\n\r\n<p>- Lập tr&igrave;nh t&iacute;nh năng cho Website v&agrave; website e-commerce.</p>\r\n\r\n<p>- X&acirc;y dựng Landing page, Website, Form tương t&aacute;c với bệnh nh&acirc;n.</p>\r\n\r\n<p>- Lập tr&igrave;nh API tương t&aacute;c với hệ thống nội bộ, b&ecirc;n thứ 3 như (Google, Facebook...)</p>\r\n\r\n<p>- Tối ưu h&oacute;a Website chuẩn SEO, tối ưu hiệu suất cho Website, AMP...</p>\r\n\r\n<h3>Y&ecirc;u cầu ứng vi&ecirc;n</h3>\r\n\r\n<p>- C&oacute; khả năng cấu h&igrave;nh, lập tr&igrave;nh t&iacute;nh năng tương t&aacute;c với c&aacute;c c&ocirc;ng cụ đo lường chỉ số Marketing: Facebook Pixel, Google Tag Management, Google Analytics &hellip;</p>\r\n\r\n<p>- Th&agrave;nh thạo PHP/MySQL, HTML &amp; CSS, Javascript &amp; Ajax.</p>\r\n\r\n<p>- C&oacute; kiến thức/kinh nghiệm về ứng dụng UI/UX trong thiết kế Web.</p>\r\n\r\n<p>- Th&agrave;nh thạo lập tr&igrave;nh theme WordPress/plugin WordPress.</p>\r\n\r\n<p>- Đam m&ecirc; viết Function mới thay v&igrave; sử dụng plugin c&oacute; sẵn.</p>\r\n\r\n<p>- Hiểu biết cơ bản về SEO.</p>\r\n\r\n<p>- Hiểu biết s&acirc;u về API.</p>\r\n\r\n<p>- Độ ho&agrave;n thiện v&agrave; t&iacute;nh chỉn chu cao.</p>\r\n\r\n<p>- Tự trao dồi v&agrave; đam m&ecirc; học hỏi c&aacute;c c&ocirc;ng nghệ mới để hỗ trợ team v&agrave; c&ocirc;ng việc.</p>\r\n\r\n<p>- Tận t&acirc;m, nhiệt t&igrave;nh v&agrave; c&oacute; tr&aacute;ch nhiệm cao với c&ocirc;ng việc.</p>\r\n\r\n<p>- Kinh nghiệm l&agrave;m việc hơn 2 năm.</p>\r\n\r\n<h3>Quyền lợi</h3>\r\n\r\n<p>- Mức lương cạnh tranh: từ 15 &ndash; 20tr</p>\r\n\r\n<p>- L&agrave;m việc từ Thứ 2 tới Thứ 7 (Chủ nhật Nghỉ). S&aacute;ng 8h30 - 12h, Chiều 13h - 17h30.</p>\r\n\r\n<p>- L&agrave; c&ocirc;ng ty khởi nghiệp năng động v&agrave; tr&agrave;n đầy nhiệt huyết, kh&aacute;t vọng tạo ra c&aacute;ch mạng y tế cho người d&acirc;n.</p>\r\n\r\n<p>- L&agrave;m việc trong m&ocirc;i trường y đức mang lại sự hạnh ph&uacute;c cho người bệnh nh&acirc;n.</p>\r\n\r\n<p>- Nh&acirc;n sự được kh&aacute;m miễn ph&iacute; tại ph&ograve;ng kh&aacute;m.</p>\r\n\r\n<p>- Chế độ hỗ trợ sức khỏe cho Ba &amp; Mẹ.</p>\r\n\r\n<p>- Chế độ sức khỏe cho con c&aacute;i.</p>\r\n\r\n<p>- Chế độ bảo hiểm: BHXH, BHYT, BHTN.</p>\r\n\r\n<p>- Team Building h&agrave;ng năm.</p>\r\n\r\n<p>- Chế độ lương, thưởng th&aacute;ng 13.</p>\r\n\r\n<p>- Cơ hội thăng tiến r&otilde; r&agrave;ng v&agrave; minh bạch.</p>\r\n\r\n<p>- Nghỉ ph&eacute;p năm theo qui định.</p>\r\n\r\n<p>&nbsp;</p>', 'lap-trinh-vien-phpwordpress', 15000000, 20000000, 'Full time', 1, 'Nhân viên', 'Không yêu cầu', '1', '2021-12-18 01:32:57', '2021-12-20 06:00:15', 1, 4, 79),
(164, 'Lập trình viên PHP (Fresher)', 57, 'images/images/61c01be4790ba-tu-vung-cong-nghe-thong-tin-1-700x366.jpg', '2022-01-01', '<h3>M&ocirc; tả c&ocirc;ng việc</h3>\r\n\r\n<p>- Lập tr&igrave;nh web tr&ecirc;n nền tảng PHP, MYSQL</p>\r\n\r\n<p>- Tham gia ph&aacute;t triển, bảo tr&igrave;, triển khai hệ thống CRM của c&ocirc;ng ty.</p>\r\n\r\n<p>- Tham gia thiết kế, ph&aacute;t triển sản phẩm phần mềm Marketing của c&ocirc;ng ty, cung cấp cho kh&aacute;ch h&agrave;ng doanh nghiệp.</p>\r\n\r\n<p>- Đọc hiểu c&aacute;c t&agrave;i liệu m&ocirc; tả y&ecirc;u cầu người d&ugrave;ng.</p>\r\n\r\n<p>- Tham gia thiết kế v&agrave; viết c&aacute;c t&agrave;i liệu thiết kế chi tiết</p>\r\n\r\n<p>- Phối hợp với th&agrave;nh vi&ecirc;n nh&oacute;m dự &aacute;n, nh&oacute;m BA, Test, kh&aacute;ch h&agrave;ng triển khai dự &aacute;n</p>\r\n\r\n<h3>Y&ecirc;u cầu ứng vi&ecirc;n</h3>\r\n\r\n<p>- Tốt nghiệp CĐ/ĐH Ch&iacute;nh quy chuy&ecirc;n ng&agrave;nh CNTT hoặc c&aacute;c ng&agrave;nh li&ecirc;n quan</p>\r\n\r\n<p>-&nbsp;Ứng vi&ecirc;n c&oacute; kinh nghiệm từ 6 &nbsp;th&aacute;ng &nbsp;l&agrave;m về PHP,&nbsp;c&oacute; sự đam m&ecirc; về ph&aacute;t triển sản phẩm.</p>\r\n\r\n<p>- C&oacute; kiến thức nền tảng về database, căn bản lập tr&igrave;nh.</p>\r\n\r\n<p>- C&oacute; khả năng lập tr&igrave;nh với PHP, Phalcon (hoặc c&aacute;c FW tương tự: Laravel, Symfony, CI, Zend, Yii).</p>\r\n\r\n<p>- C&oacute; khả năng lập tr&igrave;nh với Html, Css, Javascript</p>\r\n\r\n<p>- Đ&atilde; l&agrave;m việc với 1 trong c&aacute;c CSDL như MySQL, SQL Server, PostgreSQL. MongoDB</p>\r\n\r\n<h3>Quyền lợi</h3>\r\n\r\n<p>- Lương: từ 8 -15 &nbsp;triệu</p>\r\n\r\n<p>- Phụ cấp: ăn trưa (30k/ng&agrave;y đi l&agrave;m), gửi xe.</p>\r\n\r\n<p>- Thời gian l&agrave;m việc: 8-17h30 (nghỉ trưa 1h30) từ thứ 2- thứ 6 v&agrave; 02 thứ 7/th&aacute;ng</p>\r\n\r\n<p>- L&agrave;m việc trong m&ocirc;i trường chuy&ecirc;n nghiệp, năng động, nhiều cơ hội học tập v&agrave; ph&aacute;t triển.</p>\r\n\r\n<p>- Định hướng v&agrave; đ&agrave;o tạo để trờ th&agrave;nh Key member/ Senior Developer</p>\r\n\r\n<p>- Du lịch với c&ocirc;ng ty hằng năm</p>\r\n\r\n<p>- Tham gia c&aacute;c hoạt động văn nghệ, thể thao c&ugrave;ng c&ocirc;ng ty.</p>\r\n\r\n<p>- Thưởng th&aacute;ng 13 (1-2 th&aacute;ng lương), sinh nhật, tết dương, quốc kh&aacute;nh, 30/04, 01/05, ,&hellip;</p>\r\n\r\n<p>- Đ&aacute;nh gi&aacute; năng lưc v&agrave; review 6 th&aacute;ng 1 lần</p>', 'lap-trinh-vien-php-fresher', 8000000, 15000000, 'Full time', 1, 'Nhân viên', 'Dưới 1 năm', '1', '2021-12-18 01:35:15', '2021-12-20 06:00:04', 1, 4, 1),
(165, 'Back-End Developer', 57, 'images/images/61c01bd86764a-3d765325ae135e1fcc4b3d1e130f794b.jpg', '2022-01-16', '<h3>M&ocirc; tả c&ocirc;ng việc</h3>\r\n\r\n<p>-&nbsp; Thiết kế hệ thống v&agrave; chương tr&igrave;nh đ&aacute;p ứng nhu cầu kinh doanh. Chuẩn bị đặc tả chi tiết c&aacute;c chương tr&igrave;nh sẽ lập tr&igrave;nh. Đảm bảo chương tr&igrave;nh đạt ti&ecirc;u chuẩn chất lượng v&agrave; đặc tả kỹ thuật.</p>\r\n\r\n<p>-&nbsp; Sử dụng cơ sở dữ liệu quan hệ để lập tr&igrave;nh phần mềm.</p>\r\n\r\n<p>-&nbsp; T&igrave;m hiểu v&agrave; ph&acirc;n t&iacute;ch hệ thống hiện c&oacute; theo y&ecirc;u cầu của cấp tr&ecirc;n.</p>\r\n\r\n<p>-&nbsp; Thiết kế v&agrave; cải tiến chương tr&igrave;nh</p>\r\n\r\n<p>-&nbsp; X&acirc;y dựng kế hoạch chạy thử để kiểm tra t&iacute;nh đ&uacute;ng đắn của c&aacute;c chương tr&igrave;nh chỉnh sửa. X&aacute;c định được c&aacute;c sự cố.</p>\r\n\r\n<p>-&nbsp; Tạo t&agrave;i liệu li&ecirc;n quan như m&atilde; nguồn, t&agrave;i liệu kĩ thuật.</p>\r\n\r\n<p>-&nbsp; &nbsp;Thực hiện một số c&ocirc;ng việc kh&aacute;c theo sự ph&acirc;n c&ocirc;ng của cấp tr&ecirc;n.</p>\r\n\r\n<h3>Y&ecirc;u cầu ứng vi&ecirc;n</h3>\r\n\r\n<p>- Tốt nghiệp Cao đẳng/ Đại học chuy&ecirc;n ng&agrave;nh Hệ thống th&ocirc;ng tin quản l&yacute;, C&ocirc;ng nghệ phần mềm, C&ocirc;ng nghệ th&ocirc;ng tin hoặc c&aacute;c chuy&ecirc;n ng&agrave;nh c&oacute; li&ecirc;n quan.</p>\r\n\r\n<p>&nbsp;-&nbsp; C&oacute; kinh nghiệm &iacute;t nhất 1 năm về languages về platforms:</p>\r\n\r\n<p>- Front-end: React, ReactJS, React Native.</p>\r\n\r\n<p>- Back-end: Java, Spring Boot</p>\r\n\r\n<p>- Database: MySQL, MS SQL Server, Oracle.</p>\r\n\r\n<p>-&nbsp; C&oacute; khả năng đọc hiểu t&agrave;i liệu tiếng Anh chuy&ecirc;n ng&agrave;nh.</p>\r\n\r\n<p>- Chủ động l&agrave;m việc độc lập, khả năng phối hợp theo nh&oacute;m.</p>\r\n\r\n<p>- Phỏng vấn trước tết, nhận việc sau Tết</p>\r\n\r\n<p>- Thưởng khi nhận việc lu&ocirc;n</p>\r\n\r\n<p>- Được cập nhật v&agrave; sử dụng c&aacute;c c&ocirc;ng nghệ mới nhất;</p>\r\n\r\n<p>- Được đ&agrave;o tạo, hướng dẫn c&aacute;c kỹ năng nghiệp vụ (On-job training)</p>\r\n\r\n<p>- Thời gian l&agrave;m việc: 9:00-18:00 (Nghỉ trưa 1 tiếng), từ thứ Hai đến thứ S&aacute;u. Thời gian l&agrave;m việc c&oacute; thể linh hoạt, quản l&yacute; theo hiệu suất c&ocirc;ng việc</p>\r\n\r\n<h3>Quyền lợi</h3>\r\n\r\n<p>- Lương th&aacute;ng 13 đầy đủ, c&aacute;c khoản tiền thưởng kh&aacute;c dựa tr&ecirc;n hiệu suất</p>\r\n\r\n<p>- C&aacute;c hoạt động x&acirc;y dựng đội nh&oacute;m, du lịch c&ocirc;ng ty</p>\r\n\r\n<p>- Kh&ocirc;ng bắt buộc đồng phục, thoải m&aacute;i, linh động trong lựa chọn trang phục.</p>\r\n\r\n<p>- Khu vực thức ăn nhẹ với đồ ăn nhẹ v&agrave; đồ uống kh&aacute;c.</p>\r\n\r\n<p>- B&atilde;i đậu xe miễn ph&iacute;.</p>', 'back-end-developer', 18000000, 25000000, 'Full time', 1, 'Nhân viên', 'Trên 1 năm', '1', '2021-12-18 01:42:25', '2021-12-20 05:59:52', 1, 4, 79),
(166, 'Lập trình viên Asp.Net', 57, 'images/images/61c01bcc24822-cong-nghe-thong-tin-la-gi-tn.jpg', '2021-12-31', '<h3>M&ocirc; tả c&ocirc;ng việc</h3>\r\n\r\n<p>- Thiết kế, đặc tả chi tiết giải ph&aacute;p phần mềm</p>\r\n\r\n<p>- Viết code, t&iacute;ch hợp, triển khai c&aacute;c t&iacute;nh năng hoặc hệ thống</p>\r\n\r\n<p>- Kiểm tra chức năng theo kịch bản kiểm thử v&agrave; sửa lỗi</p>\r\n\r\n<h3>Y&ecirc;u cầu ứng vi&ecirc;n</h3>\r\n\r\n<p>- Tối thiểu 2 năm kinh nghiệm . Net với . Net core, ASP .Net&nbsp;</p>\r\n\r\n<p>- Th&agrave;nh thạo HTML, Java script/Jquery, CSS, bootstrap</p>\r\n\r\n<p>- Ưu ti&ecirc;n c&oacute; kinh nghiệm l&agrave;m việc với Web API</p>\r\n\r\n<p>- Nắm được nguy&ecirc;n l&yacute; OOP v&agrave; c&aacute;c Design patterns</p>\r\n\r\n<p>- Th&agrave;nh thạo SQL, ưu ti&ecirc;n kinh nghiệm l&agrave;m với NoSQL</p>\r\n\r\n<p>- Tư duy lập tr&igrave;nh tốt, kĩ năng giải quyết vấn đề tốt</p>\r\n\r\n<h3>Quyền lợi</h3>\r\n\r\n<p>- Middle: Lương từ 15tr</p>\r\n\r\n<p>- Xem x&eacute;t điều chỉnh lương cứng 2 lần/năm</p>\r\n\r\n<p>- L&agrave;m việc tại c&ocirc;ng ty, quy tr&igrave;nh l&agrave;m việc b&agrave;i bản, thời gian l&agrave;m việc flexible</p>\r\n\r\n<p>- Lộ tr&igrave;nh thăng tiến rộng mở theo hướng quản l&yacute; hoặc hướng chuy&ecirc;n gia: Cơ hội trở th&agrave;nh / Dev Lead / PM &nbsp;sau 6 th&aacute;ng &ndash; 1 năm</p>', 'lap-trinh-vien-aspnet', 15000000, 20000000, 'Full time', 2, 'Nhân viên', 'Trên 3 năm', '1', '2021-12-18 02:47:44', '2021-12-20 05:59:40', 1, 4, 79),
(167, 'Frontend Developer (Reactjs,Javascript)', 57, 'images/images/61c01bc18533c-imager_77660.jpg', '2022-01-31', '<h3>M&ocirc; tả c&ocirc;ng việc</h3>\r\n\r\n<p>&bull; Tham gia x&acirc;y dựng, ph&aacute;t triển frontend v&agrave; tối ưu cho c&aacute;c hệ thống Fintech với xử l&yacute; dữ liệu lớn, hiệu năng cao&nbsp;<br />\r\n&bull; Tham gia nghi&ecirc;n cứu giải ph&aacute;p v&agrave; &aacute;p dụng c&aacute;c c&ocirc;ng nghệ mới nhanh ch&oacute;ng<br />\r\n&bull; Hỗ trợ c&aacute;c th&agrave;nh vi&ecirc;n ph&aacute;t triển c&aacute;c module phức tạp</p>\r\n\r\n<h3>Y&ecirc;u cầu ứng vi&ecirc;n</h3>\r\n\r\n<p>&bull; C&oacute; &iacute;t nhất 1 năm kinh nghiệm ở vị tr&iacute; tương đương.&nbsp;<br />\r\n&bull; Sử dụng React stack (ReactJS, Redux, State Management, Functional Programming, Component types, modules, &hellip;)<br />\r\n&bull; Th&agrave;nh thạo Java Script, HTML5/HTML/CSS/CSS3, Bootstrap, SASS.<br />\r\n&bull; Hiểu r&otilde; core của JavaScript v&agrave; biết c&aacute;ch vận dụng OOP practice v&agrave;o JavaScript.<br />\r\n&bull; C&oacute; kiến thức về MVVM (model-view-view-model) trong JavaScript l&agrave; 1 lợi thế.<br />\r\n&bull; C&oacute; kinh nghiệm l&agrave;m việc với Responsive Web Design, RESTful API<br />\r\n&bull; C&oacute; kinh nghiệm l&agrave;m c&aacute;c dự &aacute;n tr&ecirc;n nền tảng AngularJS, ReactJS, NodeJS l&agrave; một lợi thế<br />\r\n&bull; C&oacute; kinh nghiệm về UI-UX l&agrave; 1 lợi thế<br />\r\n&bull; Teamwork tốt để hỗ trợ c&aacute;c th&agrave;nh vi&ecirc;n kh&aacute;c trong team&nbsp;<br />\r\n&bull; C&oacute; niềm đam m&ecirc; kh&aacute;m ph&aacute;, học hỏi c&ocirc;ng nghệ mới.&nbsp;</p>\r\n\r\n<h3>Quyền lợi</h3>\r\n\r\n<p><br />\r\n&bull; Lương khởi điểm hấp dẫn<br />\r\n&bull; X&eacute;t tăng lương 2 lần/năm dựa tr&ecirc;n hiệu quả c&ocirc;ng việc.<br />\r\n&bull; Hưởng đầy đủ c&aacute;c chế độ bảo hiểm v&agrave; được c&ocirc;ng ty hỗ trợ ho&agrave;n to&agrave;n chi ph&iacute; g&oacute;i BH sức khỏe cao cấp.<br />\r\n&bull; Được tặng qu&agrave;, thăm hỏi nh&acirc;n c&aacute;c dịp sinh nhật, cưới hỏi, hiếu hỉ, ốm đau&hellip;<br />\r\n&bull; L&agrave;m việc trong m&ocirc;i trường hiện đại, trẻ trung, văn h&oacute;a mở với nhiều hoạt động văn h&oacute;a tinh thần: du lịch, nghỉ dưỡng, party sự kiện&hellip;<br />\r\n&bull; L&agrave;m việc từ T2-T6, nghỉ T7, CN, Lễ Tết v&agrave; một số ng&agrave;y nghỉ đặc biệt kh&aacute;c<br />\r\n&bull; Cơ hội tiếp cận v&agrave; học hỏi c&ocirc;ng nghệ ti&ecirc;n tiến; được l&agrave;m việc v&agrave; training với những đồng nghiệp c&oacute; nhiều năm kinh nghiệm l&agrave;m việc với c&aacute;c hệ thống lớn.<br />\r\n&bull; Được trau dồi kiến thức khi được t&igrave;m hiểu v&agrave; tham gia c&aacute;c dự &aacute;n lớn trong lĩnh vực Fintech v&agrave; E-commerce.<br />\r\n&bull; Được hỗ trợ chi ph&iacute; học tập, thi c&aacute;c chứng chỉ chuy&ecirc;n m&ocirc;n; đồng thời n&acirc;ng cao chuy&ecirc;n m&ocirc;n v&agrave; kỹ năng mềm với c&aacute;c buổi seminar kỹ thuật, hội thảo kỹ năng tổ chức thường xuy&ecirc;n tại c&ocirc;ng ty.<br />\r\n&bull; Được tạo cơ hội ph&aacute;t triển thế mạnh của bản th&acirc;n c&ugrave;ng nhiều cơ hội thăng tiến trong c&ocirc;ng ty</p>', 'frontend-developer-reactjsjavascript', 18000000, 50000000, 'Full time', 5, 'Nhân viên', 'Trên 1 năm', '1', '2021-12-18 02:51:28', '2021-12-20 05:59:29', 1, 4, 1),
(170, 'Fresher PHP Developer', 57, 'images/images/61c01b8ca2b9a-tu-vung-cong-nghe-thong-tin.jpg', '2022-01-14', '<h3>M&ocirc; tả c&ocirc;ng việc</h3>\r\n\r\n<ul>\r\n	<li>Tham gia v&agrave;o c&aacute;c dự &aacute;n ph&aacute;t triển phần mềm từ c&aacute;c kh&aacute;ch h&agrave;ng của c&ocirc;ng ty sau qu&aacute; tr&igrave;nh đ&agrave;o tạo</li>\r\n	<li>Nghi&ecirc;n cứu ph&aacute;t triển c&ocirc;ng nghệ mới</li>\r\n	<li>Thực hiện c&aacute;c task theo y&ecirc;u cầu&nbsp;</li>\r\n</ul>\r\n\r\n<h3>Y&ecirc;u cầu ứng vi&ecirc;n</h3>\r\n\r\n<ul>\r\n	<li>L&agrave; sinh vi&ecirc;n năm cuối hoặc đ&atilde; tốt nghiệp chuy&ecirc;n ng&agrave;nh CNTT, C&ocirc;ng ngh&ecirc;̣ ph&acirc;̀n m&ecirc;̀m, Khoa học máy tính,&hellip;tại c&aacute;c trường Đại Học. Sinh vi&ecirc;n tại c&aacute;c trung t&acirc;m đ&agrave;o tạo lập tr&igrave;nh</li>\r\n	<li>Nắm vững kiến thức về lập tr&igrave;nh v&agrave; mong muốn ph&aacute;t triển ở ng&ocirc;n ngữ: PHP</li>\r\n	<li>Đi làm được Full time (Thứ 2 &ndash; Thứ 6).</li>\r\n	<li>Y&ecirc;u th&iacute;ch c&ocirc;ng việc lập tr&igrave;nh, c&oacute; tư duy logic tốt, th&aacute;i độ cầu tiến, ham học hỏi, c&oacute; khả năng tự học.</li>\r\n	<li>Đ&atilde; tham gia l&agrave;m đồ &aacute;n tại trường/ dự &aacute;n nh&oacute;m/ c&aacute;c dự &aacute;n thực tế</li>\r\n	<li>C&oacute; kinh nghiệm thực tập tại c&aacute;c c&ocirc;ng ty IT</li>\r\n	<li>C&oacute; ngoại ngữ tiếng Anh hoặc tiếng Nhật</li>\r\n	<li>C&oacute; th&agrave;nh t&iacute;ch học tập nổi bật, đạt giải trong c&aacute;c cuộc thi c&oacute; li&ecirc;n quan đến lập tr&igrave;nh,....</li>\r\n</ul>\r\n\r\n<h3>Quyền lợi</h3>\r\n\r\n<ul>\r\n	<li>Tham gia chương tr&igrave;nh đ&agrave;o tạo Fresher tại HBLAB, bạn sẽ được trải nghiệm lộ tr&igrave;nh đ&agrave;o tạo b&agrave;i bản c&ugrave;ng cơ hội tham gia dự &aacute;n thực tế:</li>\r\n	<li>&nbsp;Đ&agrave;o tạo kỹ năng chuy&ecirc;n m&ocirc;n, được tối ưu ho&aacute; ph&ugrave; hợp với m&ocirc;i trường c&ocirc;ng ty, dưới sự đồng h&agrave;nh của instructor v&agrave; c&aacute;c huấn luyện vi&ecirc;n chuy&ecirc;n m&ocirc;n.</li>\r\n	<li>&nbsp;Đ&agrave;o tạo kỹ năng mềm: kỹ năng giao tiếp, thuyết tr&igrave;nh, kỹ năng l&ecirc;n kế hoạch v&agrave; giải quyết vấn đề, kỹ năng tư duy, v.v..</li>\r\n	<li>&nbsp;Đ&agrave;o tạo t&aacute;c phong, ứng xử v&agrave; quy c&aacute;ch l&agrave;m việc trong team dự &aacute;n mang đặc th&ugrave; Nhật Bản.</li>\r\n	<li>Trợ cấp đ&agrave;o tạo l&ecirc;n tới 5tr/học vi&ecirc;n</li>\r\n	<li>Sau kho&aacute; đ&agrave;o tạo sẽ được tuyển lựa về trực tiếp c&aacute;c bộ phận sản xuất, trực tiếp tham gia ph&aacute;t triển những dự &aacute;n lớn từ kh&aacute;ch h&agrave;ng Nhật, được l&agrave;m việc, học hỏi v&agrave; ph&aacute;t triển c&ugrave;ng đồng nghiệp l&agrave; những kỹ sư trẻ t&agrave;i năng, đầy đam m&ecirc; v&agrave; nhiệt huyết</li>\r\n	<li>Mức lương upto 10tr sau đ&agrave;o tạo + thưởng hiệu suất c&ocirc;ng việc v&agrave; hưởng đầy đủ chế độ quyền lợi</li>\r\n	<li>Cơ hội l&agrave;m việc tại Nhật Bản</li>\r\n	<li>L&agrave;m việc c&ugrave;ng những đồng nghiệp trẻ t&agrave;i năng, đầy đam m&ecirc; v&agrave; nhiệt huyết.</li>\r\n	<li>M&ocirc;i trường thoải m&aacute;i, năng động, chuy&ecirc;n nghiệp</li>\r\n	<li>L&atilde;nh đạo quan t&acirc;m mọi mặt tới nh&acirc;n vi&ecirc;n</li>\r\n	<li>Được tư vấn v&agrave; định hướng về career-path r&otilde; r&agrave;ng.</li>\r\n	<li>Được chăm lo đ&agrave;o tạo kỹ năng mềm, c&aacute;c kỹ năng quản l&yacute; dự &aacute;n, quản l&yacute; chất lượng.</li>\r\n	<li>Cơ hội tiếp cận v&agrave; nắm bắt c&aacute;c xu hướng c&ocirc;ng nghệ (AI, IoT, VR, AR &hellip;).</li>\r\n</ul>', 'fresher-php-developer', 2000000, 5000000, 'Part time', 50, 'Nhân viên', 'Không yêu cầu', '1', '2021-12-18 05:40:55', '2021-12-20 05:58:36', 1, 4, 1),
(172, 'Tester /QC (Junior)', 57, 'images/images/61c01b812eeb7-hinh-nen-powerpoint-cong-nghe-thong-tin-258354ae13b87b_82d8a90ed39cc54817a4dde8cd978b6a.jpg', '2021-12-31', '<h3>M&ocirc; tả c&ocirc;ng việc</h3>\r\n\r\n<p>&ndash; Nghi&ecirc;n cứu y&ecirc;u cầu của kh&aacute;ch h&agrave;ng, nghi&ecirc;n cứu chi tiết y&ecirc;u cầu về sản phẩm, c&aacute;c t&agrave;i liệu thiết kế tổng thể, thiết kế database v&agrave; API &hellip; để x&aacute;c định y&ecirc;u cầu v&agrave; đ&aacute;nh gi&aacute; rủi ro.</p>\r\n\r\n<p>&ndash; Lập kế hoạch kiểm thử phần mềm (Test plan)</p>\r\n\r\n<p>&ndash; Viết kịch bản kiểm thử phần mềm (Test case).</p>\r\n\r\n<p>&ndash; Chuẩn bị data test.</p>\r\n\r\n<p>&ndash; Thực hiện kiểm thử phần mềm tr&ecirc;n WEB, APP.</p>\r\n\r\n<p>&ndash; Thực hiện b&aacute;o c&aacute;o lỗi của phần mềm l&ecirc;n c&aacute;c c&ocirc;ng cụ quản l&yacute; lỗi (Backlog).</p>\r\n\r\n<p>&ndash; Viết b&aacute;o c&aacute;o kiểm thử phần mềm, thống k&ecirc; ph&acirc;n loại lỗi của phần mềm.</p>\r\n\r\n<p>&ndash; Tổng hợp c&aacute;c vấn đề ph&aacute;t sinh trong qu&aacute; tr&igrave;nh thực hiện dự &aacute;n v&agrave; đưa đề xuất cải tiến.</p>\r\n\r\n<h3>Y&ecirc;u cầu ứng vi&ecirc;n</h3>\r\n\r\n<p>&ndash; Kinh nghiệm &iacute;t nhất 1 năm trở l&ecirc;n trong lĩnh vực Mobile Testing, Web testing.</p>\r\n\r\n<p>&ndash; Hiểu biết về kiểm thử phần mềm như c&aacute;c giai đoạn kiểm thử (Unit test, Integration test, Functional test, System test, Acceptance test,&hellip;) v&agrave; c&aacute;c kỹ thuật kiểm thử.</p>\r\n\r\n<p>&ndash; C&oacute; khả năng nghi&ecirc;n cứu v&agrave; sử dụng c&aacute;c c&ocirc;ng cụ hỗ trợ kiểm tra sản phẩm phần mềm.</p>\r\n\r\n<p>&ndash; C&oacute; khả năng ph&acirc;n t&iacute;ch y&ecirc;u cầu kh&aacute;ch h&agrave;ng v&agrave; trao đổi.</p>\r\n\r\n<p>&ndash; Khả năng l&agrave;m việc teamwork tốt</p>\r\n\r\n<p>&ndash; Khả năng chịu &aacute;p lực để l&agrave;m việc trong m&ocirc;i trường chuy&ecirc;n nghiệp c&oacute; sức &eacute;p về deadline v&agrave; m&ocirc;i trường cạnh tranh cao</p>\r\n\r\n<p>&ndash; Tr&aacute;ch nhiệm cao trong c&ocirc;ng việc, sẳn s&agrave;ng thu xếp thời gian để ho&agrave;n th&agrave;nh c&ocirc;ng việc theo y&ecirc;u cầu dự &aacute;n.</p>\r\n\r\n<h3>Quyền lợi</h3>\r\n\r\n<p>&ndash; Fix 13 th&aacute;ng lương</p>\r\n\r\n<p>&ndash; Thưởng performance trung b&igrave;nh 2 th&aacute;ng lương/năm (giải ng&acirc;n thưởng 2 lần trong năm)</p>\r\n\r\n<p>&ndash; Review lương 2 lần/năm: th&aacute;ng 4 v&agrave; th&aacute;ng 10</p>\r\n\r\n<p>&ndash; Teambuilding 250.000 VND/người/th&aacute;ng</p>\r\n\r\n<p>&ndash; Beauty care: 200.000 VND/người/th&aacute;ng cho nh&acirc;n vi&ecirc;n nữ</p>\r\n\r\n<p>&ndash; Quỹ đ&agrave;o tạo: 3.000.000 VND/người/năm</p>\r\n\r\n<p>&ndash; Trợ cấp tiếng Nhật</p>\r\n\r\n<p>&ndash; Thưởng chứng chỉ</p>\r\n\r\n<p>&ndash; Bảo hiểm sức khỏe PVI cho nh&acirc;n vi&ecirc;n từ 1 năm th&acirc;m ni&ecirc;n</p>\r\n\r\n<p>&ndash; 12 ng&agrave;y ph&eacute;p/năm, BHXH/YT/TN đầy đủ theo quy định của Luật Lao động</p>\r\n\r\n<p>&ndash; Nghỉ lễ Tết theo quy định của Nh&agrave; nước v&agrave; k&egrave;m theo thưởng cho c&aacute;c ng&agrave;y lễ lớn trong năm: 30/4 1/5, 2/9, tết,&hellip;</p>\r\n\r\n<p>&ndash; Thời gian l&agrave;m việc: thứ 2 &ndash; thứ 6: 8h-17h30 (nghỉ thứ 7, chủ nhật)</p>', 'tester-qc-junior', 15000000, 20000000, 'Full time', 1, 'Nhân viên', 'Trên 1 năm', '1', '2021-12-18 05:59:26', '2021-12-20 05:58:25', 1, 4, 1),
(173, 'Frontend Developers ( React JS /Angular/ Vuejs)', 57, 'images/images/61c01aaf0a074-tu-vung-cong-nghe-thong-tin-1-700x366.jpg', '2021-12-31', '<h3>M&ocirc; tả c&ocirc;ng việc</h3>\r\n\r\n<p>&ndash; Thực hiện UI ứng dựng web chất lượng với React JS, Angular hoặc Vue JS</p>\r\n\r\n<p>&ndash; Tối ưu UI, UX để n&acirc;ng cao trải nghiệm của người sử dụng.</p>\r\n\r\n<p>&ndash; Chủ động thảo luận v&agrave; tư vấn về API backend</p>\r\n\r\n<p>&ndash; Tư vấn giải ph&aacute;p, thiết kế, x&acirc;y dựng tạo ra c&aacute;c sản phẩm phần mềm tối ưu, ph&ugrave; hợp với nhu cầu của kh&aacute;ch h&agrave;ng</p>\r\n\r\n<p>&ndash; L&agrave;m việc theo sự ph&acirc;n c&ocirc;ng của trưởng nh&oacute;m/quản l&yacute; dự &aacute;n, hỗ trợ c&aacute;c th&agrave;nh vi&ecirc;n trong nh&oacute;m để ph&aacute;t triển sản phẩm.</p>\r\n\r\n<h3>Y&ecirc;u cầu ứng vi&ecirc;n</h3>\r\n\r\n<p>&ndash; Tối thiểu 1 năm kinh nghiệm l&agrave;m việc với React JS, Angular JS hoặc Vue JS</p>\r\n\r\n<p>&ndash; Th&agrave;nh thạo JavaScript v&agrave; hiểu s&acirc;u về c&aacute;ch tr&igrave;nh duyệt hoạt động</p>\r\n\r\n<p>&ndash; Kỹ năng xuất sắc với HTML, CSS</p>\r\n\r\n<p>&ndash; C&oacute; kinh nghiệm với: API, RESTFUL, JSON, XSS, CSRF, sync vs. async, promise</p>\r\n\r\n<p>&ndash; Kinh nghiệm debug v&agrave; tối ưu h&oacute;a code cho hiệu suất ứng dụng th&ocirc;ng qua c&aacute;c c&ocirc;ng cụ</p>\r\n\r\n<p>&ndash; Kỹ năng l&agrave;m việc nh&oacute;m</p>\r\n\r\n<h3>Quyền lợi</h3>\r\n\r\n<p>&ndash; 12 ng&agrave;y nghỉ ph&eacute;p nguy&ecirc;n lương ph&eacute;p/năm.</p>\r\n\r\n<p>&ndash; Tham gia bảo hiểm theo luật lao động.</p>\r\n\r\n<p>&ndash; Chế độ thai sản.</p>\r\n\r\n<p>&ndash; X&eacute;t lương 2 lần/năm.</p>\r\n\r\n<p>&ndash; Th&aacute;ng lương thứ 13.</p>\r\n\r\n<p>&ndash; Nh&acirc;n vi&ecirc;n xuất sắc h&agrave;ng năm.</p>\r\n\r\n<p>&ndash; Thưởng dự &aacute;n, thưởng hiệu suất l&agrave;m việc.</p>\r\n\r\n<p>&ndash; Thưởng tuyển dụng; thưởng nghỉ lễ, Tết.</p>\r\n\r\n<p>&ndash; Nhiều khoản thưởng đột xuất kh&aacute;c.</p>\r\n\r\n<p>&ndash; Beauty care d&agrave;nh cho Nữ: 200.000/th&aacute;ng.</p>\r\n\r\n<p>&ndash; Trợ cấp team-building: 250.000/th&aacute;ng.</p>\r\n\r\n<p>&ndash; Đ&agrave;o tạo Tiếng Nhật miễn ph&iacute;.</p>\r\n\r\n<p>&ndash; Trợ cấp Tiếng Nhật: N1: 5.000.000; N2: 3.000.000; N3: 1.000.000; N4: 500.000.</p>\r\n\r\n<p>&ndash; Chi ph&iacute; đ&agrave;o tạo cho c&aacute;c th&agrave;nh vi&ecirc;n: 3.000.000/năm.</p>\r\n\r\n<p>&ndash; Trợ cấp đi lại, ăn trưa.</p>\r\n\r\n<p>&ndash; Qu&agrave; tặng sinh nhật: 300.000/người.</p>\r\n\r\n<p>&ndash; Du lịch c&ocirc;ng ty h&agrave;ng năm.</p>\r\n\r\n<p>&ndash; Cơ hội đi Nhật dễ d&agrave;ng nếu bạn c&oacute; mong muốn.</p>', 'frontend-developers-react-js-angular-vuejs', 20000000, 35000000, 'Part time', 3, 'Nhân viên', 'Trên 1 năm', '1', '2021-12-18 06:00:46', '2021-12-20 05:54:55', 1, 4, 1),
(174, 'Java Developer', 57, 'images/images/61c01aa53e459-3d765325ae135e1fcc4b3d1e130f794b.jpg', '2022-01-14', '<h3>M&ocirc; tả c&ocirc;ng việc</h3>\r\n\r\n<p>&ndash; Tham gia ph&aacute;t triển c&aacute;c ứng dụng tr&ecirc;n nền tảng Java cho kh&aacute;ch h&agrave;ng Nhật Bản, duy tr&igrave; v&agrave; n&acirc;ng cấp c&aacute;c t&iacute;nh năng của sản phẩm &nbsp;</p>\r\n\r\n<p>&ndash; Được tham gia đồng h&agrave;nh cũng với c&aacute;c startup trẻ hoặc những tập đo&agrave;n lớn của Nhật để x&acirc;y dựng c&aacute;c sản phẩm kế to&aacute;n / hệ thống nh&agrave; h&agrave;ng hướng tới h&agrave;ng triệu người d&ugrave;ng tại thị trường Nhật Bản v&agrave; Việt Nam.</p>\r\n\r\n<p>&ndash; Tư vấn giải ph&aacute;p, thiết kế, x&acirc;y dựng tạo ra c&aacute;c sản phẩm phần mềm tối ưu, ph&ugrave; hợp với nhu cầu của kh&aacute;ch h&agrave;ng.</p>\r\n\r\n<p>&ndash; L&agrave;m việc theo sự ph&acirc;n c&ocirc;ng của trưởng nh&oacute;m/quản l&yacute; dự &aacute;n, phối hợp giữa c&aacute;c nh&oacute;m để ph&aacute;t triển sản phẩm.</p>\r\n\r\n<p>&ndash; Hỗ trợ c&aacute;c th&agrave;nh vi&ecirc;n trong nh&oacute;m với c&aacute;c chức năng phức tạp, tham gia nhận x&eacute;t, đ&aacute;nh gi&aacute; source code của c&aacute;c th&agrave;nh vi&ecirc;n trong nh&oacute;m.</p>\r\n\r\n<p>&ndash; Cơ hội đi Onsite l&agrave;m việc trực tiếp với kh&aacute;ch h&agrave;ng nếu c&oacute; khả năng tiếng Nhật.</p>\r\n\r\n<p>-&nbsp; Ch&uacute;ng t&ocirc;i tin rằng với cơ hội &ndash; th&aacute;ch thức ở HBLAB, ch&uacute;ng ta c&oacute; thể đồng h&agrave;nh c&ugrave;ng nhau v&agrave; c&ugrave;ng chia sẻ th&agrave;nh c&ocirc;ng ở chặng đường ph&iacute;a trước.</p>\r\n\r\n<h3>Y&ecirc;u cầu ứng vi&ecirc;n</h3>\r\n\r\n<p>&ndash; C&oacute; &iacute;t nhất 1 kinh nghiệm l&agrave;m việc với Java Core hoặc Java Web.</p>\r\n\r\n<p>&ndash; C&oacute; kinh nghiệm l&agrave;m Strust /Spring MVC/ Spring boot (rest API, Swagger)</p>\r\n\r\n<p>&ndash; Sử dụng th&agrave;nh thạo Git</p>\r\n\r\n<p>&ndash; Kỹ năng ph&acirc;n t&iacute;ch v&agrave; giải quyết vấn đề</p>\r\n\r\n<p>&ndash; Kỹ năng giao tiếp tốt, tinh thần tr&aacute;ch nhiệm v&agrave; tỉ mỉ trong c&ocirc;ng việc</p>\r\n\r\n<h3>Quyền lợi</h3>\r\n\r\n<p>&ndash; Hiểu biết sử dụng th&agrave;nh thạo Linux, quản trị web server l&agrave; một lợi thế.</p>\r\n\r\n<p>&ndash; Ưu ti&ecirc;n ứng vi&ecirc;n đ&atilde; c&oacute; kinh nghi&ecirc;m l&agrave;m việc trong c&aacute;c dự &aacute;n theo m&ocirc; h&igrave;nh Agile Scrum.</p>\r\n\r\n<p>&ndash; Fix 13 th&aacute;ng lương</p>\r\n\r\n<p>&ndash; Thưởng performance trung b&igrave;nh 2 th&aacute;ng lương/năm (giải ng&acirc;n thưởng 2 lần trong năm)</p>\r\n\r\n<p>&ndash; Review lương 2 lần/năm: th&aacute;ng 4 v&agrave; th&aacute;ng 10</p>\r\n\r\n<p>&ndash; Teambuilding 250.000 VND/người/th&aacute;ng</p>\r\n\r\n<p>&ndash; Beauty care: 200.000 VND/người/th&aacute;ng cho nh&acirc;n vi&ecirc;n nữ</p>\r\n\r\n<p>&ndash; Quỹ đ&agrave;o tạo: 3.000.000 VND/người/năm</p>\r\n\r\n<p>&ndash; Trợ cấp tiếng Nhật</p>\r\n\r\n<p>&ndash; Thưởng chứng chỉ</p>\r\n\r\n<p>&ndash; Bảo hiểm sức khỏe PVI cho nh&acirc;n vi&ecirc;n từ 1 năm th&acirc;m ni&ecirc;n</p>\r\n\r\n<p>&ndash; 12 ng&agrave;y ph&eacute;p/năm, BHXH/YT/TN đầy đủ theo quy định của Luật Lao động</p>\r\n\r\n<p>&ndash; Nghỉ lễ Tết theo quy định của Nh&agrave; nước v&agrave; k&egrave;m theo thưởng cho c&aacute;c ng&agrave;y lễ lớn trong năm: 30/4 1/5, 2/9, tết,&hellip;</p>\r\n\r\n<p>&ndash; Thời gian l&agrave;m việc: thứ 2 &ndash; thứ 6: 8h-17h30 (nghỉ thứ 7, chủ nhật)</p>', 'java-developer', 13000000, 37000000, 'Full time,Part time', 4, 'Nhân viên', 'Trên 3 năm', '3', '2021-12-18 06:02:41', '2021-12-20 05:54:45', 1, 6, 24),
(175, 'IOS Developer (Junior)', 57, 'images/images/61bd79ffabe70-logo.png', '2021-12-31', '<h3>M&ocirc; tả c&ocirc;ng việc</h3>\r\n\r\n<p>&ndash; Tham gia ph&aacute;t triển c&aacute;c ứng dụng Mobile tr&ecirc;n iOS cho c&aacute;c đối t&aacute;c h&agrave;ng đầu Nhật Bản.</p>\r\n\r\n<p>&ndash; C&ugrave;ng c&aacute;c th&agrave;nh vi&ecirc;n trong team t&igrave;m hiểu y&ecirc;u cầu, ph&acirc;n t&iacute;ch, thiết kế, nghi&ecirc;n cứu c&ocirc;ng nghệ v&agrave; review source code.</p>\r\n\r\n<p>&ndash; B&aacute;o c&aacute;o tiến độ v&agrave; t&igrave;nh trạng c&ocirc;ng việc trực tiếp tới quản l&yacute; dự &aacute;n.</p>\r\n\r\n<p>&ndash; Chi tiết c&ocirc;ng việc sẽ trao đổi th&ecirc;m khi phỏng vấn .</p>\r\n\r\n<h3>Y&ecirc;u cầu ứng vi&ecirc;n</h3>\r\n\r\n<p>&ndash; Từ 6 th&aacute;ng kinh nghiệm l&agrave;m việc với iOS. C&oacute; kinh nghiệm l&agrave;m việc với C/C++/Objective-C/ Swift</p>\r\n\r\n<p>&ndash; C&oacute; hiểu biết s&acirc;u về OOP,OOD, memory management, property, enums, structures, classes.</p>\r\n\r\n<p>&ndash; C&oacute; hiểu biết về protocol, delegate v&agrave; higher order functions, GCD</p>\r\n\r\n<p>&ndash; Ưu ti&ecirc;n ứng vi&ecirc;n c&oacute; kinh nghiệm l&agrave;m việc trong c&aacute;c dự &aacute;n theo m&ocirc; h&igrave;nh Agile</p>\r\n\r\n<p>&ndash; Biết RxSwift l&agrave; lợi thế</p>\r\n\r\n<p>&ndash; Chủ động trong c&ocirc;ng việc, c&oacute; tinh thần tr&aacute;ch nhiệm cao để ho&agrave;n th&agrave;nh c&ocirc;ng việc được giao.</p>\r\n\r\n<p>&ndash; Biết tiếng Nhật l&agrave; một lợi thế lớn</p>\r\n\r\n<h3>Quyền lợi</h3>\r\n\r\n<p>&ndash; Fix 13 th&aacute;ng lương</p>\r\n\r\n<p>&ndash; Thưởng performance trung b&igrave;nh 2 th&aacute;ng lương/năm (giải ng&acirc;n thưởng 2 lần trong năm)</p>\r\n\r\n<p>&ndash; Review lương 2 lần/năm: th&aacute;ng 4 v&agrave; th&aacute;ng 10</p>\r\n\r\n<p>&ndash; Teambuilding 250.000 VND/người/th&aacute;ng</p>\r\n\r\n<p>&ndash; Beauty care: 200.000 VND/người/th&aacute;ng cho nh&acirc;n vi&ecirc;n nữ</p>\r\n\r\n<p>&ndash; Quỹ đ&agrave;o tạo: 3.000.000 VND/người/năm</p>\r\n\r\n<p>&ndash; Trợ cấp tiếng Nhật</p>\r\n\r\n<p>&ndash; Thưởng chứng chỉ</p>\r\n\r\n<p>&ndash; Bảo hiểm sức khỏe PVI cho nh&acirc;n vi&ecirc;n từ 1 năm th&acirc;m ni&ecirc;n</p>\r\n\r\n<p>&ndash; 12 ng&agrave;y ph&eacute;p/năm, BHXH/YT/TN đầy đủ theo quy định của Luật Lao động</p>\r\n\r\n<p>&ndash; Nghỉ lễ Tết theo quy định của Nh&agrave; nước v&agrave; k&egrave;m theo thưởng cho c&aacute;c ng&agrave;y lễ lớn trong năm: 30/4 1/5, 2/9, tết,&hellip;</p>\r\n\r\n<p>&ndash; Thời gian l&agrave;m việc: thứ 2 &ndash; thứ 6: 8h-17h30 (nghỉ thứ 7, chủ nhật)</p>', 'ios-developer-junior', 12000000, 23000000, 'Full time', 1, 'Nhân viên', 'Trên 1 năm', '1', '2021-12-18 06:04:47', '2021-12-20 05:38:47', 1, 4, 1),
(180, 'Java Developer 1 năm kinh nghiệm', 59, 'images/images/61bd9cd10e29b-java.jpg', '2021-12-31', '<h3>M&ocirc; tả c&ocirc;ng việc</h3>\r\n\r\n<p>1. Design, build, and maintain efficient, reusable, and reliable Java/Spring code. Ensure the best possible performance, quality, and responsiveness of the applications.<br />\r\n2. Implement and deploy API solutions while demonstrating expertise in a number of areas including API design and development, Public and Private API design and development, highly scalable distributed systems.<br />\r\n3. This requires a high degree of interaction with business and operations units to understand the functional needs of the system users as well as the various technology teams, both within and outside of a financial firm.</p>\r\n\r\n<h3>Y&ecirc;u cầu ứng vi&ecirc;n</h3>\r\n\r\n<p>- Minimum 1.5+ years of working experience in Java Developer with Spring framework&nbsp;<br />\r\n- Strong experience in Spring Framework such as Spring MVC, Spring Integration, Spring Security.<br />\r\n- Have knowledge in Servlet/JSP, Service-oriented architecture (SOA)<br />\r\n- Experience in implementing Java EE design patterns such as MVC, Singleton, Fa&ccedil;ade, etc &hellip;<br />\r\n- Experience in core multithreading, collections, IO, networking and JDBC<br />\r\n- Knowledge of front-end interfaces using HTML, JSP, CSS, JavaScript, jQuery and Ajax<br />\r\n- Knowledge of XML Suite of Technologies XML (XSL) and REST/JSON<br />\r\n- Experience in writing unit test (Mockito)<br />\r\n- Experience working in a source-controlled environment such as GIT or SVN<br />\r\n- Experience with JIRA<br />\r\n- Experience in full development life cycle from requirements analysis through coding and release<br />\r\n- Deep experience developing, testing, documenting and releasing mission-critical software<br />\r\n- Good English in writing</p>\r\n\r\n<h3>Quyền lợi</h3>\r\n\r\n<p>- 100% salary in probation<br />\r\n- 16 Annual Leaves/year<br />\r\n- PVI Healthcare Insurance for employee &amp; 01 relative<br />\r\n- 13th month salary / Sign-on bonus<br />\r\n- Salary review: every year<br />\r\n- Provide laptop + desktop<br />\r\n- Free of parking fee<br />\r\n- Teambuilding, year-end party, birthday gift,...<br />\r\n- Comfortable and dynamic European working environment<br />\r\n- Participate in European and American projects</p>', 'java-developer-1-nam-kinh-nghiem', 10000000, 15000000, 'Full time', 5, 'Nhân viên', 'Trên 1 năm', '0', '2021-12-18 08:33:21', '2021-12-18 08:33:21', 1, 4, 1),
(181, 'Nhân Viên Lập Trình Viên .Net', 59, 'images/images/61bd9dc2d3105-.net.png', '2021-12-31', '<h3>M&ocirc; tả c&ocirc;ng việc</h3>\r\n\r\n<p>&bull; Tham gia ph&aacute;t triển c&aacute;c hệ thống ứng dụng Win Form tr&ecirc;n nền tảng .NET Framework (VB.NET)</p>\r\n\r\n<p>&bull; Ph&aacute;t triển nhiều dự &aacute;n hệ thống phần mềm quản l&yacute; theo đặc th&ugrave; doanh nghiệp : X&acirc;y dựng kiến tr&uacute;c hệ thống, ph&aacute;t triển mở rộng t&iacute;nh năng, thiết kế Report, xử l&yacute; sự cố phần mềm, ....</p>\r\n\r\n<p>&bull; Thực hiện theo t&agrave;i liệu giải ph&aacute;p v&agrave; m&ocirc; h&igrave;nh của bộ phận ph&acirc;n t&iacute;ch.</p>\r\n\r\n<p>&bull; C&oacute; khả năng x&acirc;y dựng v&agrave; maintain code hiệu quả.</p>\r\n\r\n<p>&bull; Tham gia v&agrave;o nghi&ecirc;n cứu c&ocirc;ng nghệ mới v&agrave; c&aacute;c giải ph&aacute;p mới.</p>\r\n\r\n<p>&bull; Thực hiện c&aacute;c c&ocirc;ng việc theo sự ph&acirc;n c&ocirc;ng của Team Leader, Project Manager.</p>\r\n\r\n<p>Chi tiết c&ocirc;ng việc sẽ trao đổi trong qu&aacute; tr&igrave;nh phỏng vấn</p>\r\n\r\n<p>&nbsp;</p>\r\n\r\n<h3>Y&ecirc;u cầu ứng vi&ecirc;n</h3>\r\n\r\n<p>&bull; Tốt nghiệp chuy&ecirc;n ng&agrave;nh C&ocirc;ng nghiệp phần mềm, Hệ thống th&ocirc;ng tin quản l&yacute;, c&ocirc;ng nghệ th&ocirc;ng tin c&aacute;c trường CĐ, ĐH ch&iacute;nh quy (Nhận c&aacute;c bạn sinh vi&ecirc;n năm cuối chuẩn bị ra trường).</p>\r\n\r\n<p>&bull; Th&agrave;nh thạo ng&ocirc;n ngữ lập tr&igrave;nh VB.Net, CSDL MS SQL Server.</p>\r\n\r\n<p>&bull; Th&ocirc;ng minh, chăm chỉ, cẩn thận, c&oacute; tinh thần cầu tiến, c&oacute; tư duy lập tr&igrave;nh tốt.</p>\r\n\r\n<p>&bull; C&oacute; khả năng l&agrave;m việc độc lập hoặc theo nh&oacute;m.</p>\r\n\r\n<h3>Quyền lợi</h3>\r\n\r\n<p>&bull; Mức lương thỏa thuận theo năng lực</p>\r\n\r\n<p>&bull; Được k&yacute; hợp đồng lao động v&agrave; hưởng đầy đủ c&aacute;c quyền lợi do nh&agrave; nước quy định (đ&oacute;ng BHXH, BHYT, BHTN)</p>\r\n\r\n<p>&bull; Được hưởng chế độ ph&uacute;c lợi h&agrave;ng năm của c&ocirc;ng ty cho bản th&acirc;n &amp; gia đ&igrave;nh như: Tham quan - du lịch, hiếu hỷ...</p>\r\n\r\n<p>&bull; Được đ&agrave;o tạo về nghiệp vụ trong suốt qu&aacute; tr&igrave;nh l&agrave;m việc.</p>\r\n\r\n<p>&bull; C&oacute; cơ hội mở rộng kiến thức về hệ thống phần mềm quản trị doanh nghiệp.</p>\r\n\r\n<p>&bull; Được nghỉ v&agrave;o c&aacute;c ng&agrave;y lễ, tết, chiều thứ 7 v&agrave; ng&agrave;y chủ nhật.</p>\r\n\r\n<p>&bull; Được hưởng lương cứng v&agrave; lương theo doanh số.</p>\r\n\r\n<p>&bull; Được thưởng v&agrave;o c&aacute;c ng&agrave;y lễ lớn v&agrave; lương th&aacute;ng 13.</p>\r\n\r\n<p>&bull; C&oacute; c&aacute;c chế độ phụ cấp như: cơm trưa, điện thoại, xăng xe, c&ocirc;ng t&aacute;c ph&iacute; ...</p>\r\n\r\n<p>C&oacute; cơ hội l&agrave;m việc trong m&ocirc;i trường năng động, đồng nghiệp th&acirc;n thiện, được tạo mọi điều kiện để ph&aacute;t triển năng lực bản th&acirc;n</p>', 'nhan-vien-lap-trinh-vien-net', 11000000, 15000000, 'Full time', 5, 'Nhân viên', 'Trên 1 năm', '0', '2021-12-18 08:37:22', '2021-12-18 08:37:22', 1, 4, 1),
(182, 'Lập Trình Viên Asp.Net Từ 2 Đến 3 Năm Kinh Nghiệm', 59, 'images/images/61bd9e4da8c87-.net.png', '2021-12-31', '<h3>M&ocirc; tả c&ocirc;ng việc</h3>\r\n\r\n<p>M&ocirc; tả c&ocirc;ng việc<br />\r\n- Thiết kế, đặc tả chi tiết giải ph&aacute;p phần mềm</p>\r\n\r\n<p>- Viết code, t&iacute;ch hợp, triển khai c&aacute;c t&iacute;nh năng hoặc hệ thống</p>\r\n\r\n<p>- Kiểm tra chức năng theo kịch bản kiểm thử v&agrave; sửa lỗi</p>\r\n\r\n<p>&nbsp;</p>\r\n\r\n<p>&nbsp;</p>\r\n\r\n<h3>Y&ecirc;u cầu ứng vi&ecirc;n</h3>\r\n\r\n<p>- Tối thiểu 2 năm kinh nghiệm . Net với . Net core, ASP .Net&nbsp;</p>\r\n\r\n<p>- Th&agrave;nh thạo HTML, Java script/Jquery, CSS, bootstrap</p>\r\n\r\n<p>- Ưu ti&ecirc;n c&oacute; kinh nghiệm l&agrave;m việc với Web API</p>\r\n\r\n<p>- Nắm được nguy&ecirc;n l&yacute; OOP v&agrave; c&aacute;c Design patterns</p>\r\n\r\n<p>- Th&agrave;nh thạo SQL, ưu ti&ecirc;n kinh nghiệm l&agrave;m với NoSQL</p>\r\n\r\n<p>- Tư duy lập tr&igrave;nh tốt, kĩ năng giải quyết vấn đề tốt</p>\r\n\r\n<h3>Quyền lợi</h3>\r\n\r\n<p>- Middle: Lương từ 15tr</p>\r\n\r\n<p>- Xem x&eacute;t điều chỉnh lương cứng 2 lần/năm</p>\r\n\r\n<p>- L&agrave;m việc tại c&ocirc;ng ty, quy tr&igrave;nh l&agrave;m việc b&agrave;i bản, thời gian l&agrave;m việc flexible</p>\r\n\r\n<p>- Lộ tr&igrave;nh thăng tiến rộng mở theo hướng quản l&yacute; hoặc hướng chuy&ecirc;n gia: Cơ hội trở th&agrave;nh / Dev Lead / PM &nbsp;sau 6 th&aacute;ng &ndash; 1 năm</p>', 'lap-trinh-vien-aspnet-tu-2-den-3-nam-kinh-nghiem', 15000000, 20000000, 'Full time', 3, 'Nhân viên', 'Trên 1 năm', '0', '2021-12-18 08:39:41', '2021-12-18 08:39:41', 1, 4, 1),
(183, 'Lập Trình Viên Wordpress', 59, 'images/images/61bd9ef308551-wp.png', '2021-12-30', '<h3>M&ocirc; tả c&ocirc;ng việc</h3>\r\n\r\n<p>Ph&aacute;t triển c&aacute;c themes cho WordPress.<br />\r\nPh&aacute;t triển c&aacute;c website theo y&ecirc;u cầu của kh&aacute;ch h&agrave;ng (bao gồm ph&aacute;t triển theme, l&agrave;m t&iacute;nh năng, c&agrave;i đặt v&agrave; cấu h&igrave;nh, tối ưu website theo y&ecirc;u cầu)</p>\r\n\r\n<p>L&agrave;m c&aacute;c c&ocirc;ng việc kh&aacute;c li&ecirc;n quan được giao ph&oacute;</p>\r\n\r\n<h3>Y&ecirc;u cầu ứng vi&ecirc;n</h3>\r\n\r\n<p>C&oacute; &iacute;t nhất 3 th&aacute;ng l&agrave;m việc với WordPress (ưu ti&ecirc;n những bạn đ&atilde; c&oacute; nhiều &nbsp;kinh nghiệm)<br />\r\nNắm được c&aacute;c kiến thức cơ bản về WordPress, bao gồm c&aacute;c kiến thức về tạo theme<br />\r\nNắm được c&aacute;c kiến thức về CSS/JavaScript/jQuery/PHP v&agrave; l&agrave;m theme cho WordPress<br />\r\nC&oacute; kiến thức về SASS/Git/Composer l&agrave; một lợi thế<br />\r\nBiết sử dụng c&aacute;c plugin page builder (Elementor, Beaver Builder) l&agrave; 1 lợi thế</p>\r\n\r\n<h3>Quyền lợi</h3>\r\n\r\n<p>Được l&agrave;m việc trực tiếp với c&aacute;c developer h&agrave;ng đầu về WordPress tại Việt Nam<br />\r\nĐược tham gia ph&aacute;t triển c&aacute;c sản phẩm cho thị trường thế giới<br />\r\nĐược học hỏi kinh nghiệm, v&agrave; sử dụng c&aacute;c c&ocirc;ng cụ, c&ocirc;ng nghệ hiện đại nhất trong việc ph&aacute;t triển web</p>\r\n\r\n<p>Du lịch h&agrave;ng năm<br />\r\nTham gia c&aacute;c hoạt động Happy Hour, teambuilding<br />\r\nTham gia học hỏi v&agrave; chia sẻ kiến thức tại c&aacute;c buổi seminar h&agrave;ng th&aacute;ng<br />\r\nĐược hưởng BHYT, BHXH đầy đủ theo quy định của Nh&agrave; nước<br />\r\nThưởng Tết, thưởng hợp đồng,...</p>', 'lap-trinh-vien-wordpress', 7000000, 11000000, 'Full time', 5, 'Nhân viên', 'Trên 1 năm', '0', '2021-12-18 08:42:27', '2021-12-18 08:42:27', 1, 4, 1);
INSERT INTO `blogs` (`id`, `title`, `user_recruitment_id`, `image`, `deadline`, `detail`, `slug`, `salary_min`, `salary_max`, `working_time`, `quantity`, `position`, `exp`, `gender`, `created_at`, `updated_at`, `enable`, `cate_id`, `location_id`) VALUES
(184, 'Lập Trình Viên Magento', 59, 'images/images/61bd9f6dea0cc-m.png', '2021-12-31', '<h3>M&ocirc; tả c&ocirc;ng việc</h3>\r\n\r\n<p>● Tham gia lập tr&igrave;nh v&agrave; ph&aacute;t triển c&aacute;c dự &aacute;n x&acirc;y dựng Website sử dụng Magento cho c&aacute;c Kh&aacute;ch h&agrave;ng Mỹ, EU, AU&hellip;</p>\r\n\r\n<p>● C&ugrave;ng team x&acirc;y dựng v&agrave; ph&aacute;t triển Website Thương mại điện tử trong nước.</p>\r\n\r\n<p>● X&acirc;y dựng c&aacute;c t&iacute;nh năng hỗ trợ cho Website thương mại điện tử</p>\r\n\r\n<p>● L&agrave;m việc theo sự ph&acirc;n c&ocirc;ng của trưởng nh&oacute;m/Quản l&yacute; dự &aacute;n, phối hợp giữa c&aacute;c nh&oacute;m để ph&aacute;t triển sản phẩm.</p>\r\n\r\n<p>● Tham gia định hướng chiến lược ph&aacute;t triển sản phẩm</p>\r\n\r\n<p>● Chi tiết sẽ trao đổi trong qu&aacute; tr&igrave;nh phỏng vấn</p>\r\n\r\n<p>&nbsp;</p>\r\n\r\n<p>&nbsp;</p>\r\n\r\n<p>&nbsp;</p>\r\n\r\n<p>&nbsp;</p>\r\n\r\n<p>&nbsp;</p>\r\n\r\n<h3>Y&ecirc;u cầu ứng vi&ecirc;n</h3>\r\n\r\n<p>● C&oacute; từ 6 th&aacute;ng kinh nghiệm l&agrave;m việc với Magento hoặc c&oacute; từ 1 năm kinh nghiệm</p>\r\n\r\n<p>PHP</p>\r\n\r\n<p>● Th&agrave;nh thạo HTML, PHP, Javascript</p>\r\n\r\n<p>● C&oacute; hiểu biết với 1 trong c&aacute;c framework sau: Codeigniter, Laravel, Yii, hoặc Zend</p>\r\n\r\n<p>● Hiểu về lập tr&igrave;nh hướng đối tượng OOP l&agrave; một lợi thế</p>\r\n\r\n<p>● C&oacute; đam m&ecirc; về Lập tr&igrave;nh</p>\r\n\r\n<p>&nbsp;</p>\r\n\r\n<p>&nbsp;</p>\r\n\r\n<p>&nbsp;</p>\r\n\r\n<p>&nbsp;</p>\r\n\r\n<p>&nbsp;</p>\r\n\r\n<h3>Quyền lợi</h3>\r\n\r\n<p>● M&ocirc;i trường startup nhiều cơ hội thăng tiến, đ&agrave;o tạo b&agrave;i bản v&agrave; chuy&ecirc;n nghiệp</p>\r\n\r\n<p>● Thu nhập hấp dẫn, cạnh tranh</p>\r\n\r\n<p>● Thưởng th&aacute;ng lương thứ 13, thưởng th&acirc;m ni&ecirc;n, th&agrave;nh vi&ecirc;n xuất sắc, thưởng c&aacute;c ng&agrave;y Lễ, Tết h&agrave;ng năm, sinh nhật, thăm hỏi, hiếu hỉ.</p>\r\n\r\n<p>● Hưởng ch&iacute;nh s&aacute;ch x&eacute;t lương định kỳ 1 năm/1 lần v&agrave; đột xuất nếu ho&agrave;n th&agrave;nh xuất sắc c&ocirc;ng việc.</p>\r\n\r\n<p>● Được hưởng c&aacute;c quyền lợi v&agrave; chế độ theo luật quy định (c&aacute;c ng&agrave;y nghỉ lễ, BHXH, BHYT&hellip;)</p>\r\n\r\n<p>● C&oacute; 12 ng&agrave;y ph&eacute;p/năm, l&agrave;m việc sau 02 năm được th&ecirc;m 01 ng&agrave;y ph&eacute;p.</p>\r\n\r\n<p>● Du lịch, nghỉ m&aacute;t h&agrave;ng năm, c&ocirc;ng ty hỗ trợ teambuilding h&agrave;ng th&aacute;ng.</p>\r\n\r\n<p>● Miễn ph&iacute; đồ ăn nhẹ, tr&agrave;, cafe v&agrave; thưởng thức teabreak hoa quả h&agrave;ng ng&agrave;y v&agrave;o 4h00-4h30 chiều.</p>\r\n\r\n<p>● L&agrave;m việc 5 ng&agrave;y/tuần (9h-18h15, nghỉ thứ 7 v&agrave; chủ nhật)</p>', 'lap-trinh-vien-magento', 10000000, 15000000, 'Full time', 3, 'Nhân viên', 'Dưới 1 năm', '0', '2021-12-18 08:44:29', '2021-12-18 08:44:29', 1, 4, 1),
(185, 'Lập Trình Viên PHP (Laravel)', 59, 'images/images/61bda005d5b37-laravel.png', '2021-12-30', '<h3>M&ocirc; tả c&ocirc;ng việc</h3>\r\n\r\n<ul>\r\n	<li>&nbsp;L&agrave;m việc về website PHP / Laravel</li>\r\n	<li>&nbsp;Tham gia nghi&ecirc;n cứu, x&acirc;y dựng ph&aacute;t triển website, phần mềm của c&ocirc;ng ty</li>\r\n	<li>&nbsp;X&acirc;y dựng, chỉnh sửa c&aacute;c website tr&ecirc;n nền tảng Laravel / PHP...</li>\r\n	<li>&nbsp;Xử l&yacute; lỗi v&agrave; tối ưu h&oacute;a vận h&agrave;nh cho c&aacute;c t&iacute;nh năng hiện c&oacute;.</li>\r\n	<li>&nbsp;C&ocirc;ng việc cụ thể trao đổi khi phỏng vấn</li>\r\n</ul>\r\n\r\n<p>&nbsp;</p>\r\n\r\n<p>&nbsp;</p>\r\n\r\n<p>&nbsp;</p>\r\n\r\n<p>&nbsp;</p>\r\n\r\n<p>&nbsp;</p>\r\n\r\n<p>&nbsp;</p>\r\n\r\n<p>&nbsp;</p>\r\n\r\n<p>&nbsp;</p>\r\n\r\n<h3>Y&ecirc;u cầu ứng vi&ecirc;n</h3>\r\n\r\n<p>&bull; Giới t&iacute;nh: NAM<br />\r\n&bull; Độ tuổi: từ 18 đến 29 tuổi<br />\r\n&bull; Kinh nghiệm: &iacute;t nhất 2 năm kinh nghiệm<br />\r\n&bull; T&iacute;nh c&aacute;ch: TRUNG THỰC, KH&Ocirc;NG H&Uacute;T THUỐC l&agrave; một lợi thế.</p>\r\n\r\n<h3>Quyền lợi</h3>\r\n\r\n<ul>\r\n	<li>Thu nhập: từ 20,000,000 vnd đến 39,999,999 vnd ++ v&agrave; thưởng dự &aacute;n hơn thế nữa.</li>\r\n	<li>Lương cơ bản tăng 10%/năm như c&aacute;c c&ocirc;ng ty Nhật.</li>\r\n	<li>Chế độ BHXH &ndash; BHTN đầy đủ</li>\r\n	<li>Phụ cấp ăn trưa / giữ xe</li>\r\n	<li>Thưởng lễ, Tết, Lương th&aacute;ng 13</li>\r\n	<li>Du lịch nước ngo&agrave;i: 1 năm 1 lần</li>\r\n	<li>M&ocirc;i trường l&agrave;m việc năng động, th&acirc;n thiện với nhiều đồng nghiệp trẻ</li>\r\n	<li>Thưởng khi ho&agrave;n th&agrave;nh c&ocirc;ng việc tốt.</li>\r\n	<li>Teambuilding h&agrave;ng th&aacute;ng: ăn uống &ndash; xem phim &ndash; beer club&hellip;.</li>\r\n</ul>', 'lap-trinh-vien-php-laravel', 11000000, 15000000, 'Full time', 5, 'Nhân viên', 'Trên 1 năm', '0', '2021-12-18 08:47:01', '2021-12-18 08:47:01', 1, 4, 1),
(186, 'Lập Trình Viên PHP (Fresher) thu nhập cao', 59, 'images/images/61bda0ba3a52e-php.jpg', '2021-12-29', '<h3>M&ocirc; tả c&ocirc;ng việc</h3>\r\n\r\n<p>- Lập tr&igrave;nh web tr&ecirc;n nền tảng PHP, MYSQL</p>\r\n\r\n<p>- Tham gia ph&aacute;t triển, bảo tr&igrave;, triển khai hệ thống CRM của c&ocirc;ng ty.</p>\r\n\r\n<p>- Tham gia thiết kế, ph&aacute;t triển sản phẩm phần mềm Marketing của c&ocirc;ng ty, cung cấp cho kh&aacute;ch h&agrave;ng doanh nghiệp.</p>\r\n\r\n<p>- Đọc hiểu c&aacute;c t&agrave;i liệu m&ocirc; tả y&ecirc;u cầu người d&ugrave;ng.</p>\r\n\r\n<p>- Tham gia thiết kế v&agrave; viết c&aacute;c t&agrave;i liệu thiết kế chi tiết</p>\r\n\r\n<p>- Phối hợp với th&agrave;nh vi&ecirc;n nh&oacute;m dự &aacute;n, nh&oacute;m BA, Test, kh&aacute;ch h&agrave;ng triển khai dự &aacute;n</p>\r\n\r\n<h3>Y&ecirc;u cầu ứng vi&ecirc;n</h3>\r\n\r\n<p>- Tốt nghiệp CĐ/ĐH Ch&iacute;nh quy chuy&ecirc;n ng&agrave;nh CNTT hoặc c&aacute;c ng&agrave;nh li&ecirc;n quan</p>\r\n\r\n<p>-&nbsp;<strong>Ứng vi&ecirc;n c&oacute; kinh nghiệm từ 6 &nbsp;th&aacute;ng &nbsp;l&agrave;m về PHP,</strong>&nbsp;c&oacute; sự đam m&ecirc; về ph&aacute;t triển sản phẩm.</p>\r\n\r\n<p>- C&oacute; kiến thức nền tảng về database, căn bản lập tr&igrave;nh.</p>\r\n\r\n<p>- C&oacute; khả năng lập tr&igrave;nh với PHP, Phalcon (hoặc c&aacute;c FW tương tự: Laravel, Symfony, CI, Zend, Yii).</p>\r\n\r\n<p>- C&oacute; khả năng lập tr&igrave;nh với Html, Css, Javascript</p>\r\n\r\n<p>- Đ&atilde; l&agrave;m việc với 1 trong c&aacute;c CSDL như MySQL, SQL Server, PostgreSQL. MongoDB</p>\r\n\r\n<h3>Quyền lợi</h3>\r\n\r\n<p>- Lương: từ 8 -15 &nbsp;triệu</p>\r\n\r\n<p>- Phụ cấp: ăn trưa (30k/ng&agrave;y đi l&agrave;m), gửi xe.</p>\r\n\r\n<p>- Thời gian l&agrave;m việc: 8-17h30 (nghỉ trưa 1h30) từ thứ 2- thứ 6 v&agrave; 02 thứ 7/th&aacute;ng</p>\r\n\r\n<p>- L&agrave;m việc trong m&ocirc;i trường chuy&ecirc;n nghiệp, năng động, nhiều cơ hội học tập v&agrave; ph&aacute;t triển.</p>\r\n\r\n<p>- Định hướng v&agrave; đ&agrave;o tạo để trờ th&agrave;nh Key member/ Senior Developer</p>\r\n\r\n<p>- Du lịch với c&ocirc;ng ty hằng năm</p>\r\n\r\n<p>- Tham gia c&aacute;c hoạt động văn nghệ, thể thao c&ugrave;ng c&ocirc;ng ty.</p>\r\n\r\n<p>- Thưởng th&aacute;ng 13 (1-2 th&aacute;ng lương), sinh nhật, tết dương, quốc kh&aacute;nh, 30/04, 01/05, ,&hellip;</p>\r\n\r\n<p>- Đ&aacute;nh gi&aacute; năng lưc v&agrave; review 6 th&aacute;ng 1 lần</p>', 'lap-trinh-vien-php-fresher-thu-nhap-cao', 10000000, 15000000, 'Full time', 4, 'Nhân viên', 'Trên 1 năm', '1', '2021-12-18 08:50:02', '2021-12-18 08:50:02', 1, 4, 79),
(187, 'Thực Tập Sinh PHP (Laravel)', 59, 'images/images/61bda113b9cd7-laravel.png', '2021-12-31', '<h3>M&ocirc; tả c&ocirc;ng việc</h3>\r\n\r\n<p>&bull; Được đ&agrave;o tạo định hướng về Front-end v&agrave; Back-end<br />\r\n&bull; Tham gia c&aacute;c dự &aacute;n nước ngo&agrave;i theo h&igrave;nh thức training on-job dưới sự hướng dẫn trực tiếp của Leader<br />\r\n&bull; Đọc hiểu t&agrave;i liệu kỹ thuật, t&igrave;m hiểu v&agrave; ph&acirc;n t&iacute;ch y&ecirc;u cầu sản phẩm, thiết kế t&iacute;nh năng, nghi&ecirc;n cứu c&aacute;c c&ocirc;ng nghệ được ph&acirc;n c&ocirc;ng<br />\r\n&bull; Phối hợp với c&aacute;c th&agrave;nh vi&ecirc;n trong team để thiết kế, triển khai c&aacute;c t&iacute;nh năng mới theo y&ecirc;u cầu dự &aacute;n<br />\r\n&bull; Thực hi&ecirc;n c&aacute;c c&ocirc;ng việc kh&aacute;c theo sự ph&acirc;n c&ocirc;ng của quản l&yacute;<br />\r\n&bull; Chi tiết sẽ trao đổi cụ thể khi phỏng vấn</p>\r\n\r\n<h3>Y&ecirc;u cầu ứng vi&ecirc;n</h3>\r\n\r\n<p>&bull; Sinh vi&ecirc;n năm 3,4 hoặc tốt nghiệp cao đẳng/đại học chuy&ecirc;n ng&agrave;nh CNTT, Kỹ thuật phần mềm, Khoa học m&aacute;y t&iacute;nh, &hellip; hoặc c&aacute;c lĩnh vực li&ecirc;n quan<br />\r\n&bull; Nắm vững c&aacute;c kiến thức về PHP<br />\r\n&bull; C&oacute; kiến thức tốt về MySQL, viết v&agrave; tối ưa h&oacute;a truy vấn SQL<br />\r\n&bull; Kiến thức tốt về lập tr&igrave;nh hướng đối tượng.&nbsp;<br />\r\n&bull; C&oacute; kiến thức về lập tr&igrave;nh web: HTML, CSS, Javascript, JQuery, &hellip;&nbsp;<br />\r\n&bull; C&oacute; kinh nghiệm l&agrave;m việc với một trong c&aacute;c Framework: Laravel, CakePHP l&agrave; lợi thế<br />\r\n&bull; Kỹ năng l&agrave;m việc nh&oacute;m v&agrave; trao đổi th&ocirc;ng tin tốt<br />\r\n&bull; Chăm chỉ, c&oacute; tinh thần học hỏi, chủ động trong c&ocirc;ng việc<br />\r\n&bull; Đam m&ecirc; lập tr&igrave;nh, tư duy logic, sẵn s&agrave;ng t&igrave;m hiểu v&agrave; học hỏi c&aacute;i mới<br />\r\n&bull; Nhiệt t&igrave;nh v&agrave; c&oacute; tr&aacute;ch nhiệm trong c&ocirc;ng việc</p>\r\n\r\n<h3>Quyền lợi</h3>\r\n\r\n<p>&bull; C&oacute; hỗ trợ lương h&agrave;ng th&aacute;ng từ 1,000,000 &ndash; 5,000,000 t&ugrave;y theo năng lực<br />\r\n&bull; C&oacute; cơ hội trở th&agrave;nh nh&acirc;n vi&ecirc;n ch&iacute;nh thức tại Adamo với mức lương hấp dẫn&nbsp;<br />\r\n&bull; Lương T13 v&agrave; review lương 2 lần 1 năm khi l&ecirc;n ch&iacute;nh thức&nbsp;<br />\r\n&bull; Thưởng c&aacute;c dịp lễ Tết, thưởng qu&yacute;, thưởng th&acirc;m ni&ecirc;n, thưởng lợi nhuận.<br />\r\n&bull; Qu&agrave; tặng dịp sinh nhật c&aacute; nh&acirc;n<br />\r\n&bull; Cơ hội được học hỏi, l&agrave;m việc với c&ocirc;ng nghệ mới<br />\r\n&bull; Được l&agrave;m việc trong một m&ocirc;i trường chuy&ecirc;n nghiệp với c&aacute;c đối t&aacute;c nước ngo&agrave;i<br />\r\n&bull; Du lịch, teambuilding 2-3 lần/năm<br />\r\n&bull; Hỗ trợ tham gia c&aacute;c kh&oacute;a đ&agrave;o tạo n&acirc;ng cao kiến thức v&agrave; kỹ năng</p>', 'thuc-tap-sinh-php-laravel', 1000000, 3000000, 'Full time,Part time', 10, 'Thực tập sinh', 'Không yêu cầu', '0', '2021-12-18 08:51:31', '2021-12-18 08:51:31', 1, 4, 1),
(188, 'IOS Team Leader', 59, 'images/images/61bda1b9ccb2b-ios.jpg', '2021-12-31', '<h2>M&ocirc; tả c&ocirc;ng việc</h2>\r\n\r\n<p>- Tạo base project cho dự &aacute;n, viết c&aacute;c component d&ugrave;ng chung<br />\r\n- Cải thiện chất lượng sản phẩm, tối ưu h&oacute;a tốc độ, hiệu năng của ứng dụng&nbsp;<br />\r\n- Quản l&yacute; team từ 5-7 th&agrave;nh vi&ecirc;n<br />\r\n- Thực hiện c&aacute;cc nhiệm vụ/ c&ocirc;ng việc kh&aacute;c do Leader/PM giao</p>\r\n\r\n<h2>Y&ecirc;u cầu ứng vi&ecirc;n</h2>\r\n\r\n<p>- C&oacute; kinh nghiệm 1 năm l&agrave;m vị tr&iacute; tương đương&nbsp;<br />\r\n- Kỹ năng th&agrave;nh thạo với dự &aacute;n thực tế với lập tr&igrave;nh ứng dụng di động iOS<br />\r\n- Nhiệt t&igrave;nh, ham học hỏi, mong muốn cầu tiến.<br />\r\n- Chủ động trong c&ocirc;ng t&aacute;c quản l&yacute; cũng như traning cho th&agrave;nh vi&ecirc;n</p>\r\n\r\n<h2>Quyền lợi được hưởng</h2>\r\n\r\n<p><strong>Cơ hội ph&aacute;t triển bản th&acirc;n</strong><br />\r\n- L&agrave;m việc với đội ngũ kỹ sư, nh&acirc;n vi&ecirc;n năng động<br />\r\n- Được lắng nghe, t&ocirc;n trọng &yacute; kiến, quan điểm c&aacute; nh&acirc;n để trao đổi thẳng thắn, chia sẻ c&ugrave;ng ph&aacute;t triển.<br />\r\n- Được l&atilde;nh đạo gi&agrave;u kinh nghiệm đ&agrave;o tạo, định hướng con đường nghề nghiệp r&otilde; r&agrave;ng.<br />\r\n- Được cử tham gia c&aacute;c kh&oacute;a đ&agrave;o tạo mới, đ&agrave;o tạo n&acirc;ng cao ph&ugrave; hợp với năng lực v&agrave; nguyện vọng.<br />\r\n- Được ghi nhận những đ&oacute;ng g&oacute;p, nỗ lực kịp thời, ch&iacute;nh x&aacute;c.<br />\r\n- Được tham gia học hoặc thi c&aacute;c chứng chỉ li&ecirc;n quan với chế độ hỗ trợ về ch&iacute;nh s&aacute;ch từ C&ocirc;ng ty</p>\r\n\r\n<p><br />\r\n<strong>Chế độ đ&atilde;i ngộ</strong><br />\r\n- Mức lương thỏa thuận theo năng lực<br />\r\n- Đ&oacute;ng bảo hiểm bằng 50% lương cứng<br />\r\n- Phụ cấp tăng ca, thưởng dự &aacute;n, thưởng vượt chỉ ti&ecirc;u, thưởng th&aacute;ng lương thứ 13,...<br />\r\n- Được c&ocirc;ng ty thực hiện đầy đủ nghĩa vụ về bảo hiểm; phụ cấp xăng xe, ăn trưa, thai sản, con nhỏ, cưới hỏi, sinh nhật,...<br />\r\n- Định kỳ x&eacute;t tăng lương 2 lần/năm hoặc đột xuất theo đ&aacute;nh gi&aacute;.<br />\r\n- Được hỗ trợ c&aacute;c thiết bị, c&ocirc;ng cụ cần thiết cho thực hiện c&ocirc;ng việc.<br />\r\n- Trợ cấp chứng chỉ li&ecirc;n quan đến vị tr&iacute; c&ocirc;ng việc.</p>\r\n\r\n<p><br />\r\n<strong>Đời sống tinh thần</strong><br />\r\n- M&ocirc;i trường l&agrave;m việc chuy&ecirc;n nghiệp, th&acirc;n thiện, cởi mở.<br />\r\n- C&aacute;c th&agrave;nh vi&ecirc;n trong c&ocirc;ng ty gần gũi, gắn b&oacute;, quan t&acirc;m, gi&uacute;p đỡ nhau c&ugrave;ng ph&aacute;t triển.<br />\r\n- Được tham gia c&aacute;c hoạt động teambuilding h&agrave;ng năm.<br />\r\n- C&ocirc;ng ty lu&ocirc;n động vi&ecirc;n v&agrave; tạo điều kiện tốt nhất cho to&agrave;n thể nh&acirc;n vi&ecirc;n.<br />\r\n- C&ocirc;ng ty tổ chức c&aacute;c buổi sinh nhật cho nh&acirc;n vi&ecirc;n h&agrave;ng th&aacute;ng, tổ chức thưởng v&agrave; kỉ niệm những ng&agrave;y lễ tết trong năm.</p>', 'ios-team-leader', 25000000, 30000000, 'Full time', 2, 'Leader', 'Trên 3 năm', '0', '2021-12-18 08:54:17', '2021-12-18 08:54:17', 1, 4, 25),
(189, 'Frontend Developer (Reactjs, JavaScript)', 59, 'images/images/61bda25b81777-react.png', '2022-01-07', '<h3>M&ocirc; tả c&ocirc;ng việc</h3>\r\n\r\n<p>&bull; Tham gia x&acirc;y dựng, ph&aacute;t triển frontend v&agrave; tối ưu cho c&aacute;c hệ thống Fintech với xử l&yacute; dữ liệu lớn, hiệu năng cao&nbsp;<br />\r\n&bull; Tham gia nghi&ecirc;n cứu giải ph&aacute;p v&agrave; &aacute;p dụng c&aacute;c c&ocirc;ng nghệ mới nhanh ch&oacute;ng<br />\r\n&bull; Hỗ trợ c&aacute;c th&agrave;nh vi&ecirc;n ph&aacute;t triển c&aacute;c module phức tạp</p>\r\n\r\n<h3>Y&ecirc;u cầu ứng vi&ecirc;n</h3>\r\n\r\n<p>&bull; C&oacute; &iacute;t nhất 1 năm kinh nghiệm ở vị tr&iacute; tương đương.&nbsp;<br />\r\n&bull; Sử dụng React stack (ReactJS, Redux, State Management, Functional Programming, Component types, modules, &hellip;)<br />\r\n&bull; Th&agrave;nh thạo Java Script, HTML5/HTML/CSS/CSS3, Bootstrap, SASS.<br />\r\n&bull; Hiểu r&otilde; core của JavaScript v&agrave; biết c&aacute;ch vận dụng OOP practice v&agrave;o JavaScript.<br />\r\n&bull; C&oacute; kiến thức về MVVM (model-view-view-model) trong JavaScript l&agrave; 1 lợi thế.<br />\r\n&bull; C&oacute; kinh nghiệm l&agrave;m việc với Responsive Web Design, RESTful API<br />\r\n&bull; C&oacute; kinh nghiệm l&agrave;m c&aacute;c dự &aacute;n tr&ecirc;n nền tảng AngularJS, ReactJS, NodeJS l&agrave; một lợi thế<br />\r\n&bull; C&oacute; kinh nghiệm về UI-UX l&agrave; 1 lợi thế<br />\r\n&bull; Teamwork tốt để hỗ trợ c&aacute;c th&agrave;nh vi&ecirc;n kh&aacute;c trong team&nbsp;<br />\r\n&bull; C&oacute; niềm đam m&ecirc; kh&aacute;m ph&aacute;, học hỏi c&ocirc;ng nghệ mới.</p>\r\n\r\n<h3>Quyền lợi</h3>\r\n\r\n<p>Chế độ đ&atilde;i ngộ:&nbsp;<br />\r\n&bull; Lương khởi điểm hấp dẫn<br />\r\n&bull; X&eacute;t tăng lương 2 lần/năm dựa tr&ecirc;n hiệu quả c&ocirc;ng việc.<br />\r\n&bull; Hưởng đầy đủ c&aacute;c chế độ bảo hiểm v&agrave; được c&ocirc;ng ty hỗ trợ ho&agrave;n to&agrave;n chi ph&iacute; g&oacute;i BH sức khỏe cao cấp.<br />\r\n&bull; Được tặng qu&agrave;, thăm hỏi nh&acirc;n c&aacute;c dịp sinh nhật, cưới hỏi, hiếu hỉ, ốm đau&hellip;<br />\r\n&bull; L&agrave;m việc trong m&ocirc;i trường hiện đại, trẻ trung, văn h&oacute;a mở với nhiều hoạt động văn h&oacute;a tinh thần: du lịch, nghỉ dưỡng, party sự kiện&hellip;<br />\r\n&bull; L&agrave;m việc từ T2-T6, nghỉ T7, CN, Lễ Tết v&agrave; một số ng&agrave;y nghỉ đặc biệt kh&aacute;c<br />\r\nĐ&agrave;o tạo - Ph&aacute;t triển:<br />\r\n&bull; Cơ hội tiếp cận v&agrave; học hỏi c&ocirc;ng nghệ ti&ecirc;n tiến; được l&agrave;m việc v&agrave; training với những đồng nghiệp c&oacute; nhiều năm kinh nghiệm l&agrave;m việc với c&aacute;c hệ thống lớn.<br />\r\n&bull; Được trau dồi kiến thức khi được t&igrave;m hiểu v&agrave; tham gia c&aacute;c dự &aacute;n lớn trong lĩnh vực Fintech v&agrave; E-commerce.<br />\r\n&bull; Được hỗ trợ chi ph&iacute; học tập, thi c&aacute;c chứng chỉ chuy&ecirc;n m&ocirc;n; đồng thời n&acirc;ng cao chuy&ecirc;n m&ocirc;n v&agrave; kỹ năng mềm với c&aacute;c buổi seminar kỹ thuật, hội thảo kỹ năng tổ chức thường xuy&ecirc;n tại c&ocirc;ng ty.<br />\r\n&bull; Được tạo cơ hội ph&aacute;t triển thế mạnh của bản th&acirc;n c&ugrave;ng nhiều cơ hội thăng tiến trong c&ocirc;ng ty</p>', 'frontend-developer-reactjs-javascript', 18000000, 25000000, 'Full time', 5, 'Nhân viên', 'Trên 1 năm', '0', '2021-12-18 08:56:59', '2021-12-18 08:56:59', 1, 4, 25),
(190, 'Senior Web Developer (JavaScript , Nodejs, Reactjs) - Lương Up To 30Tr/Hà Nội', 59, 'images/images/61bda30d2b7c3-js.jpg', '2022-01-08', '<h3>M&ocirc; tả c&ocirc;ng việc</h3>\r\n\r\n<ul>\r\n	<li>Lập tr&igrave;nh v&agrave; ph&aacute;t triển c&aacute;c ứng dụng web/service trong c&aacute;c dự &aacute;n products của c&ocirc;ng ty (kh&ocirc;ng phải l&agrave;m out source)</li>\r\n	<li>X&acirc;y dựng giao diện người d&ugrave;ng (đối với frontend developer) v&agrave; giao diện dịch vụ/API (đối với backend developer).</li>\r\n	<li>Kết hợp với c&aacute;c bộ phận kh&aacute;c (kiểm thử, hệ thống,...) để ho&agrave;n th&agrave;nh, triển khai dự &aacute;n</li>\r\n	<li>L&agrave;m việc trong nh&oacute;m ph&aacute;t triển c&aacute;c ứng dụng v&agrave; dịch vụ theo phương ph&aacute;p Agile.</li>\r\n	<li>Đ&oacute;ng g&oacute;p cho bộ phận v&agrave; tổ chức để n&acirc;ng cao quy tr&igrave;nh, hiệu quả c&ocirc;ng việc.</li>\r\n	<li>C&aacute;c c&ocirc;ng việc kh&aacute;c theo ph&acirc;n c&ocirc;ng của quản l&yacute;.</li>\r\n</ul>\r\n\r\n<h3>Y&ecirc;u cầu ứng vi&ecirc;n</h3>\r\n\r\n<ul>\r\n	<li>Tốt nghiệp Cao đẳng /đại học ng&agrave;nh C&ocirc;ng nghệ th&ocirc;ng tin... hoặc những ng&agrave;nh li&ecirc;n quan kh&aacute;c</li>\r\n	<li>C&oacute; kiến thức v&agrave; kinh nghiệm thực tế về Javascript, Nodejs, Reactjs từ 2 năm trở l&ecirc;n</li>\r\n	<li>Đọc hiểu t&agrave;i liệu tiếng Anh chuy&ecirc;n ng&agrave;nh.</li>\r\n	<li>C&oacute; kiến thức về lập tr&igrave;nh hướng đối tượng.</li>\r\n	<li>Cẩn thận, ki&ecirc;n nhẫn v&agrave; sẵn s&agrave;ng học hỏi c&aacute;c c&ocirc;ng nghệ mới</li>\r\n	<li>C&oacute; kỹ năng ph&acirc;n t&iacute;ch v&agrave; giải quyết vấn đề; C&oacute; khả năng l&agrave;m việc độc lập v&agrave; theo nh&oacute;m</li>\r\n	<li>Ưu ti&ecirc;n:&nbsp;\r\n	<ul>\r\n		<li>C&oacute; kinh nghiệm l&agrave;m việc với Facebook Graph API; dự &aacute;n Livestream v&agrave; CRM</li>\r\n		<li>Full-stack developer.</li>\r\n		<li>Đ&atilde; c&oacute; kinh nghiệm thực tế với NodeJS, ReactJS, AngularJS, Django.</li>\r\n		<li>C&oacute; kinh nghiệm sử dụng v&agrave; giải quyết vấn đề đối với c&aacute;c hệ thống Linux.</li>\r\n		<li>C&oacute; hiểu biết về Docker/Container.</li>\r\n	</ul>\r\n	</li>\r\n</ul>\r\n\r\n<h3>Quyền lợi</h3>\r\n\r\n<ul>\r\n	<li>Mức lương Up to 40 triệu. G&oacute;i thu nhập năm tương đương từ 14 - 17 th&aacute;ng lương quy đổi (Thưởng lương th&aacute;ng 13, lương kinh doanh, thưởng năm, Qu&yacute;...).</li>\r\n	<li>Ph&uacute;c lợi: bảo hiểm x&atilde; hội theo luật Lao động; Chăm s&oacute;c sức khỏe định k&igrave; h&agrave;ng năm; G&oacute;i bảo hiểm sức khỏe chuy&ecirc;n biệt FPT Care 100% free cho c&aacute;n bộ nh&acirc;n vi&ecirc;n FPT</li>\r\n	<li>M&ocirc;i trường l&agrave;m việc th&acirc;n thiện, chuy&ecirc;n nghiệp; Văn h&oacute;a doanh nghiệp đa dạng, phong ph&uacute;, C&aacute;c hoạt động tri &acirc;n, chăm lo đời sống tinh thần CBNV v&agrave; Th&acirc;n nh&acirc;n...;</li>\r\n	<li>Cơ hội đ&agrave;o tạo c&aacute;c kh&oacute;a đ&agrave;o tạo n&acirc;ng cao chuy&ecirc;n m&ocirc;n v&agrave; kỹ năng, ph&aacute;t triển v&agrave; thăng tiến.</li>\r\n	<li>Phụ cấp kh&aacute;c :Cơ sở vật chất v&agrave; c&ocirc;ng cụ l&agrave;m việc hiện đại, tiện nghi.Thời gian l&agrave;m việc: 8h-17h30 từ thứ 2- thứ 6</li>\r\n	<li>Nghỉ ph&eacute;p, nghỉ lễ theo quy định của Nh&agrave; Nước</li>\r\n</ul>', 'senior-web-developer-javascript-nodejs-reactjs-luong-up-to-30trha-noi', 30000000, 35000000, 'Full time', 3, 'Senior', 'Trên 3 năm', '0', '2021-12-18 08:59:57', '2021-12-18 08:59:57', 1, 4, 25),
(191, 'Lập Trình Viên Vuejs', 59, 'images/images/61bda4388fc69-vjs.jpg', '2021-12-28', '<h3>M&ocirc; tả c&ocirc;ng việc</h3>\r\n\r\n<p>- Tham gia v&agrave;o c&aacute;c dự &aacute;n của c&ocirc;ng ty v&agrave; kh&aacute;ch h&agrave;ng Nhật<br />\r\n- Tham gia ph&acirc;n t&iacute;ch, thiết kế phần mềm.<br />\r\n- Phối hợp để l&ecirc;n kế hoạch ph&aacute;t triển sản phẩm v&agrave; x&acirc;y dựng team.</p>\r\n\r\n<h3>Y&ecirc;u cầu ứng vi&ecirc;n</h3>\r\n\r\n<p>- C&oacute; &iacute;t nhất 1.5 năm kinh nghiệm VueJS<br />\r\n- C&oacute; khả năng tư duy, học hỏi nhanh. Cẩn thận, tỉ mỉ.<br />\r\n- Th&agrave;nh thạo về hệ quản trị cơ sở dữ liệu MS SQL / Oracle<br />\r\n- Đam m&ecirc; c&ocirc;ng việc, chấp nhận th&aacute;ch thức c&ocirc;ng việc, cởi mở than thiện, l&agrave;m việc nh&oacute;m hiệu quả.<br />\r\n- Tiếng Anh đọc hiểu văn bản, ứng vi&ecirc;n c&oacute; Tiếng Anh giao tiếp l&agrave; 1 lợi thế</p>\r\n\r\n<h3>Quyền lợi</h3>\r\n\r\n<p>- Mức lương th&aacute;ng cạnh tranh + Phụ cấp<br />\r\n- Thưởng dự &aacute;n l&ecirc;n tới 14.5 th&aacute;ng lương/năm<br />\r\n- Review lương h&agrave;ng năm hoặc đột xuất<br />\r\n- Được hưởng Bảo hiểm x&atilde; hội, Bảo hiểm y tế, Bảo hiểm thất nghiệp theo chế độ nh&agrave; nước ban h&agrave;nh.<br />\r\n- Đối với c&aacute; nh&acirc;n l&agrave;m &gt;1 năm sẽ nhận được G&oacute;i bảo hiểm sức khỏe 24/7 với tổng mệnh gi&aacute; bảo vệ l&ecirc;n tới 100tr đồng<br />\r\n- Team Building h&agrave;ng th&aacute;ng, Company Trip.<br />\r\n- Thưởng n&oacute;ng cho c&aacute; nh&acirc;n c&oacute; th&agrave;nh t&iacute;ch l&agrave;m việc xuất sắc/ c&aacute; nh&acirc;n đ&oacute;ng g&oacute;p t&iacute;ch cực cho tập thể.<br />\r\n- Thưởng tất cả c&aacute;c ng&agrave;y lễ ( 30/4, 1/5, sinh nhật, 2/9, ng&agrave;y th&agrave;nh lập c&ocirc;ng ty, giỗ tổ h&ugrave;ng vương, cưới hỏi, tết dương lịch, tết truyền thống ). C&oacute; c&aacute;c khoản chăm s&oacute;c: cưới hỏi, sinh con, ...<br />\r\n- Chế độ chăm s&oacute;c phụ nữ: thưởng lễ 20/10 &ndash; 8/3, g&oacute;i thưởng sinh sản của ri&ecirc;ng c&ocirc;ng ty</p>', 'lap-trinh-vien-vuejs', 15000000, 20000000, 'Full time', 5, 'Nhân viên', 'Trên 1 năm', '0', '2021-12-18 09:04:56', '2021-12-18 09:04:56', 1, 4, 79),
(192, 'Nhân Viên Kỹ Thuật Triển Khai Phần Mềm Bán Hàng', 63, 'images/images/61bf50b9519af-home-background-03.jpg', '2021-12-24', '<h3>M&ocirc; tả c&ocirc;ng việc</h3>\r\n\r\n<p>- Khảo s&aacute;t, tư vấn giải ph&aacute;p phần mềm cho kh&aacute;ch h&agrave;ng;<br />\r\n- Lập kế hoạch triển khai;<br />\r\n- C&agrave;i đặt chuyển giao phần mềm cho kh&aacute;ch h&agrave;ng;<br />\r\n- Hỗ trợ c&aacute;c lỗi ph&aacute;t sinh trong qu&aacute; tr&igrave;nh sử dụng;<br />\r\n- Chăm s&oacute;c, x&acirc;y dựng, duy tr&igrave; mối quan hệ với kh&aacute;ch h&agrave;ng;<br />\r\n- C&aacute;c c&ocirc;ng việc kh&aacute;c theo y&ecirc;u cầu của Trưởng Bộ phận.</p>\r\n\r\n<h3>Y&ecirc;u cầu ứng vi&ecirc;n</h3>\r\n\r\n<p>- Tốt nghiệp Cao Đẳng/Đại học chuy&ecirc;n ng&agrave;nh CNTT;<br />\r\n- Tối thiểu 1-2 năm kinh nghiệm tại vị tr&iacute; tương tự;&nbsp;<br />\r\n- C&oacute; tinh thần cầu tiến v&agrave; ham học hỏi;<br />\r\n- C&oacute; kỹ năng giao tiếp, trao đổi với kh&aacute;ch h&agrave;ng;<br />\r\n- Nắm được kiến thức về tin học, phần cứng, mạng;<br />\r\n- Nhanh nhẹn, hoạt b&aacute;t, c&oacute; tr&aacute;ch nhiệm trong c&ocirc;ng việc;<br />\r\n- C&oacute; hiểu biết v&agrave; kinh nghiệm l&agrave;m việc trong ng&agrave;nh phần mềm l&agrave; một lợi thế;</p>\r\n\r\n<h3>Quyền lợi được hưởng</h3>\r\n\r\n<p>- &nbsp;Thu nhập: 8 - 15 triệu/th&aacute;ng;</p>\r\n\r\n<p>- M&ocirc;i trường l&agrave;m việc trẻ, năng động, chuy&ecirc;n nghiệp. T&iacute;ch lũy kinh nghiệm về kiến thức CNTT;<br />\r\n- Được định hướng r&otilde; r&agrave;ng con đường ph&aacute;t triển sự nghiệp tại C&ocirc;ng ty qua cơ chế tổ chức nh&acirc;n sự theo cấp bậc;<br />\r\n- Được đi du lịch h&agrave;ng năm c&ugrave;ng C&ocirc;ng ty;<br />\r\n- Hưởng đầy đủ c&aacute;c chế độ theo Luật lao động: Nghỉ lễ, tết, ph&eacute;p năm, hiếu, hỷ&hellip;<br />\r\n- Tham gia BHXH - BHYT - BHTN theo quy định của Nh&agrave; nước.<br />\r\n- Kh&aacute;m sức khỏe định kỳ, bảo hiểm tai nạn UIC, bảo hiểm sức khỏe PVI<br />\r\n- Cấp ph&aacute;t Laptop, balo, &aacute;o kho&aacute;c, đồng phục;<br />\r\n- Được chăm s&oacute;c tiếp sức với tủ thức ăn đầy ắp v&agrave;o cuối th&aacute;ng.</p>\r\n\r\n<p>- Được tiếp cận với những xu hướng, c&ocirc;ng nghệ mới nhất trong ng&agrave;nh F&amp;B.</p>', 'nhan-vien-ky-thuat-trien-khai-phan-mem-ban-hang', 8000000, 15000000, 'Full time', 6, 'Nhân viên', 'Không yêu cầu', '3', '2021-12-19 15:33:13', '2021-12-20 05:56:59', 1, 1, 1),
(198, 'IOS Developer', 63, 'images/images/61bf54a3b95fb-job-category-01.jpg', '2021-12-26', '<h3>M&ocirc; tả c&ocirc;ng việc</h3>\r\n\r\n<p>- Tham gia dự &aacute;n với vai tr&ograve; Lập tr&igrave;nh vi&ecirc;n Mobile;</p>\r\n\r\n<p>- Tham gia lập tr&igrave;nh x&acirc;y dựng sản phẩm phần mềm Quản l&yacute; kh&aacute;ch h&agrave;ng với c&ocirc;ng nghệ mới nhất Việt Nam;</p>\r\n\r\n<p>&nbsp;- Dự &aacute;n được thực hiện theo m&ocirc; h&igrave;nh Micro Service;&nbsp;</p>\r\n\r\n<p>- Thực hiện Coding, Unit test, Functional test cho phần việc của m&igrave;nh;&nbsp;</p>\r\n\r\n<p>- Tham gia training nghi&ecirc;n cứu trao đổi c&ocirc;ng nghệ định kỳ với th&agrave;nh vi&ecirc;n trong team.</p>\r\n\r\n<h3>Y&ecirc;u cầu ứng vi&ecirc;n</h3>\r\n\r\n<p>- Tốt nghiệp ng&agrave;nh CNTT hoặc lĩnh vực kỹ thuật li&ecirc;n quan;</p>\r\n\r\n<p>- Th&agrave;nh thạo objective C, Swift; c&aacute;c framework: UIKit, StoreKit, MessageUI, CFNetwork, CoreData;</p>\r\n\r\n<p>- C&oacute; kinh nghiệm về lập tr&igrave;nh hướng đối tượng OOP;</p>\r\n\r\n<p>- C&oacute; kinh nghiệm tối ưu h&oacute;a performance v&agrave; tối ưu h&oacute;a cho c&aacute;c loại device kh&aacute;c nhau;</p>\r\n\r\n<p>- C&oacute; kinh nghiệm l&agrave;m việc với Sqlite, MySQL, MongoDB;</p>\r\n\r\n<p>- Hiểu biết về logic, cấu tr&uacute;c dữ liệu, thuật to&aacute;n, design pattern;</p>\r\n\r\n<p>- C&oacute; thể sử dụng tiếng Anh để phục vụ c&ocirc;ng việc;</p>\r\n\r\n<p>- Ưu ti&ecirc;n ứng vi&ecirc;n c&oacute; sản phẩm demo trực tiếp hoặc up l&ecirc;n Appstore/CH Play.</p>\r\n\r\n<h3>Quyền lợi được hưởng</h3>\r\n\r\n<p>- Mức lương: Thoả thuận theo năng lực;</p>\r\n\r\n<p>- L&agrave;m việc trong m&ocirc;i trường hiện đại, năng động, b&igrave;nh đẳng, ph&aacute;t huy tối đa khả năng chủ động v&agrave; s&aacute;ng tạo;</p>\r\n\r\n<p>- Con đường thăng tiến r&otilde; r&agrave;ng;</p>\r\n\r\n<p>- Ch&iacute;nh s&aacute;ch đ&agrave;o tạo ngo&agrave;i, gym, t&agrave;i ch&iacute;nh c&aacute; nh&acirc;n;</p>\r\n\r\n<p>- C&ocirc;ng ty cấp ph&aacute;t thiết bị l&agrave;m việc;</p>\r\n\r\n<p>- C&aacute;c chế độ BHXH, BHYT theo quy định của nh&agrave; nước;</p>\r\n\r\n<p>- Bảo hiểm sức khỏe UIC, PTI;</p>\r\n\r\n<p>- Hưởng đầy đủ c&aacute;c chế độ theo luật lao động hiện h&agrave;nh v&agrave; c&aacute;c ch&iacute;nh s&aacute;ch đ&atilde;i ngộ tốt;</p>', 'ios-developer', 11000000, 14000000, 'Full time', 1, 'Nhân viên', 'Trên 1 năm', '3', '2021-12-19 15:49:55', '2021-12-20 05:56:34', 1, 4, 1),
(199, 'Trưởng Nhóm Kinh Doanh', 63, 'images/images/61bf5707cdbfe-job-detail-inner.png', '2021-12-26', '<h3>M&ocirc; tả c&ocirc;ng việc</h3>\r\n\r\n<p>- Quản l&yacute;, tuyển dụng v&agrave; đ&agrave;o tạo đội nh&oacute;m kinh doanh</p>\r\n\r\n<p>- Lập kế hoạch hoạt động Team theo ng&agrave;y, tuần, th&aacute;ng để thực hiện mục ti&ecirc;u của C&ocirc;ng ty v&agrave; triển khai xuống cho nh&acirc;n vi&ecirc;n</p>\r\n\r\n<p>- Theo d&otilde;i qu&aacute; tr&igrave;nh l&agrave;m việc với kh&aacute;ch h&agrave;ng của nh&acirc;n vi&ecirc;n, sau đ&oacute; tổng hợp c&aacute;c b&aacute;o c&aacute;o, đưa ra hướng khắc phục, cải tiến v&agrave; huấn luyện lại đội ngũ</p>\r\n\r\n<p>- Thu thập th&ocirc;ng tin từ kh&aacute;ch h&agrave;ng v&agrave; thị trường để x&acirc;y dựng cơ sở dữ liệu cho nh&oacute;m</p>\r\n\r\n<p>- Ph&acirc;n loại v&agrave; thiết lập phương ph&aacute;p tiếp cận từng nh&oacute;m kh&aacute;ch h&agrave;ng kh&aacute;c nhau</p>\r\n\r\n<p>- Quản l&yacute; v&agrave; chịu tr&aacute;ch nhiệm về h&agrave;ng h&oacute;a, c&ocirc;ng nợ của kh&aacute;ch h&agrave;ng</p>\r\n\r\n<p>- Chi tiết c&ocirc;ng việc sẽ trao đổi cụ thể hơn trong qu&aacute; tr&igrave;nh phỏng vấn.</p>\r\n\r\n<p>&nbsp;</p>\r\n\r\n<h3>Y&ecirc;u cầu ứng vi&ecirc;n</h3>\r\n\r\n<p>- Tuổi từ 25 &ndash; 33 tuổi, đang sinh sống ở Vũng T&agrave;u</p>\r\n\r\n<p>- Trung thực, c&oacute; tinh thần tr&aacute;ch nhiệm</p>\r\n\r\n<p>- C&oacute; kỹ năng quản l&yacute; nh&oacute;m, lập kế hoạch c&ocirc;ng việc</p>\r\n\r\n<p>- C&oacute; kỹ năng giao tiếp, đ&agrave;m ph&aacute;n với kh&aacute;ch h&agrave;ng</p>\r\n\r\n<p>- C&oacute; kỹ năng lắng nghe, ph&acirc;n t&iacute;ch vấn đề</p>\r\n\r\n<p>- C&oacute; tư duy logic</p>\r\n\r\n<p>- Ưu ti&ecirc;n ứng vi&ecirc;n c&oacute; kinh nghiệm quản l&yacute; Team 6 người tr&ecirc;n 1 năm</p>\r\n\r\n<p>- Ưu ti&ecirc;n ứng vi&ecirc;n đ&atilde; từng l&agrave;m việc trong lĩnh vực c&ocirc;ng nghệ hoặc ng&agrave;nh F&amp;B</p>\r\n\r\n<p>- Tốt nghiệp cao đẳng, đại học trở l&ecirc;n chuy&ecirc;n ng&agrave;nh Kinh tế, quản trị kinh doanh</p>\r\n\r\n<p>- Biết sử dụng c&aacute;c kỹ năng tin học văn ph&ograve;ng</p>\r\n\r\n<p>&nbsp;</p>\r\n\r\n<h3>Quyền lợi được hưởng</h3>\r\n\r\n<p>Thu nhập kh&ocirc;ng giới hạn theo kết quả c&ocirc;ng việc đạt được, gồm:</p>\r\n\r\n<p><strong>+ Lương cơ bản 9-12tr/th&aacute;ng</strong></p>\r\n\r\n<p><strong>+ Thu nhập trung b&igrave;nh khoảng 20 - 30tr/th&aacute;ng</strong></p>\r\n\r\n<p>+ Ch&iacute;nh s&aacute;ch thưởng v&agrave; hoa hồng đa dạng theo kết quả đạt được</p>\r\n\r\n<p>&nbsp;+ Lương th&aacute;ng 13</p>\r\n\r\n<p>- C&oacute; cơ hội l&agrave;m việc cho c&ocirc;ng ty c&ocirc;ng nghệ h&agrave;ng đầu ở Việt Nam về giải ph&aacute;p POS</p>\r\n\r\n<p>- C&oacute; cơ hội hợp t&aacute;c với quản l&yacute; cấp cao của thương hiệu lớn trong ng&agrave;nh dịch vụ ăn uống</p>\r\n\r\n<p>- C&oacute; cơ hội n&acirc;ng cao kiến thức v&agrave; tạo dựng mối quan hệ với người th&agrave;nh c&ocirc;ng trong lĩnh vực c&ocirc;ng nghệ v&agrave; ng&agrave;nh dịch vụ ăn uống</p>\r\n\r\n<p>- Được định hướng r&otilde; r&agrave;ng con đường ph&aacute;t triển sự nghiệp tại C&ocirc;ng ty qua cơ chế tổ chức nh&acirc;n sự theo cấp bậc</p>\r\n\r\n<p>- Được đi du lịch h&agrave;ng năm c&ugrave;ng C&ocirc;ng ty</p>\r\n\r\n<p>- Được l&agrave;m việc trong m&ocirc;i trường Teamwork v&agrave; nhận được sự hỗ trợ tối đa từ cấp tr&ecirc;n</p>\r\n\r\n<p>- Được đ&agrave;o tạo b&agrave;i bản từ những con người c&oacute; hơn 10 năm kinh nghiệm trong ng&agrave;nh</p>\r\n\r\n<p>- Được hỗ trợ đồng phục, &aacute;o kho&aacute;c balo&hellip;để thực hiện c&ocirc;ng việc</p>\r\n\r\n<p>- Hưởng đầy đủ c&aacute;c chế độ theo Luật lao động: Nghỉ lễ, tết, ph&eacute;p năm, hiếu, hỷ&hellip;</p>\r\n\r\n<p>- Tham gia BHXH - BHYT - BHTN theo quy định của Nh&agrave; nước</p>\r\n\r\n<p>&nbsp;</p>', 'truong-nhom-kinh-doanh', 20000000, 30000000, 'Full time', 1, 'Trưởng nhóm', 'Trên 3 năm', '3', '2021-12-19 16:00:07', '2021-12-20 05:56:03', 1, 1, 1),
(200, 'Chuyên Viên Content Marketing', 63, 'images/images/61bf5787be02c-section-background.jpg', '2021-12-26', '<h3>M&ocirc; tả c&ocirc;ng việc</h3>\r\n\r\n<p>- Tham gia x&acirc;y dựng, đ&aacute;nh gi&aacute; v&agrave; định hướng sự ph&aacute;t triển nội dung tr&ecirc;n hệ thống Website, Social Network của c&ocirc;ng ty.&nbsp;</p>\r\n\r\n<p>- Nắm bắt &yacute; tưởng, s&aacute;ng tạo v&agrave; bi&ecirc;n tập nội dung.&nbsp;</p>\r\n\r\n<p>- L&ecirc;n &yacute; tưởng v&agrave; đề xuất c&aacute;c chiến dịch nội dung marketing trong năm, phục vụ cho từng mục ti&ecirc;u cụ thể trong từng giai đoạn.</p>\r\n\r\n<p>&nbsp;- Phối hợp với team Design, Digital, Offline để sản xuất c&aacute;c nội dung dưới nhiều h&igrave;nh thức như: Infographic, Post, Video, v.v&hellip;</p>\r\n\r\n<p>&nbsp;- Tham gia l&ecirc;n &yacute; tưởng, kịch bản cho c&aacute;c video truyền th&ocirc;ng, giới thiệu sản phẩm.</p>\r\n\r\n<p>&nbsp;- Cập nhật thường xuy&ecirc;n c&aacute;c xu hướng mới, c&aacute;c nguồn kiến thức chuy&ecirc;n m&ocirc;n v&agrave; r&egrave;n luyện c&aacute;c kỹ năng phục vụ cho c&ocirc;ng việc.&nbsp;</p>\r\n\r\n<p>- Hỗ trợ triển khai c&aacute;c hoạt động Marketing kh&aacute;c theo sự ph&acirc;n c&ocirc;ng của Trưởng Bộ phận v&agrave; Ban l&atilde;nh đạo.</p>\r\n\r\n<p>- Mở rộng c&aacute;c k&ecirc;nh chưa khai th&aacute;c nếu c&oacute;.</p>\r\n\r\n<h3>Y&ecirc;u cầu ứng vi&ecirc;n</h3>\r\n\r\n<p>- Nam/Nữ tuổi từ 23-28;<br />\r\n- Tốt nghiệp chuy&ecirc;n ng&agrave;nh: B&aacute;o ch&iacute;, PR Marketing, Kinh doanh, v.v&hellip; l&agrave; một lợi thế.<br />\r\n- C&oacute; 2-4 năm kinh nghiệm l&agrave;m Content. Ưu ti&ecirc;n ứng vi&ecirc;n c&oacute; kinh nghiệm lĩnh vực c&ocirc;ng nghệ hoặc B2B;<br />\r\n- Nhạy b&eacute;n, nắm bắt xu thế nhanh, c&oacute; khả năng ph&aacute;t triển &yacute; tưởng, concept s&aacute;ng tạo<br />\r\n- C&oacute; kiến thức marketing căn bản, hiểu biết về mạng x&atilde; hội (Social Media), đặc biệt l&agrave; Facebook, Youtube, TikTok cũng như c&aacute;c k&ecirc;nh truyền th&ocirc;ng kh&aacute;c;<br />\r\n- C&oacute; khả năng l&agrave;m việc độc lập v&agrave; l&agrave;m việc theo nh&oacute;m;<br />\r\n- C&oacute; khả năng chịu &aacute;p lực cao trong c&ocirc;ng việc;<br />\r\n- C&oacute; kiến thức về ng&agrave;nh nh&agrave; h&agrave;ng/caf&eacute; l&agrave; lợi thế.</p>\r\n\r\n<h3>Quyền lợi được hưởng</h3>\r\n\r\n<p>- Mức lương: 10-13 triệu/th&aacute;ng t&ugrave;y thuộc v&agrave;o năng lực v&agrave; kinh nghiệm;<br />\r\n- C&ocirc;ng ty hỗ trợ laptop v&agrave; c&aacute;c trang thiết bị phục vụ c&ocirc;ng việc;<br />\r\n- C&oacute; cơ hội tiếp x&uacute;c với nhiều thương hiệu nh&agrave; h&agrave;ng/caf&eacute; lớn v&agrave; đẹp tại Việt Nam, trao đổi v&agrave; học hỏi kinh nghiệm từ những người chủ/quản l&yacute; th&agrave;nh c&ocirc;ng.<br />\r\n- T&iacute;ch lũy kinh nghiệm về Marketing Online, Marketing truyền thống, chăm s&oacute;c kh&aacute;ch h&agrave;ng;<br />\r\n- Được quyền tự chủ cao trong c&ocirc;ng việc;<br />\r\n- Được l&agrave;m việc trong một m&ocirc;i trường c&oacute; năng lượng cao, đồng nghiệp cực kỳ hỗ trợ, nhiều thử th&aacute;ch do m&ocirc;i trường c&ocirc;ng nghệ biến đổi kh&ocirc;ng ngừng;<br />\r\n- Review năng lực h&agrave;ng năm;<br />\r\n- Hưởng đầy đủ chế độ BHXH, BHYT, BHTN theo quy định của Ph&aacute;p luật. Bảo hiểm sức khỏe UIC, PTI;<br />\r\n- Văn ph&ograve;ng lu&ocirc;n sẵn tr&agrave;, c&agrave; ph&ecirc;, b&aacute;nh kẹo thư gi&atilde;n trong qu&aacute; tr&igrave;nh l&agrave;m việc.<br />\r\n- M&ocirc;i trường trẻ trung, năng động, gi&uacute;p đỡ nhau trong c&ocirc;ng việc;<br />\r\n- Tham gia c&aacute;c hoạt động du lịch, teambuilding, sinh nhật, Year-end Party&hellip; c&ugrave;ng nhiều hoạt động nội bộ của c&ocirc;ng ty.</p>\r\n\r\n<p>&nbsp;</p>\r\n\r\n<p>&nbsp;</p>', 'chuyen-vien-content-marketing', 10000000, 13000000, 'Full time', 2, 'Nhân viên', 'Trên 1 năm', '3', '2021-12-19 16:02:15', '2021-12-20 05:55:15', 1, 14, 1),
(201, 'Nhân Viên Kinh Doanh', 63, 'images/images/61bf5823504df-single-company.jpg', '2021-12-31', '<h3>M&ocirc; tả c&ocirc;ng việc</h3>\r\n\r\n<p>- T&igrave;m kiếm kh&aacute;ch h&agrave;ng tiềm năng (đối tượng l&agrave; chủ c&aacute;c nh&agrave; h&agrave;ng, qu&aacute;n c&agrave; ph&ecirc;, tr&agrave; sữa, karaoke, bar, pub...), khảo s&aacute;t nhu cầu v&agrave; đưa ra giải ph&aacute;p hợp l&yacute;;</p>\r\n\r\n<p>- Đ&agrave;m ph&aacute;n, k&yacute; kết c&aacute;c hợp đồng với kh&aacute;ch h&agrave;ng;</p>\r\n\r\n<p>- Hỗ trợ kh&aacute;ch h&agrave;ng lắp đặt v&agrave; sử dụng phần mềm;</p>\r\n\r\n<p>- Hỗ trợ c&aacute;c c&ocirc;ng t&aacute;c kh&aacute;c theo sự chỉ đạo của Trưởng ph&ograve;ng kinh doanh;</p>\r\n\r\n<p>- Thời gian l&agrave;m việc: 8h30 - 17h30 (Từ Thứ 2 - Thứ 6); Ri&ecirc;ng Thứ 7: 9h-16h30 (Tuần l&agrave;m tuần nghỉ)</p>\r\n\r\n<h3>Y&ecirc;u cầu ứng vi&ecirc;n</h3>\r\n\r\n<p>- Tốt nghiệp Trung cấp trở l&ecirc;n.</p>\r\n\r\n<p>- Y&ecirc;u th&iacute;ch kinh doanh, c&oacute; tinh thần cầu tiến.</p>\r\n\r\n<p>- Ngoại h&igrave;nh ưa nh&igrave;n, nhanh nhẹn, tự tin giao tiếp.</p>\r\n\r\n<p>- Th&agrave;nh thạo kỹ năng vi t&iacute;nh văn ph&ograve;ng.</p>\r\n\r\n<p>- C&oacute; laptop để l&agrave;m việc.</p>\r\n\r\n<p>- C&oacute; kinh nghiệm l&agrave;m việc trong nh&agrave; h&agrave;ng, qu&aacute;n c&agrave; ph&ecirc;, tr&agrave; sữa l&agrave; một lợi thế rất lớn.</p>\r\n\r\n<h3>Quyền lợi được hưởng</h3>\r\n\r\n<p>- Thu nhập hấp dẫn trung b&igrave;nh từ 10 - 15 triệu/ th&aacute;ng (Lương cứng: 6 - 9 triệu/th&aacute;ng).</p>\r\n\r\n<p>- Thưởng hoa hồng khi b&aacute;n sản phẩm (8% phần mềm, 3% thiết bị), thưởng tr&ecirc;n số lượng thiết bị b&aacute;n ra, thưởng đạt doanh số cao từ 120% - 150%, thưởng nh&acirc;n vi&ecirc;n xuất sắc trong th&aacute;ng...</p>\r\n\r\n<p>- Thưởng lương th&aacute;ng 13, thưởng lễ/ tết...</p>\r\n\r\n<p>- Đ&aacute;nh gi&aacute; năng lực h&agrave;ng năm, cơ hội thăng tiến r&otilde; r&agrave;ng.</p>\r\n\r\n<p>- Hưởng chế độ BHXH, BHYT, BHTN v&agrave; hưởng Bảo hiểm sức khỏe UIC, PTI.&nbsp;</p>\r\n\r\n<p>- Văn ph&ograve;ng lu&ocirc;n sẵn tr&agrave;, c&agrave; ph&ecirc;, b&aacute;nh kẹo thư gi&atilde;n trong qu&aacute; tr&igrave;nh l&agrave;m việc.</p>\r\n\r\n<p>- M&ocirc;i trường trẻ trung, năng động, gi&uacute;p đỡ nhau trong c&ocirc;ng việc.</p>\r\n\r\n<p>- Du lịch, hoạt động nội bộ thường xuy&ecirc;n: Teambuilding, Year end Party, sinh nhật, Ch&uacute;c mừng nh&acirc;n vi&ecirc;n xuất sắc, Quốc tế phụ nữ, Gi&aacute;ng sinh...</p>\r\n\r\n<p>&nbsp;</p>\r\n\r\n<p>&nbsp;</p>', 'nhan-vien-kinh-doanh', 10000000, 15000000, 'Full time', 8, 'Nhân viên', 'Dưới 1 năm', '3', '2021-12-19 16:04:51', '2021-12-20 05:54:36', 1, 1, 1),
(202, 'Senior Digital Marketing', 63, 'images/images/61bf589987c28-callout-2.jpg', '2021-12-31', '<h3>M&ocirc; tả c&ocirc;ng việc</h3>\r\n\r\n<p>- Phụ tr&aacute;ch c&aacute;c hoạt động li&ecirc;n quan đến Outbound Marketing như: Facebook Ads, Google Ads&hellip;&nbsp;</p>\r\n\r\n<p>- Tối ưu c&aacute;c chiến dịch v&agrave; chi ph&iacute;, đảm bảo KPIs theo ng&acirc;n s&aacute;ch được duyệt&nbsp;</p>\r\n\r\n<p>- SEO Onpage, Offpage v&agrave; đi link Building&nbsp;</p>\r\n\r\n<p>- Ph&acirc;n t&iacute;ch, đ&aacute;nh gi&aacute; từ kh&oacute;a v&agrave; lập kế hoạch SEO cho website</p>\r\n\r\n<p>- Đẩy SEO một số bộ từ kh&oacute;a của c&ocirc;ng ty, kết hợp gi&aacute;m s&aacute;t hoạt động SEO agency thu&ecirc; ngo&agrave;i</p>\r\n\r\n<p>- Xử l&yacute; lỗi xảy ra trong qu&aacute; tr&igrave;nh SEO</p>\r\n\r\n<p>- Nghi&ecirc;n cứu v&agrave; đề xuất c&aacute;c k&ecirc;nh c&ocirc;ng cụ kh&aacute;c nếu cần thiết</p>\r\n\r\n<h3>Y&ecirc;u cầu ứng vi&ecirc;n</h3>\r\n\r\n<p>- C&oacute; từ 2 &ndash; 4 năm kinh nghiệm<br />\r\n- C&oacute; kinh nghiệm triển khai v&agrave; y&ecirc;u th&iacute;ch c&aacute;c k&ecirc;nh Digital Marketing, li&ecirc;n tục update những thay đổi về thuật to&aacute;n hay c&ocirc;ng nghệ mới tr&ecirc;n thị trường<br />\r\n- Am hiểu v&agrave; c&oacute; kinh nghiệm về SEO Website, Web tin tức, kiến thức Onpage, Offpage, v.v&hellip;<br />\r\n- Th&agrave;nh thạo c&aacute;c phần mềm l&agrave;m SEO<br />\r\n- C&oacute; tinh thần tr&aacute;ch nhiệm cao, biết tự th&acirc;n vận động hay phối hợp với đồng đội để đạt được kết quả tốt nhất<br />\r\n- Năng động, nhiệt t&igrave;nh, trung thực, linh hoạt trong c&ocirc;ng việc; c&oacute; những &yacute; tưởng hay đ&oacute;ng g&oacute;p để th&uacute;c đẩy hiệu quả c&ocirc;ng việc th&igrave; phải chủ động đề xuất v&agrave; bảo vệ &yacute; kiến.<br />\r\n- Chịu kh&oacute; học hỏi (c&ocirc;ng ty sẵn s&agrave;ng đầu tư) l&agrave; điểm được đ&aacute;nh gi&aacute; cao</p>\r\n\r\n<h3>Quyền lợi được hưởng</h3>\r\n\r\n<p>- Mức lương ph&ugrave; hợp với năng lực (10,000,000đ &ndash; 15,000,000đ)<br />\r\n- Được tham gia v&agrave;o m&ocirc;i trường l&agrave;m việc trẻ, năng động v&agrave; th&uacute; vị thực sự<br />\r\n- Được tham gia c&aacute;c hoạt động ngoại kh&oacute;a theo quy định của c&ocirc;ng ty.<br />\r\n- Được hỗ trợ tăng cường kiến thức bằng việc tạo điều kiện tham gia c&aacute;c kh&oacute;a đ&agrave;o tạo, c&aacute;c workshop/ event li&ecirc;n quan tới c&ocirc;ng việc đang thực hiện<br />\r\n- Được quyền tự quyết cao trong c&ocirc;ng việc<br />\r\n- C&oacute; bonus theo KPIs đạt được<br />\r\n- L&agrave;m việc trong m&ocirc;i trường được học hỏi nhiều về Marketing tổng thể, kh&ocirc;ng chỉ ở mảng Digital<br />\r\n- Ch&iacute;nh s&aacute;ch BHXH, BHYT v&agrave; c&aacute;c ph&uacute;c lợi kh&aacute;c theo đ&uacute;ng quy định của Luật lao động<br />\r\n- Cấp laptop, đồng phục, balo<br />\r\n- Hưởng c&aacute;c chế độ ưu đ&atilde;i kh&aacute;c của C&ocirc;ng ty: Du lịch hằng năm, thưởng hiếu hỉ, lễ tết, sinh nhật, bảo hiểm sức khỏe, kh&aacute;m sức khỏe định kỳ&hellip;<br />\r\n- C&oacute; lộ tr&igrave;nh thăng tiến r&otilde; r&agrave;ng</p>\r\n\r\n<p>&nbsp;</p>\r\n\r\n<p>&nbsp;</p>', 'senior-digital-marketing', 10000000, 15000000, 'Full time', 1, 'Nhân viên', 'Trên 1 năm', '3', '2021-12-19 16:06:49', '2021-12-20 05:53:48', 1, 14, 1),
(203, 'Digital Marketing Manager', 63, 'images/images/61bf597f9aacc-blog-single-post-01.jpg', '2021-12-31', '<h3>M&ocirc; tả c&ocirc;ng việc</h3>\r\n\r\n<ul>\r\n	<li>T&igrave;m hiểu, nghi&ecirc;n cứu sản phẩm (ng&agrave;nh h&agrave;ng mỹ phẩm, sức khỏe sắc đẹp) , ph&acirc;n t&iacute;ch thị trường để đưa ra kế hoạch x&acirc;y dựng v&agrave; triển khai c&aacute;c chiến dịch quảng c&aacute;o đa nền tảng Facebook, Google, Tiktok, Youtube,...</li>\r\n	<li>Theo d&otilde;i, ph&acirc;n t&iacute;ch số liệu, b&aacute;o c&aacute;o hiệu quả chiến dịch quảng c&aacute;o</li>\r\n	<li>Nghi&ecirc;n cứu v&agrave; x&acirc;y dựng cơ chế, hệ thống, ch&iacute;nh s&aacute;ch nhằm mục đ&iacute;ch tự động h&oacute;a quy tr&igrave;nh, th&uacute;c đẩy năng suất lao động của team, tối ưu hiệu quả chuyển đổi v&agrave; chi ph&iacute;</li>\r\n	<li>Quản l&yacute; nh&acirc;n sự trong team: chịu tr&aacute;ch nhiệm ch&iacute;nh về KPI của team, theo d&otilde;i v&agrave; cải thiện hiệu suất hoạt động của team.</li>\r\n	<li>Nghi&ecirc;n cứu c&aacute;c k&ecirc;nh quảng c&aacute;o mới v&agrave; c&aacute;c c&ocirc;ng cụ, giải ph&aacute;p c&ocirc;ng nghệ Digital Marketing ph&ugrave; hợp với định hướng của c&ocirc;ng ty để &aacute;p dụng c&aacute;c Dự &aacute;n hoặc triển khai b&aacute;n h&agrave;ng.</li>\r\n</ul>\r\n\r\n<h3>Y&ecirc;u cầu ứng vi&ecirc;n</h3>\r\n\r\n<ul>\r\n	<li>C&oacute; kinh nghiệm trực tiếp l&ecirc;n kế hoạch, triển khai, c&agrave;i đặt, ph&acirc;n t&iacute;ch v&agrave; đo lường hiệu quả quảng c&aacute;o tr&ecirc;n c&aacute;c k&ecirc;nh Digital: Google, Facebook, Youtube, Tiktok&hellip;với ng&acirc;n s&aacute;ch lớn</li>\r\n	<li>&Iacute;t nhất 1 năm kinh nghiệm ở vị tr&iacute; tương đương về lĩnh vực kinh doanh: mỹ phẩm, sức khỏe sắc đẹp.</li>\r\n	<li>Kinh nghiệm tối ưu chi ph&iacute; v&agrave; hiệu quả quảng c&aacute;o</li>\r\n	<li>Kinh nghiệm quản l&yacute; đội nh&oacute;m: 5-10 nh&acirc;n sự</li>\r\n	<li>C&oacute; đam m&ecirc; chinh phục những thử th&aacute;ch mới, ham học hỏi, cầu tiến</li>\r\n	<li>Thường xuy&ecirc;n t&igrave;m hiểu &amp; &aacute;p dụng những c&ocirc;ng cụ đo lường hoặc tối ưu khi triển khai quảng c&aacute;o.</li>\r\n	<li>C&oacute; tư duy hệ thống, x&aacute;c định v&agrave; giải quyết vấn đề.</li>\r\n</ul>\r\n\r\n<h3>Quyền lợi</h3>\r\n\r\n<ul>\r\n	<li>Thu nhập: 30 - 50 Triệu/ th&aacute;ng.</li>\r\n	<li>M&ocirc;i trường l&agrave;m việc trẻ trung (độ tuổi trung b&igrave;nh 26)</li>\r\n	<li>X&acirc;y dựng đội nh&oacute;m ri&ecirc;ng từ 5-20 nh&acirc;n sự theo quy m&ocirc; ng&agrave;nh h&agrave;ng&nbsp;</li>\r\n	<li>X&eacute;t tăng lương &iacute;t nhất 6 th&aacute;ng/ lần&nbsp;</li>\r\n	<li>Thưởng th&aacute;ng, thưởng n&oacute;ng, thưởng Tết dương, lương th&aacute;ng 13...&nbsp;</li>\r\n	<li>Trực tiếp giảng dạy trong c&aacute;c chương tr&igrave;nh đ&agrave;o tạo, chia sẻ kỹ năng chuy&ecirc;n m&ocirc;n v&agrave; kiến thức trong nội bộ&nbsp;</li>\r\n	<li>M&ocirc;i trường trẻ trung, th&acirc;n thiện, năng động v&agrave; lu&ocirc;n ch&aacute;y hết m&igrave;nh với c&aacute;c hoạt teambuilding, hoạt động truyền th&ocirc;ng nội bộ gắn kết.&nbsp;</li>\r\n	<li>Đ&oacute;ng BHXH, BHYT theo quy định của nh&agrave; nước.</li>\r\n	<li>Thời gian l&agrave;m việc: 5.5 ng&agrave;y/tuần &ndash; s&aacute;ng: 8h15 &ndash; 12h, chiều: 13h15 &ndash; 17h30, T7: 8h15 &ndash; 12h</li>\r\n</ul>', 'digital-marketing-manager', 30000000, 50000000, 'Full time', 1, 'Trưởng phòng', 'Trên 1 năm', '0', '2021-12-19 16:10:39', '2021-12-19 16:37:06', 1, 14, 1),
(204, 'Cộng Tác Viên Digital Marketing', 63, 'images/images/61bf5a0113e55-job-category-02.jpg', '2021-12-24', '<h3>M&ocirc; tả c&ocirc;ng việc</h3>\r\n\r\n<ul>\r\n	<li>Nghi&ecirc;n cứu insight kh&aacute;ch h&agrave;ng, trực tiếp s&aacute;ng tạo content ph&ugrave; hợp với từng chiến dịch quảng c&aacute;o tr&ecirc;n c&aacute;c nền tảng Facebook Ads, Tiktok Ads, Google Ads</li>\r\n	<li>Trực tiếp triển khai c&aacute;c chiến dịch quảng c&aacute;o Facebook Ads, Tiktok Ads, Google Ads về c&aacute;c sản phẩm chăm s&oacute;c da qua k&ecirc;nh: Facebook, TikTik, Google (t&ugrave;y thế mạnh của Freelancer)</li>\r\n	<li>Theo d&otilde;i, đ&aacute;nh gi&aacute; hiệu quả c&ocirc;ng việc thường xuy&ecirc;n đẻ kịp thời tối ưu nội dung, ng&acirc;n s&aacute;ch quảng c&aacute;o</li>\r\n</ul>\r\n\r\n<p>&nbsp;</p>\r\n\r\n<p>&nbsp;</p>\r\n\r\n<h3>Y&ecirc;u cầu ứng vi&ecirc;n</h3>\r\n\r\n<ul>\r\n	<li>Ứng vi&ecirc;n c&oacute; từ 6 th&aacute;ng kinh nghiệm chạy chuyển đổi 1 trong 3 nền tảng Facebook Ads (h&igrave;nh thức landipage), Tiktok Ads, Google Ads cho c&aacute;c sản phẩm kem dưỡng da, chăm s&oacute;c da, mỹ phẩm&nbsp;</li>\r\n	<li>C&oacute; khả năng ph&acirc;n t&iacute;ch kh&aacute;ch h&agrave;ng&nbsp;</li>\r\n	<li>C&oacute; khả năng triển khai content theo từng nỗi đau kh&aacute;ch h&agrave;ng</li>\r\n</ul>\r\n\r\n<h3>Quyền lợi</h3>\r\n\r\n<ul>\r\n	<li>Thu nhập hấp dẫn theo năng lực: 5 triệu - kh&ocirc;ng giới hạn, thu nhập gia tăng theo hiệu quả doanh thu từ c&aacute;c chiến dịch quảng c&aacute;o</li>\r\n	<li>Sử dụng nguồn ng&acirc;n s&aacute;ch lớn v&agrave; kh&ocirc;ng giới hạn từ Bibabo cung cấp</li>\r\n	<li>Sử dụng nguồn t&agrave;i nguy&ecirc;n quảng c&aacute;o (kho h&igrave;nh ảnh, video quảng c&aacute;o chất lượng cao)&nbsp;</li>\r\n	<li>Hỗ trợ 1-1 từ chuy&ecirc;n vi&ecirc;n Digital Marketing nội bộ để định hướng content trong giai đoạn đầu tiếp cận với sản phẩm</li>\r\n	<li>L&agrave;m việc remote kh&ocirc;ng cần phải l&ecirc;n văn ph&ograve;ng c&ocirc;ng ty</li>\r\n</ul>', 'cong-tac-vien-digital-marketing', 5000000, 13000000, 'Full time', 5, 'Nhân viên', 'Dưới 1 năm', '0', '2021-12-19 16:12:49', '2021-12-19 16:36:50', 1, 14, 1);
INSERT INTO `blogs` (`id`, `title`, `user_recruitment_id`, `image`, `deadline`, `detail`, `slug`, `salary_min`, `salary_max`, `working_time`, `quantity`, `position`, `exp`, `gender`, `created_at`, `updated_at`, `enable`, `cate_id`, `location_id`) VALUES
(205, 'Brand Manager', 63, 'images/images/61bf5a9f49f30-job-category-03.jpg', '2021-12-31', '<h3>M&ocirc; tả c&ocirc;ng việc</h3>\r\n\r\n<p><em><strong>Qu&yacute; IV năm 2021 v&agrave; đầu năm 2022, Bibabo hướng tới mục ti&ecirc;u định vị v&agrave; ph&aacute;t triển thương hiệu, th&uacute;c đẩy doanh thu v&agrave; tăng trưởng lợi nhuận cho nhiều nh&atilde;n h&agrave;ng mới. Trong đ&oacute;, bộ phận Marketing chịu tr&aacute;ch nhiệm ch&iacute;nh trong việc hoạch định chiến lược, hiện thực ho&aacute; c&aacute;c chiến dịch quảng c&aacute;o, s&aacute;ng tạo nội dung gi&aacute; trị tr&ecirc;n Facebook, Google, Social Marketing,... để đạt được mục ti&ecirc;u chung của c&ocirc;ng ty.</strong></em></p>\r\n\r\n<p>C&ocirc;ng việc ch&iacute;nh:</p>\r\n\r\n<p>- X&acirc;y dựng, định vị thương hiệu v&agrave; triển khai chiến lược Marketing của nh&atilde;n h&agrave;ng phụ tr&aacute;ch theo m&ocirc; h&igrave;nh social commerce.<br />\r\n- X&acirc;y dựng, tổ chức m&ocirc; h&igrave;nh MKT mix đảm bảo mục ti&ecirc;u ph&aacute;t triển kh&aacute;ch h&agrave;ng, ph&aacute;t triển sản phẩm, ph&aacute;t triển nội dung, ph&aacute;t triển traffic cộng đồng...<br />\r\n- Thiết lập quan hệ với c&aacute;c cơ quan, ban ng&agrave;nh địa phương, cơ quan truyền th&ocirc;ng, với đối t&aacute;c, kh&aacute;ch h&agrave;ng, MIs, KOLs&hellip;<br />\r\n- Lập kế hoạch t&agrave;i ch&iacute;nh Marketing v&agrave; ng&acirc;n s&aacute;ch cho từng chiến dịch.<br />\r\n- Gi&aacute;m s&aacute;t c&aacute;c hoạt động marketing v&agrave; quảng c&aacute;o để đảo bảo t&iacute;nh nhất qu&aacute;n với chiến lược sản phẩm.<br />\r\n- Ph&acirc;n t&iacute;ch số liệu, đ&aacute;nh gi&aacute; hiệu quả kinh doanh của c&aacute;c chương tr&igrave;nh</p>\r\n\r\n<h3>Y&ecirc;u cầu ứng vi&ecirc;n</h3>\r\n\r\n<p>- Bạn đ&atilde; c&oacute; kinh nghiệm từ 2 năm l&agrave;m về Branding hoặc Plan trong lĩnh vực h&agrave;ng ti&ecirc;u d&ugrave;ng, b&aacute;n lẻ thương mại v&agrave; dịch vụ, ph&acirc;n phối nh&atilde;n h&agrave;ng,... Hoặc c&aacute;c c&ocirc;ng ty Agency.</p>\r\n\r\n<p>- Ưu ti&ecirc;n c&aacute;c bạn Assistant Brand Manager hoặc Planner tại c&aacute;c c&ocirc;ng ty Agency chuy&ecirc;n về c&aacute;c campain branding ng&agrave;nh h&agrave;ng Mỹ phẩm, Sức khoẻ sắc đẹp.</p>\r\n\r\n<p>- Độ tuổi trẻ trung từ 25 - 28T</p>\r\n\r\n<p>- Tốt nghiệp ĐH trở l&ecirc;n chuy&ecirc;n ng&agrave;nh truyền th&ocirc;ng, b&aacute;o ch&iacute;, marketing,...</p>\r\n\r\n<p>- C&oacute; kiến thức về content, c&oacute; khả năng s&aacute;ng tạo, linh hoạt</p>\r\n\r\n<p>- Kỹ năng research, đ&aacute;nh gi&aacute; thị trường</p>\r\n\r\n<p>- Kỹ năng ph&acirc;n t&iacute;ch số liệu, insight kh&aacute;ch h&agrave;ng.</p>\r\n\r\n<p>- Kiến thức: Kiến thức chuy&ecirc;n m&ocirc;n về Truyền th&ocirc;ng, Thương hiệu, Marketing; Kiến thức truyền th&ocirc;ng tr&ecirc;n c&aacute;c k&ecirc;nh số</p>\r\n\r\n<h3>Quyền lợi</h3>\r\n\r\n<p>- Nhận ngay offer vị tr&iacute; Marketing Manager với mức lương: 30 - 50 triệu/ th&aacute;ng</p>\r\n\r\n<p>- Được thử th&aacute;ch với c&aacute;c nh&atilde;n h&agrave;ng trong c&aacute;c nh&oacute;m ng&agrave;nh h&agrave;ng của Bibabo: Gi&aacute;o dục, Sức khỏe sắc đẹp, Thời trang....</p>\r\n\r\n<p>- Tham gia c&aacute;c kh&oacute;a training về chuy&ecirc;n m&ocirc;n từ c&aacute;c Chuy&ecirc;n gia Marketing tr&ecirc;n thị trường.</p>\r\n\r\n<p>- X&acirc;y dựng đội nh&oacute;m ri&ecirc;ng từ 5-20 nh&acirc;n sự theo quy m&ocirc; ng&agrave;nh h&agrave;ng</p>\r\n\r\n<p>- X&eacute;t tăng lương &iacute;t nhất 6 th&aacute;ng/ lần</p>\r\n\r\n<p>- Thưởng th&aacute;ng, thưởng n&oacute;ng, thưởng Tết dương, lương th&aacute;ng 13...</p>\r\n\r\n<p>- Trực tiếp giảng dạy trong c&aacute;c chương tr&igrave;nh đ&agrave;o tạo, chia sẻ kỹ năng chuy&ecirc;n m&ocirc;n v&agrave; kiến thức trong nội bộ</p>\r\n\r\n<p>- M&ocirc;i trường trẻ trung, th&acirc;n thiện, năng động v&agrave; lu&ocirc;n ch&aacute;y hết m&igrave;nh với c&aacute;c hoạt teambuilding, hoạt động truyền th&ocirc;ng nội bộ gắn kết.</p>\r\n\r\n<p>- Đ&oacute;ng BHXH, BHYT theo quy định của nh&agrave; nước.</p>', 'brand-manager', 30000000, 50000000, 'Full time', 1, 'Trưởng phòng', 'Trên 3 năm', '0', '2021-12-19 16:15:27', '2021-12-19 16:15:27', 1, 1, 1),
(206, 'Campaign Marketing Leader', 63, 'images/images/61bf5b29e32cf-home-video-background.jpg', '2021-12-31', '<h3>M&ocirc; tả c&ocirc;ng việc</h3>\r\n\r\n<ul>\r\n	<li>Quản l&yacute; team triển khai đ&uacute;ng định hướng, kế hoạch cũng như đề xuất &yacute; tưởng mới cho c&aacute;c chiến dịch online nhằm tăng doanh số, lượt kh&aacute;ch h&agrave;ng tr&ecirc;n web/app&nbsp;</li>\r\n	<li>T&igrave;m hiểu h&agrave;nh vi của users để x&acirc;y dựng c&aacute;c chiến dịch tăng số lượng user, k&iacute;ch hoạt mua h&agrave;ng của c&aacute;c user.</li>\r\n	<li>Quản l&yacute; v&agrave; kiểm so&aacute;t sự hiện diện thương hiệu v&agrave; sản phẩm tr&ecirc;n k&ecirc;nh Social - ECom (banner, h&igrave;nh ảnh sản phẩm&hellip;) để đảm bảo web/ app lu&ocirc;n c&oacute; sự hấp dẫn v&agrave; mang lại trải nghiệm tốt nhất cho người d&ugrave;ng.</li>\r\n	<li>L&ecirc;n &yacute; tưởng v&agrave; ph&aacute;t triển c&aacute;c campaign &nbsp;ph&ugrave; hợp với c&aacute;c định hướng chiến lược kinh doanh cụ thể.</li>\r\n	<li>Theo d&otilde;i kết quả chiến dịch v&agrave; đưa ra những đề xuất để tối ưu hiệu quả.</li>\r\n	<li>Phối hợp chặt chẽ với c&aacute;c bộ phận để lập kế hoạch, ph&aacute;t triển v&agrave; thực hiện c&aacute;c cơ chế gi&aacute; trị tạo ra doanh thu b&aacute;n h&agrave;ng.</li>\r\n	<li>C&aacute;c c&ocirc;ng việc kh&aacute;c theo y&ecirc;u cầu của Marketing Manager.</li>\r\n</ul>\r\n\r\n<p><strong>Th&ocirc;ng tin kh&aacute;c:&nbsp;</strong></p>\r\n\r\n<p>Thời gian l&agrave;m việc: Từ Thứ 2 đến hết S&aacute;ng Thứ 7 (8h15 -17h30)<br />\r\nĐịa điểm l&agrave;m việc: Tầng 4, T&ograve;a nh&agrave; Comatce - 61 Ngụy Như Kon Tum, Thanh Xu&acirc;n, H&agrave; Nội</p>\r\n\r\n<h3>Y&ecirc;u cầu ứng vi&ecirc;n</h3>\r\n\r\n<ul>\r\n	<li>C&oacute; kiến thức về nền tảng E - commerce</li>\r\n	<li>&Iacute;t nhất 1 năm kinh nghiệm x&acirc;y dựng &nbsp;Campaign Marketing online trong c&aacute;c c&ocirc;ng ty kinh doanh về sản phẩm: Dược mỹ phẩm, sức khỏe sắc đẹp, &hellip;&hellip;&hellip;</li>\r\n	<li>C&oacute; khả năng s&aacute;ng tạo, kinh nghiệm l&ecirc;n kế hoạch c&aacute;c chiến dịch truyền th&ocirc;ng lớn.</li>\r\n	<li>Kỹ năng ph&acirc;n t&iacute;ch v&agrave; &nbsp;tư duy logic, khả năng giải quyết vấn đề.</li>\r\n	<li>Nhiệt t&igrave;nh, chịu được &aacute;p lực cao &nbsp;trong c&ocirc;ng việc</li>\r\n	<li>Độ tuổi: 22 - 29t</li>\r\n</ul>\r\n\r\n<h3>Quyền lợi</h3>\r\n\r\n<ul>\r\n	<li>Thu nhập hấp dẫn theo năng lực từ: &nbsp;18 -25 triệu/th&aacute;ng</li>\r\n	<li>Cơ hội tiếp cận, học hỏi v&agrave; ph&aacute;t triển tư duy content marketing trong m&ocirc;i trường Ecommerce tr&ecirc;n thị trường quốc tế</li>\r\n	<li>Ph&aacute;t triển tư duy quản trị kinh doanh v&agrave; kỹ năng hạch to&aacute;n đối với bất kỳ ng&agrave;nh h&agrave;ng ti&ecirc;u d&ugrave;ng b&aacute;n lẻ</li>\r\n	<li>Bảo hiểm x&atilde; hội, bảo hiểm y tế, bảo hiểm thất nghiệp theo Luật Lao động</li>\r\n	<li>X&eacute;t tăng lương 1 lần/năm</li>\r\n	<li>12 ng&agrave;y ph&eacute;p năm c&oacute; lương, Thưởng Lễ, Tết, lương th&aacute;ng thứ 13, Du lịch h&egrave;, Teambuilding.</li>\r\n</ul>', 'campaign-marketing-leader', 18000000, 25000000, 'Full time', 2, 'Trưởng nhóm', 'Trên 1 năm', '3', '2021-12-19 16:17:45', '2021-12-20 05:52:53', 1, 14, 1),
(207, 'AI Engineer Computer Vision', 66, 'images/images/61bf5b7b9de63-cong-ty-tnhh-beetsoft.jpg', '2021-12-31', '<h3><strong>M&ocirc; tả c&ocirc;ng việc</strong></h3>\r\n\r\n<ul>\r\n	<li>Tham gia ph&aacute;t triển sản phẩm, lập tr&igrave;nh ph&aacute;t triển phần mềm tr&ecirc;n mạch nh&uacute;ng</li>\r\n	<li>Nghi&ecirc;n cứu, thực hiện xử l&yacute; dữ liệu li&ecirc;n quan đến AI, IoT</li>\r\n	<li>Sử dụng ng&ocirc;n ngữ lập tr&igrave;nh ch&iacute;nh l&agrave; Python v&agrave; C++</li>\r\n	<li>Hỗ trợ, thực hiện c&aacute;c c&ocirc;ng việc kh&aacute;c theo sự sắp xếp của Quản l&yacute;</li>\r\n	<li>C&ocirc;ng việc cụ thể trao đổi khi phỏng vấn</li>\r\n	<li>Thời gian l&agrave;m việc 8:30-18:00 (Nghỉ trưa 1 tiếng rưỡi) từ Thứ 2 &ndash; Thứ 6 (nghỉ Thứ 7 &ndash; Chủ nhật)</li>\r\n	<li>Địa điểm l&agrave;m việc: Tầng 6, t&ograve;a Mitec Dương Đ&igrave;nh Nghệ, Cầu Giấy, HN.</li>\r\n</ul>\r\n\r\n<h3><strong>Y&ecirc;u cầu ứng vi&ecirc;n</strong></h3>\r\n\r\n<ul>\r\n	<li>Tốt nghiệp CĐ, ĐH c&aacute;c chuy&ecirc;n ng&agrave;nh li&ecirc;n quan CNTT, Khoa học m&aacute;y t&iacute;nh, Hệ thống th&ocirc;ng tin..</li>\r\n	<li>Lập tr&igrave;nh tốt ng&ocirc;n ngữ C++ v&agrave; Python, đ&atilde; từng tiếp x&uacute;c hoặc tham gia v&agrave;o c&aacute;c dự &aacute;n computer vision</li>\r\n	<li>Đ&atilde; từng biết tới hoặc đ&atilde; lập tr&igrave;nh tr&ecirc;n c&aacute;c framework như pytorch, tensorflow, keras, caffe</li>\r\n	<li>C&oacute; kĩ năng lập tr&igrave;nh tốt với c&aacute;c b&agrave;i to&aacute;n li&ecirc;n quan tới cấu tr&uacute;c dữ liệu v&agrave; giải thuật</li>\r\n	<li>C&oacute; github c&aacute; nh&acirc;n l&agrave; 1 lợi thế</li>\r\n</ul>\r\n\r\n<h3><strong>Quyền lợi</strong></h3>\r\n\r\n<ul>\r\n	<li>Mức lương 8 &ndash; 18tr (Theo năng lực)</li>\r\n	<li>Thu nhập 13 th&aacute;ng lương/năm, qu&agrave; tặng (tiền thưởng) v&agrave;o c&aacute;c ng&agrave;y Lễ Tết (Tết dương lịch, Quốc kh&aacute;nh, 30/04 - 01/05, Trung thu, Tết thiếu nhi...)</li>\r\n	<li>X&eacute;t tăng lương 1 lần/năm theo năng lực v&agrave; hiệu quả c&ocirc;ng việc</li>\r\n	<li>Phụ cấp ăn trưa, gửi xe miễn ph&iacute;</li>\r\n	<li>Đồng nghiệp trẻ trung, năng động, lu&ocirc;n hỗ trợ v&agrave; gi&uacute;p đỡ nhau.</li>\r\n	<li>M&ocirc;i trường l&agrave;m việc văn minh, c&ocirc;ng bằng, tinh thần Start-Up năng động, thoải m&aacute;i đưa ra c&aacute;c &yacute; tưởng cải tiến.</li>\r\n	<li>Teambuilding, du lịch c&ugrave;ng c&ocirc;ng ty</li>\r\n	<li>Kh&aacute;m sức khỏe định kỳ 1 lần/năm tại bệnh viện uy t&iacute;n.</li>\r\n	<li>C&aacute;c chế độ về bảo hiểm x&atilde; hội, bảo hiểm y tế, v&agrave; c&aacute;c chế độ kh&aacute;c theo quy định của Ph&aacute;p luật.</li>\r\n</ul>', 'ai-engineer-computer-vision', 8000000, 16000000, 'Full time', 2, 'Nhân viên', 'Trên 1 năm', '0', '2021-12-19 16:19:07', '2021-12-19 16:20:20', 1, 4, 1),
(208, 'Nhân Viên Tư Vấn Kinh Doanh', 63, 'images/images/61bf5bfc1f25b-job-detail-inner.png', '2021-12-31', '<h3>M&ocirc; tả c&ocirc;ng việc</h3>\r\n\r\n<p>&bull; T&igrave;m kiếm v&agrave; khai th&aacute;c c&aacute;c kh&aacute;ch h&agrave;ng tiềm năng c&oacute; nhu cầu sử dụng g&oacute;i VNpayQR/Giải ph&aacute;p quản l&yacute; b&aacute;n h&agrave;ng POS365/Cổng thanh to&aacute;n trực tuyến Sapo v&agrave; SmartPos</p>\r\n\r\n<p>&bull; Đ&agrave;m ph&aacute;n, thuyết phục v&agrave; k&yacute; kết Hợp đồng với c&aacute;c kh&aacute;ch h&agrave;ng</p>\r\n\r\n<p>&bull; Tư vấn, chăm s&oacute;c kh&aacute;ch h&agrave;ng về sản phẩm.</p>\r\n\r\n<p>&bull; Trực tiếp thực hiện, đốc th&uacute;c thực hiện hợp đồng bao gồm thủ tục c&agrave;i đặt phần mềm v&agrave; phần cứng, l&agrave;m việc với bộ phận sales admin v&agrave; c&aacute;c bộ phận li&ecirc;n quan để thực hiện c&aacute;c thủ tục li&ecirc;n quan đến hợp đồng.</p>\r\n\r\n<p>&bull; Tiếp nhận v&agrave; xử l&yacute; c&aacute;c khiếu nại của kh&aacute;ch h&agrave;ng về chất lượng sản phẩm, thời gian c&agrave;i đặt/giao sản phẩm.</p>\r\n\r\n<p>&bull; Lập kế hoạch c&ocirc;ng t&aacute;c tuần, th&aacute;ng tr&igrave;nh Quản l&iacute; trực tiếp duyệt v&agrave; thực hiện theo kế hoạch được duyệt</p>\r\n\r\n<h3>Y&ecirc;u cầu ứng vi&ecirc;n</h3>\r\n\r\n<p>&bull; Tốt nghiệp trung cấp trở l&ecirc;n c&aacute;c chuy&ecirc;n ng&agrave;nh</p>\r\n\r\n<p>&bull; Độ tuổi từ 22-35</p>\r\n\r\n<p>&bull; Kh&ocirc;ng y&ecirc;u cầu kinh nghiệm &ndash; c&ocirc;ng ty đ&atilde; c&oacute; lộ tr&igrave;nh đ&agrave;o tạo, hỗ trợ trong thời gian học việc.</p>\r\n\r\n<p>&bull; Ưu ti&ecirc;n c&oacute; hiểu biết v&agrave; kinh nghiệm về phần mềm, phần cứng m&aacute;y t&iacute;nh, ng&agrave;nh thanh to&aacute;n điện tử</p>\r\n\r\n<p>&bull; Trung thực, năng động, tự tin, đam m&ecirc; học hỏi v&agrave; c&oacute; tinh thần vượt kh&oacute;.&nbsp;</p>\r\n\r\n<h3>Quyền lợi được hưởng</h3>\r\n\r\n<p>&bull; Thu nhập TB từ 10 &ndash; 15 triệu/th&aacute;ng hưởng lương theo năng lực, kh&ocirc;ng giới hạn thưởng</p>\r\n\r\n<p>&bull; K&yacute; HĐLĐ ch&iacute;nh thức sau thời gian thử th&aacute;ch 2 th&aacute;ng</p>\r\n\r\n<p>&bull; Chế độ lương thưởng cạnh trạnh gồm hưởng qu&yacute;, thưởng năm</p>\r\n\r\n<p>&bull; Cam kết lương th&aacute;ng 13 c&ugrave;ng 12 ng&agrave;y ph&eacute;p</p>\r\n\r\n<p>&bull; Chế độ Bảo hiểm Y tế cho nh&acirc;n sự v&agrave; gia đ&igrave;nh ngo&agrave;i BHXH cơ bản của nh&agrave; nước</p>\r\n\r\n<p>&bull; Tham gia c&aacute;c kh&oacute;a đ&agrave;o tạo chuy&ecirc;n m&ocirc;n v&agrave; kĩ năng mềm để ph&aacute;t triển định hướng nghề nghiệp.</p>\r\n\r\n<p>&bull; Tham gia c&aacute;c hoạt động đội nh&oacute;m, ngoại kh&oacute;a cũng như du lịch nghỉ m&aacute;t h&agrave;ng năm của c&ocirc;ng ty.</p>\r\n\r\n<p>&bull; Đ&aacute;nh gi&aacute; hiệu quả c&ocirc;ng việc h&agrave;ng năm cho việc điều chỉnh lương v&agrave; vị tr&iacute; l&agrave;m việc.</p>\r\n\r\n<p>&bull; C&oacute; cơ hội trở th&agrave;nh quản l&yacute; nh&oacute;m sau 6 th&aacute;ng hoặc nhanh hơn t&ugrave;y v&agrave;o năng lực thể hiện.</p>', 'nhan-vien-tu-van-kinh-doanh', 10000000, 15000000, 'Full time', 20, 'Nhân viên', 'Không yêu cầu', '3', '2021-12-19 16:21:16', '2021-12-20 05:52:33', 1, 1, 1),
(209, 'Nhân Viên Kinh Doanh Thị Trường', 63, 'images/images/61bf5c8783347-single-company.jpg', '2022-01-01', '<h3>M&ocirc; tả c&ocirc;ng việc</h3>\r\n\r\n<ul>\r\n	<li>T&igrave;m kiếm v&agrave; khai th&aacute;c c&aacute;c merchants tiềm năng c&oacute; nhu cầu sử dụng g&oacute;i VNpayQR/giải ph&aacute;p quản l&yacute; b&aacute;n h&agrave;ng/cổng thanh to&aacute;n trực tuyến</li>\r\n	<li>Đ&agrave;m ph&aacute;n, thuyết phục v&agrave; k&yacute; kết Hợp đồng với c&aacute;c merchants.</li>\r\n	<li>Tư vấn, chăm s&oacute;c kh&aacute;ch h&agrave;ng về sản phẩm.</li>\r\n	<li>Trực tiếp thực hiện, đốc th&uacute;c thực hiện hợp đồng bao gồm thủ tục c&agrave;i đặt phần mềm v&agrave; phần cứng, l&agrave;m việc với bộ phận sales admin v&agrave; c&aacute;c bộ phận li&ecirc;n quan để thực hiện c&aacute;c thủ tục li&ecirc;n quan đến hợp đồng.</li>\r\n	<li>Tiếp nhận v&agrave; xử l&yacute; c&aacute;c khiếu nại của kh&aacute;ch h&agrave;ng về chất lượng sản phẩm, thời gian c&agrave;i đặt/giao sản phẩm.</li>\r\n	<li>Lập kế hoạch c&ocirc;ng t&aacute;c tuần, th&aacute;ng tr&igrave;nh Quản l&iacute; trực tiếp duyệt v&agrave; thực hiện theo kế hoạch được duyệt.</li>\r\n	<li>Tiếp x&uacute;c kh&aacute;ch h&agrave;ng v&agrave; ghi nhận to&agrave;n bộ th&ocirc;ng tin của kh&aacute;ch h&agrave;ng trong b&aacute;o c&aacute;o tiếp x&uacute;c kh&aacute;ch h&agrave;ng. B&aacute;o c&aacute;o nội dung tiếp x&uacute;c kh&aacute;ch h&agrave;ng trong ng&agrave;y cho Quản l&iacute; trực tiếp.</li>\r\n</ul>\r\n\r\n<h3>Y&ecirc;u cầu ứng vi&ecirc;n</h3>\r\n\r\n<ul>\r\n	<li>Độ tuổi từ 22-35</li>\r\n	<li>Ưu ti&ecirc;n c&oacute; kinh nghiệm thị trường, c&oacute; hiểu biết về phần mềm, phần cứng m&aacute;y t&iacute;nh, ng&agrave;nh thanh to&aacute;n điện tử</li>\r\n	<li>Đam m&ecirc; kinh doanh, t&acirc;̣n t&acirc;m, th&acirc;̣t thà, chăm chỉ</li>\r\n	<li>Kỹ năng tư vấn, đàm phán và thuy&ecirc;́t phục khách hàng.</li>\r\n	<li>M&aacute;u lửa, nhiệt huyết, chịu được &aacute;p lực cao trong c&ocirc;ng việc</li>\r\n	<li>Khả năng l&agrave;m việc độc lập, theo nh&oacute;m, c&oacute; tr&aacute;ch nhiệm</li>\r\n	<li>Tư duy hướng tới kh&aacute;ch h&agrave;ng, đổi mới mỗi ng&agrave;y</li>\r\n</ul>\r\n\r\n<h3>Quyền lợi được hưởng</h3>\r\n\r\n<ul>\r\n	<li>Lương cứng: 6 &ndash; 8 triệu thỏa thuận theo năng lực + Phụ cấp + thưởng KPI + hoa hồng SP.</li>\r\n	<li>Thu nhập trung b&igrave;nh từ 10 &ndash; 15 triệu/th&aacute;ng; kh&ocirc;ng giới hạn thưởng</li>\r\n	<li>Chế độ lương thưởng cạnh trạnh gồm hưởng qu&yacute;, thưởng năm</li>\r\n	<li>Cam kết lương th&aacute;ng 13 c&ugrave;ng 12 ng&agrave;y ph&eacute;p</li>\r\n	<li>Chế độ Bảo hiểm Y tế cho nh&acirc;n sự v&agrave; gia đ&igrave;nh ngo&agrave;i BHXH cơ bản của nh&agrave; nước</li>\r\n	<li>Tham gia c&aacute;c kh&oacute;a đ&agrave;o tạo chuy&ecirc;n m&ocirc;n v&agrave; kĩ năng mềm để ph&aacute;t triển định hướng nghề nghiệp.</li>\r\n	<li>Tham gia c&aacute;c hoạt động đội nh&oacute;m, ngoại kh&oacute;a cũng như du lịch nghỉ m&aacute;t h&agrave;ng năm của c&ocirc;ng ty.</li>\r\n	<li>Đ&aacute;nh gi&aacute; hiệu quả c&ocirc;ng việc h&agrave;ng năm cho việc điều chỉnh lương v&agrave; vị tr&iacute; l&agrave;m việc.</li>\r\n	<li>C&oacute; cơ hội trở th&agrave;nh quản l&yacute; nh&oacute;m sau 6 th&aacute;ng hoặc nhanh hơn t&ugrave;y v&agrave;o năng lực thể hiện.</li>\r\n</ul>\r\n\r\n<p>&nbsp;</p>', 'nhan-vien-kinh-doanh-thi-truong', 10000000, 15000000, 'Full time', 40, 'Nhân viên', 'Không yêu cầu', '3', '2021-12-19 16:23:35', '2021-12-20 05:51:59', 1, 1, 1),
(210, 'Manual Tester', 66, 'images/images/61bff754b17df-cong-ty-tnhh-beetsoft.jpg', '2021-12-31', '<h3><strong>M&ocirc; tả c&ocirc;ng việc</strong></h3>\r\n\r\n<ul>\r\n	<li>Phối hợp l&agrave;m r&otilde; y&ecirc;u cầu test của dự &aacute;n</li>\r\n	<li>Lập kế hoạch test v&agrave; kịch bản test, chuẩn bị dữ liệu test;</li>\r\n	<li>Test c&aacute;c dự &aacute;n phần mềm, phối hợp với c&aacute;c bộ phận kh&aacute;c của c&ocirc;ng ty để đảm bảo chất lượng dự &aacute;n;</li>\r\n	<li>Quản l&yacute;, ph&acirc;n t&iacute;ch v&agrave; theo d&otilde;i kết quả test, b&aacute;o c&aacute;o kết quả test&hellip;</li>\r\n	<li>Tham gia cải tiến quy tr&igrave;nh Test, ph&aacute;t triển c&aacute;c chiến lược Test / Frameworks Testing trong dự &aacute;n;</li>\r\n</ul>\r\n\r\n<h3><strong>Y&ecirc;u cầu ứng vi&ecirc;n</strong></h3>\r\n\r\n<ul>\r\n	<li>Kiến thức: C&oacute; kinh nghiệm từ 2 năm trở l&ecirc;n về test ứng dụng web v&agrave; mobile;</li>\r\n	<li>C&oacute; kinh nghiệm lập kế hoạch kiểm thử v&agrave; viết c&aacute;c trường hợp kiểm thử, tổng hợp kết quả kiểm thử.</li>\r\n	<li>Kỹ năng: Đọc hiểu c&aacute;c t&agrave;i liệu, m&ocirc; tả v&agrave; ph&acirc;n t&iacute;ch y&ecirc;u cầu, t&agrave;i liệu thiết kế của giải ph&aacute;p;</li>\r\n	<li>Kỹ năng l&agrave;m việc độc lập v&agrave; l&agrave;m việc nh&oacute;m, c&oacute; khả năng phối hợp với Developer trong qu&aacute; tr&igrave;nh fix bug.</li>\r\n	<li>Th&aacute;i độ: Cẩn thận, chủ động, c&oacute; tr&aacute;ch nhiệm, c&oacute; th&aacute;i độ cầu tiến, ham học hỏi.</li>\r\n</ul>\r\n\r\n<h3><strong>Quyền lợi</strong></h3>\r\n\r\n<p><strong>Thời gian l&agrave;m việc: 8h30 - 17h30 (Thứ 2 - Thứ 6)</strong></p>\r\n\r\n<p><strong>Chế độ đ&atilde;i ngộ:</strong></p>\r\n\r\n<ul>\r\n	<li>Lương khởi điểm hấp dẫn, tương xứng năng lực: Up to 1200 USD</li>\r\n	<li>Thu nhập: 13 th&aacute;ng lương/năm</li>\r\n	<li>Tiền thưởng, qu&agrave; tặng v&agrave;o c&aacute;c dịp Lễ Tết: Tết dương lịch, Quốc kh&aacute;nh, 30/04 - 01/05, Trung thu, Tết thiếu nhi...</li>\r\n	<li>X&eacute;t tăng lương 2 lần/năm theo năng lực v&agrave; hiệu quả c&ocirc;ng việc.</li>\r\n	<li>Phụ cấp ăn trưa, đi lại (nếu nh&agrave; xa), gửi xe miễn ph&iacute;</li>\r\n	<li>Được thưởng tiền Team Building (~250,000VNĐ/người/th&aacute;ng) để Team ăn nhậu, giao lưu với nhau</li>\r\n</ul>\r\n\r\n<p><strong>Chăm s&oacute;c sức khỏe, đời sống tinh thần:</strong></p>\r\n\r\n<ul>\r\n	<li>Kh&aacute;m sức khỏe 1 lần/năm tại bệnh viện uy t&iacute;n</li>\r\n	<li>Bảo hiểm x&atilde; hội, bảo hiểm y tế, bảo hiểm thất nghiệp theo Luật bảo hiểm.</li>\r\n	<li>Đồng nghiệp trẻ trung, năng động, lu&ocirc;n hỗ trợ v&agrave; gi&uacute;p đỡ nhau</li>\r\n	<li>M&ocirc;i trường l&agrave;m việc đo&agrave;n kết, cởi mở, văn minh, c&ocirc;ng bằng</li>\r\n	<li>C&aacute;c hoạt động của C&ocirc;ng ty: Du lịch, sinh nhật, đ&aacute; b&oacute;ng, thể thao, vui chơi giải tr&iacute;&hellip;được tổ chức thường xuy&ecirc;n</li>\r\n</ul>\r\n\r\n<p><strong>Cơ hội học hỏi, ph&aacute;t triển:</strong></p>\r\n\r\n<ul>\r\n	<li>C&oacute; lộ tr&igrave;nh ph&aacute;t triển nghề nghiệp Career Path r&otilde; r&agrave;ng, được tạo điều kiện để ph&aacute;t triển nghề nghiệp theo năng lực v&agrave; mong muốn c&aacute; nh&acirc;n</li>\r\n	<li>Được hưởng chế độ đ&agrave;o tạo c&ocirc;ng ty: n&acirc;ng cao khả năng chuy&ecirc;n m&ocirc;n, kỹ năng mềm, ngoại ngữ</li>\r\n	<li>T&agrave;i trợ c&aacute;c kh&oacute;a học, lấy chứng chỉ, n&acirc;ng cao kỹ năng chuy&ecirc;n m&ocirc;n</li>\r\n	<li>Tổ chức c&aacute;c buổi chia sẻ nội bộ Team, Seminar to&agrave;n c&ocirc;ng ty để n&acirc;ng cao kiến thức.</li>\r\n</ul>', 'manual-tester', 10000000, 25000000, 'Full time', 2, 'Nhân viên', 'Trên 3 năm', '2', '2021-12-19 16:25:17', '2021-12-20 03:24:04', 1, 4, 1),
(211, 'Chuyên Viên Vận Hành', 63, 'images/images/61bf5d540610b-home-background-03.jpg', '2021-12-31', '<h3>M&ocirc; tả c&ocirc;ng việc</h3>\r\n\r\n<p>- Đầu mối trung gian l&agrave;m việc giữa c&ocirc;ng ty v&agrave; c&aacute;c đối t&aacute;c. Tiếp nhận th&ocirc;ng tin, trao đổi v&agrave; xử l&yacute; c&aacute;c vấn đề ph&aacute;t sinh</p>\r\n\r\n<p>- Theo d&otilde;i tổng quan v&agrave; quản l&yacute; việc sử dụng t&agrave;i nguy&ecirc;n của c&aacute;c bộ phận như Hợp đồng, thiết bị, ấn phẩm, &hellip;</p>\r\n\r\n<p>- Theo d&otilde;i, đ&ocirc;n đốc tiến độ c&ocirc;ng việc của c&aacute;c bộ phận theo y&ecirc;u cầu được giao</p>\r\n\r\n<p>- Tham gia đ&oacute;ng g&oacute;p &yacute; kiến, phối hợp với c&aacute;c ph&ograve;ng ban li&ecirc;n quan để cải tiến dịch vụ, quy tr&igrave;nh triển khai ng&agrave;y c&agrave;ng ho&agrave;n thiện v&agrave; chất lượng hơn</p>\r\n\r\n<p>- Thực hiện b&aacute;o c&aacute;o kết quả định kỳ v&agrave; đột xuất theo y&ecirc;u cầu của Quản l&iacute; trực tiếp</p>\r\n\r\n<p>- Thực hiện c&aacute;c nhiệm vụ kh&aacute;c theo sự ph&acirc;n c&ocirc;ng của Quản l&yacute; trực tiếp</p>\r\n\r\n<p>**Tất cả c&aacute;c nhiệm vụ ch&iacute;nh v&agrave; phần tr&aacute;ch nhiệm được giao n&ecirc;u tr&ecirc;n kh&ocirc;ng mang t&iacute;nh to&agrave;n diện v&agrave; c&oacute; thể thay đổi theo nhu cầu c&ocirc;ng việc, mục ti&ecirc;u &ndash; chiến lược của C&ocirc;ng ty trong từng giai đoạn cụ thể.</p>\r\n\r\n<h3>Y&ecirc;u cầu ứng vi&ecirc;n</h3>\r\n\r\n<p><strong>1. Tố chất v&agrave; sở th&iacute;ch</strong></p>\r\n\r\n<p>- Chủ động, trung thực, tr&aacute;ch nhiệm, linh hoạt</p>\r\n\r\n<p>- Tỉ mỉ, cẩn thận</p>\r\n\r\n<p>- Sắp xếp c&ocirc;ng việc v&agrave; thời gian một c&aacute;ch logic, khoa học</p>\r\n\r\n<p>- Th&iacute;ch ứng với sự thay đổi</p>\r\n\r\n<p>- Khả năng giao tiếp, thuyết phục, tr&igrave;nh b&agrave;y tốt</p>\r\n\r\n<p><strong>2. Kiến thức v&agrave; kinh nghiệm l&agrave;m việc</strong></p>\r\n\r\n<p>- Tốt nghiệp Cao đẳng/ Đại học trở l&ecirc;n</p>\r\n\r\n<p>- C&oacute; &iacute;t nhất 01 năm kinh nghiệm l&agrave;m việc. Đ&atilde; l&agrave;m việc ở vị tr&iacute; tương tự l&agrave; một lợi thế</p>\r\n\r\n<p><strong>3. Kĩ năng</strong></p>\r\n\r\n<p>- Kĩ năng lập kế hoạch, điều phối v&agrave; gi&aacute;m s&aacute;t kế hoạch</p>\r\n\r\n<p>- Kĩ năng quản l&yacute; thời gian</p>\r\n\r\n<p>- Kĩ năng l&agrave;m việc nh&oacute;m</p>\r\n\r\n<p>- Th&agrave;nh thạo Microsoft Office, Google sheet,..</p>\r\n\r\n<p>- Th&agrave;nh thạo, c&oacute; thể giao tiếp bằng Tiếng Anh</p>\r\n\r\n<p>&nbsp;</p>\r\n\r\n<h3>Quyền lợi được hưởng</h3>\r\n\r\n<ul>\r\n	<li>Lương từ 10-13M/th&aacute;ng, chế độ Bảo hiểm Y tế - Bảo hiểm Tai nạn ngo&agrave;i BHXH</li>\r\n	<li>Cam kết lương th&aacute;ng 13</li>\r\n	<li>Tham gia c&aacute;c hoạt động đội nh&oacute;m cũng như du lịch nghỉ m&aacute;t, du xu&acirc;n h&agrave;ng năm của C&ocirc;ng ty&nbsp;</li>\r\n	<li>Tham gia c&aacute;c hoạt động ngoại kh&oacute;a đầy &yacute; nghĩa v&agrave; th&uacute; vị</li>\r\n	<li>Cơ hội tham gia c&aacute;c kh&oacute;a đ&agrave;o tạo chuy&ecirc;n m&ocirc;n v&agrave; kĩ năng mềm để ph&aacute;t triển định hướng nghề nghiệp&nbsp;</li>\r\n	<li>Đ&aacute;nh gi&aacute; hiệu quả c&ocirc;ng việc h&agrave;ng năm cho việc điều chỉnh lương v&agrave; vị tr&iacute; l&agrave;m việc.</li>\r\n</ul>', 'chuyen-vien-van-hanh', 10000000, 13000000, 'Full time', 1, 'Nhân viên', 'Trên 1 năm', '3', '2021-12-19 16:27:00', '2021-12-20 05:51:18', 1, 19, 1),
(212, 'Nhân Viên Sales IT Tiếng Hàn', 66, 'images/images/61bff73d460d5-cong-ty-tnhh-beetsoft.jpg', '2021-12-31', '<h3><strong>M&ocirc; tả c&ocirc;ng việc</strong></h3>\r\n\r\n<p>- Chăm s&oacute;c kh&aacute;ch h&agrave;ng cũ v&agrave; mới<br />\r\n- T&igrave;m kiếm kh&aacute;ch h&agrave;ng, c&ugrave;ng bộ phận kỹ thuật tư vấn cho kh&aacute;ch h&agrave;ng về giải ph&aacute;p IT<br />\r\n- Tham gia điều phối c&aacute;c chương tr&igrave;nh, campaign ph&aacute;t triển thị trường, c&aacute;c event m&agrave; c&ocirc;ng ty tham gia<br />\r\n- Nghi&ecirc;n cứu thị trường, Lập kế hoạch kinh doanh, tiếp thị, ph&aacute;t triển thị trường c&ugrave;ng Quản l&yacute;.<br />\r\n- C&aacute;c c&ocirc;ng việc kh&aacute;c theo sự sắp xếp của Quản l&yacute;</p>\r\n\r\n<h3><strong>Y&ecirc;u cầu ứng vi&ecirc;n</strong></h3>\r\n\r\n<p>- Năng lực Tiếng H&agrave;n Topik 5 trở l&ecirc;n, giao tiếp tốt<br />\r\n- Ưu ti&ecirc;n c&oacute; kinh nghiệm Sales, Sales Support&hellip;<br />\r\n- Trẻ trung, nhiệt huyết, ham học hỏi, giao tiếp nhanh nhẹn<br />\r\n- C&oacute; mục ti&ecirc;u r&otilde; r&agrave;ng<br />\r\n- Kỹ năng giải quyết vấn đề &amp; kỹ năng giao tiếp tốt<br />\r\n- Ưu ti&ecirc;n: Kỹ năng quản l&yacute;, Leadership.</p>\r\n\r\n<h3><strong>Quyền lợi</strong></h3>\r\n\r\n<p>- Mức thu nhập tương xứng với năng lực upto 1000$</p>\r\n\r\n<p>- Thu nhập 13 th&aacute;ng lương/năm, qu&agrave; tặng (tiền thưởng) v&agrave;o c&aacute;c ng&agrave;y Lễ Tết (Tết dương lịch, Quốc kh&aacute;nh, 30/04-01/05, Trung thu, Tết thiếu nhi&hellip;)</p>\r\n\r\n<p>- X&eacute;t tăng lương 2 lần/năm theo năng lực v&agrave; hiệu quả c&ocirc;ng việc</p>\r\n\r\n<p>- Phụ cấp ăn trưa, gửi xe miễn ph&iacute;</p>\r\n\r\n<p>- Đồng nghiệp trẻ trung, năng động, lu&ocirc;n hỗ trợ v&agrave; gi&uacute;p đỡ nhau.</p>\r\n\r\n<p>- M&ocirc;i trường l&agrave;m việc văn minh, c&ocirc;ng bằng, tinh thần Start-Up năng động, thoải m&aacute;i đưa ra c&aacute;c &yacute; tưởng cải tiến.</p>\r\n\r\n<p>- Teambuilding, du lịch c&ugrave;ng c&ocirc;ng ty.</p>\r\n\r\n<p>- Kh&aacute;m sức khỏe định kỳ 1 lần/năm tại bệnh viện uy t&iacute;n.</p>\r\n\r\n<p>- C&aacute;c chế độ về bảo hiểm x&atilde; hội, bảo hiểm y tế, v&agrave; c&aacute;c chế độ kh&aacute;c theo quy định của Ph&aacute;p luật.</p>\r\n\r\n<p>- C&aacute;c ch&iacute;nh s&aacute;ch hỗ trợ việc học tập để ph&aacute;t triển bản th&acirc;n bao gồm ng&acirc;n s&aacute;ch v&agrave; thời gian tham gia c&aacute;c kh&oacute;a đ&agrave;o tạo.</p>\r\n\r\n<p>- C&oacute; lộ tr&igrave;nh ph&aacute;t triển nghề nghiệp Career Path r&otilde; r&agrave;ng, được tạo điều kiện để ph&aacute;t triển nghề nghiệp theo năng lực v&agrave; mong muốn c&aacute; nh&acirc;n.</p>', 'nhan-vien-sales-it-tieng-han', 10000000, 23000000, 'Full time', 1, 'Nhân viên', 'Trên 1 năm', '2', '2021-12-19 16:29:29', '2021-12-20 03:23:41', 1, 1, 1),
(213, 'Chuyên Viên An Toàn Thông Tin', 63, 'images/images/61bf5e05ccb62-job-category-01.jpg', '2021-12-29', '<h3>M&ocirc; tả c&ocirc;ng việc</h3>\r\n\r\n<ul>\r\n	<li>Ph&acirc;n t&iacute;ch chi tiết c&aacute;c cảnh b&aacute;o mức cao v&agrave; nghi&ecirc;m trọng.</li>\r\n	<li>Hỗ trợ ph&acirc;n t&iacute;ch c&aacute;c cảnh b&aacute;o kh&oacute; Tier 1 kh&ocirc;ng xử l&yacute; được.</li>\r\n	<li>Đưa ra hướng dẫn để ph&aacute;t hiện, v&agrave; xử l&yacute; cảnh b&aacute;o cho Tier 1.</li>\r\n	<li>Ph&acirc;n t&iacute;ch chuy&ecirc;n s&acirc;u một trong c&aacute;c c&aacute;ch thức tấn c&ocirc;ng v&agrave;o hệ thống c&ocirc;ng nghệ th&ocirc;ng tin: Ph&acirc;n t&iacute;ch m&atilde; độc hoặc ph&acirc;n t&iacute;ch tấn c&ocirc;ng ứng dụng web.</li>\r\n	<li>Đưa ra phương &aacute;n tối ưu c&aacute;c cảnh b&aacute;o đ&atilde; xử l&yacute;, để Tier 3 cập nhật v&agrave;o hệ thống.</li>\r\n	<li>Thực hiện triển khai sản phẩm, giải ph&aacute;p mới cho kh&aacute;ch h&agrave;ng.</li>\r\n	<li>Ph&aacute;t triển c&ocirc;ng cụ phục vụ nhu cầu c&ocirc;ng việc của SOC.</li>\r\n	<li>Thực hiện c&aacute;c c&ocirc;ng việc kh&aacute;c theo đ&uacute;ng năng lực chuy&ecirc;n m&ocirc;n v&agrave; theo y&ecirc;u cầu của SOC Manager.</li>\r\n</ul>\r\n\r\n<h3>Y&ecirc;u cầu ứng vi&ecirc;n</h3>\r\n\r\n<ul>\r\n	<li>Tốt nghiệp Chuy&ecirc;n ng&agrave;nh An to&agrave;n th&ocirc;ng tin hoặc C&ocirc;ng nghệ th&ocirc;ng tin. C&aacute;c chứng chỉ quốc tế c&oacute; li&ecirc;n quan: CHFI.</li>\r\n	<li>Kiến thức ph&acirc;n t&iacute;ch c&aacute;c cảnh b&aacute;o tấn c&ocirc;ng.</li>\r\n	<li>Sử dụng tốt c&aacute;c c&ocirc;ng cụ gi&aacute;m s&aacute;t an to&agrave;n th&ocirc;ng tin: SIEM, SOAR, EDR.</li>\r\n	<li>Nắm chắc c&aacute;c th&agrave;nh phần trong hệ thống an to&agrave;n th&ocirc;ng tin của doanh nghiệp: Firewall, IDPS, Mail gateway,&hellip;</li>\r\n	<li>Nắm chắc c&aacute;c th&agrave;nh phần trong hệ thống c&ocirc;ng nghệ th&ocirc;ng tin của doanh nghiệp: Domain Controller, Mail Server, Router, Switch,&hellip;</li>\r\n	<li>C&oacute; &iacute;t nhất 1 năm kinh nghiệm thực hiện gi&aacute;m s&aacute;t an to&agrave;n th&ocirc;ng tin.</li>\r\n	<li>Ưu ti&ecirc;n ứng vi&ecirc;n c&oacute; kinh nghiệm trong c&aacute;c mảng chuy&ecirc;n s&acirc;u của An to&agrave;n th&ocirc;ng tin như: Ph&acirc;n t&iacute;ch m&atilde; độc, Pentest.</li>\r\n</ul>\r\n\r\n<h3>Quyền lợi được hưởng</h3>\r\n\r\n<ul>\r\n	<li>Được đ&agrave;o tạo n&acirc;ng cao nghiệp vụ chuy&ecirc;n m&ocirc;n ở c&aacute;c mảng c&ocirc;ng việc c&ograve;n thiếu trong y&ecirc;u cầu.</li>\r\n	<li>Chế độ lương hấp dẫn, cạnh tranh tr&ecirc;n thị trường.</li>\r\n	<li>Thưởng tất cả c&aacute;c ng&agrave;y lễ, tết; thưởng cuối năm theo KQKD của C&ocirc;ng ty.</li>\r\n	<li>Được hưởng đầy đủ c&aacute;c chế độ bảo hiểm v&agrave; ng&agrave;y nghỉ, lễ theo quy định của c&ocirc;ng ty v&agrave; ph&aacute;p luật hiện h&agrave;nh.</li>\r\n	<li>Được hưởng c&aacute;c chế độ ph&uacute;c lợi v&agrave; c&aacute;c hoạt động văn h&oacute;a tập thể: Team Building, Gala cuối năm, sinh nhật, c&aacute;c ng&agrave;y lễ &hellip;.;</li>\r\n	<li>Được l&agrave;m việc trong m&ocirc;i trường th&acirc;n thiện, năng động, chuy&ecirc;n nghiệp.</li>\r\n	<li>C&oacute; cơ hội thăng tiến v&agrave; ph&aacute;t triển.</li>\r\n</ul>', 'chuyen-vien-an-toan-thong-tin', 20000000, 25000000, 'Full time', 1, 'Nhân viên', 'Trên 1 năm', '3', '2021-12-19 16:29:57', '2021-12-20 05:50:41', 1, 4, 1),
(214, 'Chuyên Viên IT Quản Trị Hệ Thống', 63, 'images/images/61bf610d2fa0c-job-category-06.jpg', '2021-12-31', '<h3>M&ocirc; tả c&ocirc;ng việc</h3>\r\n\r\n<p>- Quản l&yacute; hệ thống trang thiết bị CNTT, thực hiện bảo tr&igrave;, sửa chữa thiết bị CNTT</p>\r\n\r\n<p>- Lắp đặt, quản trị, gi&aacute;m s&aacute;t hoạt động mạng LAN v&agrave; Wan của BĐHN</p>\r\n\r\n<p>- Tham gia triển khai, hướng dẫn, đ&agrave;o tạo người lao động vận h&agrave;nh c&aacute;c hệ thống phần mềm của Bưu điện VN</p>\r\n\r\n<p>- Nghi&ecirc;n cứu, thực h&agrave;nh CSDL SQL Server, ng&ocirc;n ngữ lập tr&igrave;nh trong c&aacute;c ứng dụng của BĐHN, của Bưu điện VN</p>\r\n\r\n<p>- Ph&aacute;t triển c&aacute;c phần mềm ứng dụng phục vụ sản xuất kinh doanh của BĐHN</p>\r\n\r\n<p>- Tham gia triển khai c&aacute;c hệ thống ứng dụng của Tcty.</p>\r\n\r\n<p>&nbsp;</p>\r\n\r\n<h3>Y&ecirc;u cầu ứng vi&ecirc;n</h3>\r\n\r\n<p>- Tốt nghiệp chuy&ecirc;n ng&agrave;nh c&ocirc;ng nghệ th&ocirc;ng tin, To&aacute;n- tin ứng dụng, kỹ thuật m&aacute;y t&iacute;nh hoặc chuy&ecirc;n ng&agrave;nh c&oacute; li&ecirc;n quan.</p>\r\n\r\n<p>- Sử dụng v&agrave; c&oacute; khả năng n&acirc;ng cao năng lực lập tr&igrave;nh: C#, VB.NET, Java&hellip;</p>\r\n\r\n<p>- Sử dụng th&agrave;nh thạo c&ocirc;ng cụ lập tr&igrave;nh Visual Studio .NET 2005 trở l&ecirc;n</p>\r\n\r\n<p>- Sử dụng th&agrave;nh thạo cơ sở dữ liệu MS SQL Server 2005 trở l&ecirc;n</p>\r\n\r\n<p>- Đọc hiểu tiếng Anh th&agrave;nh thạo l&agrave; một lợi thế</p>\r\n\r\n<p>- C&oacute; niềm đam m&ecirc; c&ocirc;ng nghệ; ham học hỏi, lu&ocirc;n cập nhật kiến thức mới</p>\r\n\r\n<p>- Th&ocirc;ng minh, c&oacute; &oacute;c s&aacute;ng tạo</p>\r\n\r\n<p>- C&oacute; khả năng l&agrave;m việc độc lập v&agrave; l&agrave;m việc nh&oacute;m</p>\r\n\r\n<p>- Ưu ti&ecirc;n ứng vi&ecirc;n đ&atilde; c&oacute; kinh nghiệm tr&ecirc;n 1 năm trong lĩnh vực lập tr&igrave;nh v&agrave; tham gia v&agrave;o c&aacute;c dự &aacute;n.</p>\r\n\r\n<p>&nbsp;</p>\r\n\r\n<h3>Quyền lợi</h3>\r\n\r\n<p>- Nh&acirc;n vi&ecirc;n c&oacute; năng lực tốt c&oacute; thể k&yacute; hợp đồng ch&iacute;nh thức khi chưa hết thời gian thử việc n&ecirc;u tr&ecirc;n.</p>\r\n\r\n<p>- M&ocirc;i trường l&agrave;m việc năng động, th&acirc;n thiện, cơ hội thăng tiến. Được đ&agrave;o tạo th&ecirc;m để n&acirc;ng cao nghiệp vụ chuy&ecirc;n m&ocirc;n.</p>\r\n\r\n<p><strong>- Mức lương: từ 12,000,000 VND đến 17,000,000 VND (C&oacute; thể thỏa thuận)</strong></p>\r\n\r\n<p>- Tăng lương theo hiệu quả c&ocirc;ng t&aacute;c v&agrave; cam kết đầy đủ c&aacute;c chế độ d&agrave;nh cho người lao động theo như quy định ph&aacute;p luật hiện h&agrave;nh (BHXH, BHYT, BHTN&hellip;).</p>\r\n\r\n<p>- Thưởng h&agrave;ng th&aacute;ng/qu&yacute;/năm theo quy chế của đơn vị.</p>\r\n\r\n<p>- Được nghỉ ng&agrave;y CN v&agrave; c&aacute;c ng&agrave;y lễ theo quy định.</p>\r\n\r\n<p>- Được tham gia c&aacute;c hoạt động ngoại kh&oacute;a: văn nghệ, thể thao, du lịch của C&ocirc;ng ty.</p>', 'chuyen-vien-it-quan-tri-he-thong', 12000000, 17000000, 'Full time', 5, 'Nhân viên', 'Trên 1 năm', '3', '2021-12-19 16:42:53', '2021-12-20 05:50:04', 1, 4, 1),
(220, 'Nhân Viên Kỹ Thuật IT', 63, 'images/images/61bff45b929e9-job-category-06.jpg', '2021-12-31', '<h3>M&ocirc; tả c&ocirc;ng việc</h3>\r\n\r\n<p>- Thực hiện ca sửa chữa/bảo h&agrave;nh bảo tr&igrave; hệ thống/ m&aacute;y m&oacute;c cho kh&aacute;ch h&agrave;ng</p>\r\n\r\n<p>- L&agrave;m việc tại c&ocirc;ng ty hoặc tại cơ quan/nơi ở của kh&aacute;ch theo nhu cầu</p>\r\n\r\n<p>- Được sự hướng dẫn v&agrave; ph&acirc;n c&ocirc;ng của Trưởng nh&oacute;m kỹ thuật</p>\r\n\r\n<p>- Kiểm tra, chẩn đo&aacute;n, x&aacute;c định lỗi của hệ thống (bao gồm từng thiết bị ri&ecirc;ng lẻ, phần mềm hoặc cả hệ thống).</p>\r\n\r\n<p>- C&aacute;c c&ocirc;ng việc kh&aacute;c li&ecirc;n quan theo y&ecirc;u cầu của quản l&yacute; trực tiếp.</p>\r\n\r\n<p>&nbsp;</p>\r\n\r\n<h3>Y&ecirc;u cầu ứng vi&ecirc;n</h3>\r\n\r\n<p>- Ưu ti&ecirc;n ứng vi&ecirc;n tốt nghiệp c&aacute;c chuy&ecirc;n ng&agrave;nh về hệ thống, sửa chữa m&aacute;y t&iacute;nh.</p>\r\n\r\n<p>&nbsp;</p>\r\n\r\n<p>- C&oacute; kiến thức về m&aacute;y t&iacute;nh v&agrave; c&aacute;c thiết bị điện tử kh&aacute;c: m&aacute;y in, m&aacute;y fax,...</p>\r\n\r\n<p>- C&oacute; tối thiểu 1 năm kinh nghiệm</p>\r\n\r\n<p>- C&oacute; thể đi c&ocirc;ng t&aacute;c nội th&agrave;nh HCM</p>\r\n\r\n<h3>Quyền lợi</h3>\r\n\r\n<p><strong>- Lương: 8,000,000VND &ndash; 10,000,000VND</strong></p>\r\n\r\n<p>- Được tham gia BHXH, BHYT, BHTN, theo quy định của Luật lao động Việt Nam.</p>\r\n\r\n<p>- C&aacute;c ch&iacute;nh s&aacute;ch, ph&uacute;c lợi: lương th&aacute;ng 13</p>\r\n\r\n<p>- Tham quan du lịch hằng năm, teambuilding, nghỉ lễ, ph&eacute;p năm, v.v.</p>\r\n\r\n<p>- L&agrave;m việc ở B&igrave;nh Thạnh từ thứ 2- thứ 7</p>', 'nhan-vien-ky-thuat-it', 8000000, 10000000, 'Full time', 3, 'Nhân viên', 'Trên 1 năm', '3', '2021-12-20 03:11:23', '2021-12-20 03:11:23', 1, 4, 1),
(221, 'Thiết Kế Đồ Họa', 63, 'images/images/61bff4f3b4539-blog-compact-post-05.jpg', '2021-12-27', '<h3>M&ocirc; tả c&ocirc;ng việc</h3>\r\n\r\n<p>- Thiết kế h&igrave;nh ảnh quảng c&aacute;o cho c&aacute;c k&ecirc;nh Facebook, Web, Fanpage v&agrave; c&aacute;c phương tiện truyền th&ocirc;ng kh&aacute;c</p>\r\n\r\n<p>- Thiết kế c&aacute;c sản phẩm quảng c&aacute;o in ấn v&agrave; c&aacute;c sản phẩm truyền th&ocirc;ng online (Logo, Brochure, tờ rơi, standee, backdrop, banner...).</p>\r\n\r\n<p>- C&aacute;c c&ocirc;ng việc được giao theo sự chỉ đạo cấp tr&ecirc;n&nbsp;</p>\r\n\r\n<p><strong>THỜI GIAN L&Agrave;M VIỆC:</strong></p>\r\n\r\n<p>Thứ 2 - Thứ 6: 9h-17h</p>\r\n\r\n<p>Do t&iacute;nh chất c&ocirc;ng việc l&agrave;m với người Việt tại Mỹ n&ecirc;n cần l&agrave;m th&ecirc;m buổi tối từ 20h-24h</p>\r\n\r\n<p>Thứ 7: l&agrave;m online tại nh&agrave; buổi s&aacute;ng</p>\r\n\r\n<p>&nbsp;</p>\r\n\r\n<h3>Y&ecirc;u cầu ứng vi&ecirc;n</h3>\r\n\r\n<p><strong>- C&oacute; &iacute;t nhất 6 th&aacute;ng kinh nghiệm.</strong></p>\r\n\r\n<p>- C&oacute; khả năng thiết kế tốt, th&agrave;nh thạo một số phần mềm thiết kế như: Photoshop, AI, &hellip;.</p>\r\n\r\n<p>- Ưu ti&ecirc;n c&oacute; tư duy thẩm mỹ, s&aacute;ng tạo tốt</p>\r\n\r\n<p>- Cầu tiến, chịu kh&oacute; học hỏi v&agrave; c&oacute; tr&aacute;ch nhiệm trong c&ocirc;ng việc</p>\r\n\r\n<p>- Chịu được &aacute;p lực c&ocirc;ng việc cao.</p>\r\n\r\n<p>&nbsp;</p>\r\n\r\n<h3>Quyền lợi</h3>\r\n\r\n<p><strong>- Lương: 10-12tr/th&aacute;ng, hỗ trợ xăng xe, ăn trưa.</strong></p>\r\n\r\n<p>- Thiết kế đa lĩnh vực, thỏa sức s&aacute;ng tạo.</p>\r\n\r\n<p>- M&ocirc;i trường l&agrave;m việc năng động, th&acirc;n thiện, c&aacute;c chế độ ph&uacute;c lợi ưu đ&atilde;i;</p>\r\n\r\n<p>- Cơ hội ph&aacute;t triển nghề nghiệp ổn định l&acirc;u d&agrave;i;</p>\r\n\r\n<p><strong>- C&oacute; cơ hội l&agrave;m việc với đội nh&oacute;m cả Việt Nam v&agrave; USA</strong></p>\r\n\r\n<p><strong>- Du lịch nước ngo&agrave;i h&agrave;ng năm</strong></p>\r\n\r\n<p>- Thưởng Lễ, Tết; Lương th&aacute;ng 13.&nbsp;</p>', 'thiet-ke-do-hoa', 10000000, 12000000, 'Full time', 3, 'Nhân viên', 'Trên 1 năm', '3', '2021-12-20 03:13:55', '2021-12-20 05:49:23', 1, 28, 1),
(222, 'Lập Trình Viên Java (Spring)', 63, 'images/images/61bff5b88cfcc-job-category-08.jpg', '2021-12-31', '<h3>M&ocirc; tả c&ocirc;ng việc</h3>\r\n\r\n<p>- Tham gia ph&aacute;t triển c&aacute;c hệ thống ứng dụng nền tảng Cloud (AWS, GCP)</p>\r\n\r\n<p>- Tham gia ph&aacute;t triển hệ thống core micro service</p>\r\n\r\n<p>- Tham gia ph&aacute;t triển tr&ecirc;n m&ocirc; h&igrave;nh SCRUM/Agile</p>\r\n\r\n<p>- Tham gia ph&acirc;n t&iacute;ch giải ph&aacute;p cho từng vấn đề cụ thể của dự &aacute;n</p>\r\n\r\n<p>- L&agrave;m việc theo phương ch&acirc;m Thinking Logically, Talk Straight, Proactive</p>\r\n\r\n<p>&nbsp;</p>\r\n\r\n<h3>Y&ecirc;u cầu ứng vi&ecirc;n</h3>\r\n\r\n<p>- Tốt nghiệp chuy&ecirc;n ng&agrave;nh c&ocirc;ng nghệ th&ocirc;ng tin, khoa học m&aacute;y t&iacute;nh</p>\r\n\r\n<p>- Tư duy logic tốt</p>\r\n\r\n<p>- C&oacute; từ 1 năm kinh nghiệm l&agrave;m việc trở l&ecirc;n</p>\r\n\r\n<p>- Sử dụng tốt Java Core, c&oacute; kinh nghiệm l&agrave;m việc với Java Web</p>\r\n\r\n<p>- C&oacute; hiểu biết về 1 số framework th&ocirc;ng dụng như Spring, jHipster, Hibernate, JPA, Junit, Mockito</p>\r\n\r\n<p>- C&oacute; hiểu biết về cơ sở dữ liệu như MySQL, PostgreSQL</p>\r\n\r\n<p>- Đ&atilde; từng lập tr&igrave;nh Front End: HTML, CSS, Javascript với c&aacute;c framework như jQuery, Bootstrap...đặc biệt nếu c&oacute; kinh nghiệm ph&aacute;t triển Single Page App với Angular l&agrave; một lợi thế</p>\r\n\r\n<p>- Sử dụng th&agrave;nh thạo Git</p>\r\n\r\n<p>&nbsp;</p>\r\n\r\n<h3>Quyền lợi</h3>\r\n\r\n<p>- Được l&agrave;m trong m&ocirc;i trường trẻ, năng động, v&agrave; thường xuy&ecirc;n tiếp x&uacute;c v&agrave; hợp t&aacute;c với c&aacute;c kh&aacute;ch h&agrave;ng nước ngo&agrave;i</p>\r\n\r\n<p>- Được bố tr&iacute; c&ocirc;ng t&aacute;c đi lại giữa c&aacute;c chi nh&aacute;nh: HCM v&agrave; Huế hoặc l&agrave;m việc onsite</p>\r\n\r\n<p>- Mức lương ph&ugrave; hợp với năng lực bản th&acirc;n, review theo hiệu quả c&ocirc;ng việc</p>\r\n\r\n<p>- Thưởng theo dự &aacute;n, thưởng th&agrave;nh t&iacute;ch, lương th&aacute;ng 13</p>\r\n\r\n<p>- Văn ph&ograve;ng c&ocirc;ng ty chuy&ecirc;n nghiệp, bố tr&iacute; phong c&aacute;ch, sử dụng tr&agrave;, caf&eacute;, đồ ăn vặt FREE tại c&ocirc;ng ty.</p>\r\n\r\n<p>- BHXH v&agrave; BHYT &amp; Tất cả c&aacute;c quyền lợi theo luật lao động.</p>\r\n\r\n<p>- Tham gia nhiều hoạt động do c&ocirc;ng ty tổ chức như: Company Trip hằng năm; Sinh nhật h&agrave;ng th&aacute;ng, B&aacute;nh tr&aacute;i, hoạt động cuối tuần, team building...</p>\r\n\r\n<p>- Hỗ trợ c&aacute;c hoạt động x&acirc;y dựng ph&aacute;t triển bản th&acirc;n, lộ tr&igrave;nh thăng tiến cho từng vị tr&iacute;</p>', 'lap-trinh-vien-java-spring', 25000000, 30000000, 'Full time', 1, 'Nhân viên', 'Trên 3 năm', '3', '2021-12-20 03:17:12', '2021-12-20 05:48:57', 1, 4, 1),
(223, 'Senior Mobile Developer', 63, 'images/images/61bff64a6d59b-job-category-08.jpg', '2021-12-28', '<h3>M&ocirc; tả c&ocirc;ng việc</h3>\r\n\r\n<ul>\r\n	<li>Hỗ trợ ph&aacute;t triển ứng dụng di động (thiết kế, thử nghiệm, ph&aacute;t h&agrave;nh v&agrave; hỗ trợ sau ph&aacute;t h&agrave;nh)</li>\r\n	<li>Ph&aacute;t triển c&aacute;c t&iacute;nh năng v&agrave; giao diện người d&ugrave;ng từ c&aacute;c m&ocirc; h&igrave;nh khung d&acirc;y</li>\r\n	<li>Sản xuất c&aacute;c ứng dụng di động tr&ecirc;n m&atilde; code sạch</li>\r\n	<li>L&agrave;m việc, trao đổi thảo luận c&ugrave;ng team, &nbsp;back-end dev, designers để cung cấp c&aacute;c giải ph&aacute;p chất lượng cao</li>\r\n	<li>Thu thập c&aacute;c y&ecirc;u cầu cụ thể v&agrave; đề xuất giải ph&aacute;p</li>\r\n	<li>Thiết kế giao diện để cải thiện trải nghiệm người d&ugrave;ng</li>\r\n	<li>Trao đổi để x&aacute;c định v&agrave; lập kế hoạch cho c&aacute;c t&iacute;nh năng mới</li>\r\n	<li>Nghi&ecirc;n cứu v&agrave; đề xuất c&aacute;c sản phẩm, ứng dụng v&agrave; giao thức di động mới</li>\r\n</ul>\r\n\r\n<h3>Y&ecirc;u cầu ứng vi&ecirc;n</h3>\r\n\r\n<ul>\r\n	<li><strong>Kh&ocirc;ng y&ecirc;u cầu ngoại ngữ</strong></li>\r\n	<li>C&oacute; bằng Cử nh&acirc;n về Khoa học M&aacute;y t&iacute;nh, Kỹ thuật hoặc lĩnh vực c&oacute; li&ecirc;n quan</li>\r\n	<li>Kinh nghiệm l&agrave;m việc với tư c&aacute;ch l&agrave; mobile dev &iacute;t nhất 3 năm</li>\r\n	<li>C&oacute; kinh nghiệm trong việc định h&igrave;nh v&agrave; gỡ lỗi c&aacute;c ứng dụng di động</li>\r\n	<li>Th&agrave;nh thạo Kotlin / Java ( đối với Android dev) , th&agrave;nh thạo Swift / Objective-C (IOS dev)</li>\r\n	<li>Kiến thức vững chắc về c&aacute;c mẫu kiến ​​tr&uacute;c v.d. MVC, MVP, MVVM v&agrave; Clean Architecture&nbsp;</li>\r\n	<li>Kiến thức về c&aacute;c phương ph&aacute;p, thiết kế / ph&aacute;t triển Android v&agrave; trải nghiệm với Android Studio (Android Dev) hoặc Xcode (IOS dev)</li>\r\n</ul>\r\n\r\n<h3>Quyền lợi</h3>\r\n\r\n<ul>\r\n	<li>Mức lương cực kỳ hấp dẫn (L&ecirc;n đến 50 triệu vnd)</li>\r\n	<li>Lương, thưởng th&aacute;ng 13 r&otilde; r&agrave;ng</li>\r\n	<li>Đ&oacute;ng bảo hiểm đầy đủ theo quy định&nbsp;</li>\r\n	<li>M&ocirc;i trường l&agrave;m việc chuy&ecirc;n nghiệp v&agrave; cũng v&ocirc; c&ugrave;ng thoải m&aacute;i. (qu&agrave; b&aacute;nh, tr&agrave; chiều lu&ocirc;n sẵn cho mn nha)</li>\r\n	<li>Tham gia c&aacute;c hoạt động, sự kiện của c&ocirc;ng ty tổ chức</li>\r\n	<li>Thời gian l&agrave;m việc v&ocirc; c&ugrave;ng năng động: từ thứ 2 -&gt; thứ 6, bắt đầu l&uacute;c 9h30.</li>\r\n</ul>', 'senior-mobile-developer', 40000000, 50000000, 'Full time', 1, 'Nhân viên', 'Trên 3 năm', '3', '2021-12-20 03:19:38', '2021-12-20 03:19:38', 1, 4, 1),
(224, 'Lập Trình Viên PHP (Middle/Senior)', 66, 'images/images/61bff75da65b4-cong-ty-tnhh-beetsoft.jpg', '2021-12-31', '<h3><strong>M&ocirc; tả c&ocirc;ng việc</strong></h3>\r\n\r\n<ul>\r\n	<li>Tham gia ph&aacute;t triển sản phẩm cho kh&aacute;ch h&agrave;ng Nhật Bản, H&agrave;n Quốc, &Acirc;u Mỹ</li>\r\n	<li>Ph&acirc;n t&iacute;ch nghiệp vụ, y&ecirc;u cầu người d&ugrave;ng, y&ecirc;u cầu hệ thống.</li>\r\n	<li>Thiết kế, Code, review code, test.</li>\r\n	<li>Tiếp nhận v&agrave; đ&aacute;nh gi&aacute; dự &aacute;n, tư vấn c&aacute;c c&ocirc;ng nghệ c&oacute; thể &aacute;p dụng v&agrave;o dự &aacute;n</li>\r\n	<li>Tham gia nghi&ecirc;n cứu, tư vấn v&agrave; định hướng về c&ocirc;ng nghệ mới.</li>\r\n</ul>\r\n\r\n<h3><strong>Y&ecirc;u cầu ứng vi&ecirc;n</strong></h3>\r\n\r\n<ul>\r\n	<li>3+ năm kinh nghiệm với PHP (bao gồm c&aacute;c framework li&ecirc;n quan như Laravel, ...).</li>\r\n	<li>Kinh nghiệm l&agrave;m việc với hệ thống e &ndash; commerces, Laravel/Symfony v&agrave; CMS kh&aacute;c.</li>\r\n	<li>Kinh nghiệm l&agrave;m việc với SEO, HTML/CSS, HTML5, JavaScript, Jquery.</li>\r\n	<li>C&oacute; kiến thức về VueJS, NodeJS l&agrave; điểm cộng.</li>\r\n	<li>Sẵn s&agrave;ng t&igrave;m hiểu v&agrave; học hỏi c&ocirc;ng nghệ mới.</li>\r\n</ul>\r\n\r\n<h3><strong>Quyền lợi</strong></h3>\r\n\r\n<ul>\r\n	<li>Mức thu nhập tương xứng với năng lực ($800 &ndash; $1,500)</li>\r\n	<li>Thu nhập 13 th&aacute;ng lương/năm, qu&agrave; tặng (tiền thưởng) v&agrave;o c&aacute;c ng&agrave;y Lễ Tết (Tết dương lịch, Quốc kh&aacute;nh, 30/04-01/05, Trung thu, Tết thiếu nhi...)</li>\r\n	<li>X&eacute;t tăng lương 2 lần/năm theo năng lực v&agrave; hiệu quả c&ocirc;ng việc</li>\r\n	<li>Phụ cấp ăn trưa, gửi xe miễn ph&iacute;</li>\r\n	<li>Đồng nghiệp trẻ trung, năng động, lu&ocirc;n hỗ trợ v&agrave; gi&uacute;p đỡ nhau</li>\r\n	<li>M&ocirc;i trường l&agrave;m việc văn minh, c&ocirc;ng bằng, tinh thần Start-Up năng động, thoải m&aacute;i đưa ra c&aacute;c &yacute; tưởng cải tiến.</li>\r\n	<li>Kh&aacute;m sức khỏe định kỳ 1 lần/năm tại bệnh viện uy t&iacute;n.</li>\r\n	<li>C&aacute;c chế độ về bảo hiểm x&atilde; hội, bảo hiểm y tế, v&agrave; c&aacute;c chế độ kh&aacute;c theo quy định của Ph&aacute;p luật.</li>\r\n	<li>C&aacute;c ch&iacute;nh s&aacute;ch hỗ trợ việc học tập để ph&aacute;t triển bản th&acirc;n bao gồm ng&acirc;n s&aacute;ch v&agrave; thời gian tham gia c&aacute;c kh&oacute;a đ&agrave;o tạo.</li>\r\n	<li>C&oacute; lộ tr&igrave;nh ph&aacute;t triển nghề nghiệp Career Path r&otilde; r&agrave;ng, được tạo điều kiện để ph&aacute;t triển nghề nghiệp theo năng lực v&agrave; mong muốn c&aacute; nh&acirc;n.</li>\r\n</ul>', 'lap-trinh-vien-php-middlesenior', 15000000, 35000000, 'Full time', 4, 'Nhân viên', 'Trên 3 năm', '3', '2021-12-20 03:20:55', '2021-12-20 03:24:13', 1, 4, 1),
(225, 'Cộng Tác Viên - Nhập Liệu', 63, 'images/images/61bff6e91724b-blog-single-post-01.jpg', '2021-12-30', '<h3>M&ocirc; tả c&ocirc;ng việc</h3>\r\n\r\n<ul>\r\n	<li>Nhập liệu từ ảnh, số liệu khảo s&aacute;t v&agrave;o file excel</li>\r\n	<li>In v&agrave; scan hồ sơ</li>\r\n	<li>Địa chỉ l&agrave;m việc: Tầng 9 t&ograve;a IC, 82 Duy T&acirc;n, Dịch Vọng Hậu, Cầu Giấy, H&agrave; Nội</li>\r\n</ul>\r\n\r\n<h3>Y&ecirc;u cầu ứng vi&ecirc;n</h3>\r\n\r\n<p><strong>1. Tr&igrave;nh độ học vấn:</strong>&nbsp;Tốt nghiệp trung cấp trở l&ecirc;n.</p>\r\n\r\n<p><strong>2. Kinh nghiệm:</strong></p>\r\n\r\n<p>- Kh&ocirc;ng y&ecirc;u cầu kinh nghiệm l&agrave;m việc, nếu tr&uacute;ng tuyển sẽ được đ&agrave;o tạo.</p>\r\n\r\n<p>- Ứng vi&ecirc;n c&oacute; kinh nghiệm l&agrave;m c&ocirc;ng việc nhập liệu th&ocirc;ng tin l&agrave; một lợi thế.</p>\r\n\r\n<p><strong>3. Kỹ năng kh&aacute;c:</strong></p>\r\n\r\n<p>- Chăm chỉ, cẩn thận, tỉ mỉ.</p>\r\n\r\n<p>- Sử dụng th&agrave;nh thạo kỹ năng word, excel.</p>\r\n\r\n<h3>Quyền lợi</h3>\r\n\r\n<ul>\r\n	<li>L&agrave;m việc trong m&ocirc;i trường cởi mở</li>\r\n	<li>Thu nhập l&ecirc;n đến 10 triệu/th&aacute;ng</li>\r\n	<li>Sẽ được đ&agrave;o tạo nếu chưa c&oacute; kinh nghiệm</li>\r\n</ul>', 'cong-tac-vien-nhap-lieu', 5000000, 10000000, 'Part time', 1, 'Nhân viên', 'Không yêu cầu', '3', '2021-12-20 03:22:17', '2021-12-20 03:22:17', 1, 1, 1);
INSERT INTO `blogs` (`id`, `title`, `user_recruitment_id`, `image`, `deadline`, `detail`, `slug`, `salary_min`, `salary_max`, `working_time`, `quantity`, `position`, `exp`, `gender`, `created_at`, `updated_at`, `enable`, `cate_id`, `location_id`) VALUES
(226, 'Frontend Developer (Reactjs)', 66, 'images/images/61bff7e1822c2-cong-ty-tnhh-beetsoft.jpg', '2021-12-31', '<h3><strong>M&ocirc; tả c&ocirc;ng việc</strong></h3>\r\n\r\n<ul>\r\n	<li>Thiết kế sản phẩm sử dụng ng&ocirc;n ngữ React.</li>\r\n	<li>Tham gia qu&aacute; tr&igrave;nh nghi&ecirc;n cứu c&ocirc;ng nghệ, ph&acirc;n t&iacute;ch, ph&aacute;t triển dự &aacute;n với kh&aacute;ch h&agrave;ng Nhật Bản.</li>\r\n	<li>Bảo h&agrave;nh, bảo tr&igrave; fix bug sản phẩm.</li>\r\n	<li>Quản l&yacute; task hằng ng&agrave;y, b&aacute;o c&aacute;o c&ocirc;ng việc với cấp tr&ecirc;n.</li>\r\n	<li>Chi tiết trao đổi trong qu&aacute; tr&igrave;nh phỏng vấn.</li>\r\n</ul>\r\n\r\n<h3><strong>Y&ecirc;u cầu ứng vi&ecirc;n</strong></h3>\r\n\r\n<ul>\r\n	<li>C&oacute; kinh nghiệm với l&agrave;m việc với ReactJS, HTML5, CSS3, Javascript,...</li>\r\n	<li>Kinh nghiệm sử dụng Git.</li>\r\n	<li>Kinh nghiệm debug v&agrave; tối ưu h&oacute;a code cho hiệu suất ứng dụng th&ocirc;ng qua c&aacute;c c&ocirc;ng cụ.</li>\r\n	<li>Khả năng thảo luận về c&aacute;ch tiếp cận, đồng thời thực hiện tốt phương &aacute;n c&ugrave;ng team.</li>\r\n	<li>C&oacute; kinh nghiệm vững chắc về JavaScript ES6 / TypeScript l&agrave;m việc với Reactjs</li>\r\n</ul>\r\n\r\n<h3><strong>Quyền lợi</strong></h3>\r\n\r\n<ul>\r\n	<li>Mức thu nhập tương xứng với năng lực ($800 - $1500)</li>\r\n	<li>Thu nhập 13 th&aacute;ng lương/năm, qu&agrave; tặng (tiền thưởng) v&agrave;o c&aacute;c ng&agrave;y Lễ Tết (Tết dương lịch, Quốc kh&aacute;nh, 30/04-01/05, Trung thu, Tết thiếu nhi...)</li>\r\n	<li>X&eacute;t tăng lương 2 lần/năm theo năng lực v&agrave; hiệu quả c&ocirc;ng việc</li>\r\n	<li>Phụ cấp ăn trưa, gửi xe miễn ph&iacute;</li>\r\n	<li>Đồng nghiệp trẻ trung, năng động, lu&ocirc;n hỗ trợ v&agrave; gi&uacute;p đỡ nhau.</li>\r\n	<li>M&ocirc;i trường l&agrave;m việc văn minh, c&ocirc;ng bằng, tinh thần Start-Up năng động, thoải m&aacute;i đưa ra c&aacute;c &yacute; tưởng cải tiến.</li>\r\n	<li>Teambuilding, du lịch c&ugrave;ng c&ocirc;ng ty.</li>\r\n	<li>Kh&aacute;m sức khỏe định kỳ 1 lần/năm tại bệnh viện uy t&iacute;n.</li>\r\n	<li>C&aacute;c chế độ về bảo hiểm x&atilde; hội, bảo hiểm y tế, v&agrave; c&aacute;c chế độ kh&aacute;c theo quy định của Ph&aacute;p luật.</li>\r\n	<li>C&aacute;c ch&iacute;nh s&aacute;ch hỗ trợ việc học tập để ph&aacute;t triển bản th&acirc;n bao gồm ng&acirc;n s&aacute;ch v&agrave; thời gian tham gia c&aacute;c kh&oacute;a đ&agrave;o tạo.</li>\r\n	<li>C&oacute; lộ tr&igrave;nh ph&aacute;t triển nghề nghiệp Career Path r&otilde; r&agrave;ng, được tạo điều kiện để ph&aacute;t triển nghề nghiệp theo năng lực v&agrave; mong muốn c&aacute; nh&acirc;n.</li>\r\n</ul>', 'frontend-developer-reactjs', 15000000, 35000000, 'Full time', 5, 'Nhân viên', 'Trên 3 năm', '3', '2021-12-20 03:26:25', '2021-12-20 03:26:25', 1, 4, 1),
(227, 'Cộng Tác Viên Công Nghệ Thông Tin', 63, 'images/images/61bff85495919-callout-2.jpg', '2021-12-31', '<h3>M&ocirc; tả c&ocirc;ng việc</h3>\r\n\r\n<p>T&ugrave;y v&agrave;o kiến thức chuy&ecirc;n ng&agrave;nh v&agrave; nguyện vọng của ứng vi&ecirc;n m&agrave; Ban C&ocirc;ng nghệ I sẽ ph&acirc;n bổ c&ocirc;ng việc&nbsp;ph&ugrave; hợp theo ba mảng ch&iacute;nh sau đ&acirc;y:&nbsp;&nbsp;&nbsp;&nbsp;&nbsp;&nbsp;&nbsp;&nbsp;&nbsp;&nbsp;&nbsp;&nbsp;&nbsp;&nbsp;&nbsp;&nbsp;<br />\r\nA. Lập tr&igrave;nh Web:<br />\r\n- Hỗ trợ ph&aacute;t triển c&aacute;c ứng dụng website<br />\r\n- Được bồi dưỡng c&aacute;c kỹ năng ph&aacute;t triển website: Html, CSS, JS, ReactJS&hellip;<br />\r\n- Được bồi dưỡng quy tr&igrave;nh ph&aacute;t triển phần mềm.<br />\r\n- Được bồi dưỡng kỹ năng lập tr&igrave;nh Back-End: C# .Net<br />\r\nB.Ph&acirc;n t&iacute;ch dữ liệu &ndash; BigData:&nbsp;<br />\r\n- S&agrave;n lọc, ph&acirc;n t&iacute;ch dữ liệu<br />\r\n- Hỗ trợ x&acirc;y dựng Data warehouse<br />\r\n- Hỗ trợ ph&aacute;t triển hệ thống Visualize Data<br />\r\n- Được bồi dưỡng c&aacute;c k&yacute; năng ph&aacute;t triển phần mềm<br />\r\nC. AI-Machine Learning<br />\r\n- Ứng dụng hiệu chỉnh c&aacute;c m&ocirc; h&igrave;nh đ&atilde; c&oacute; thực hiện ph&acirc;n t&iacute;ch dự đo&aacute;n kh&aacute;ch h&agrave;ng tiềm năng<br />\r\n- Hỗ trợ x&acirc;y dựng ChatBot c&oacute; ph&acirc;n t&iacute;ch NLP<br />\r\n- Hỗ trợ x&acirc;y dựng hệ thống t&oacute;m tắt văn bản<br />\r\n- &Aacute;p dụng ML v&agrave;o việc Data mining<br />\r\n- Được bồi dưỡng c&aacute;c kỹ năng ph&aacute;t triển phần mềm<br />\r\n- Bỗi dưỡng kiến thức trợ x&acirc;y dựng Neural Network</p>\r\n\r\n<h3>Y&ecirc;u cầu ứng vi&ecirc;n</h3>\r\n\r\n<ol>\r\n	<li>Tr&igrave;nh độ &ndash; Bằng cấp :&nbsp;<br />\r\n	- Sinh vi&ecirc;n năm 3, 4 hoặc mới tốt nghiệp c&oacute; học lực kh&aacute; trở l&ecirc;n<br />\r\n	- Tốt nghiệp khối ng&agrave;nh kinh tế, thương mại hoặc c&ocirc;ng nghệ th&ocirc;ng tin.</li>\r\n	<li>Kỹ năng&nbsp;<br />\r\n	- Khả năng ph&acirc;n t&iacute;ch v&agrave; thiết kế &yacute; tưởng.<br />\r\n	- Khả năng quản l&yacute; thời gian.<br />\r\n	- C&oacute; tư duy ph&acirc;n t&iacute;ch, phản biện, tổng hợp th&ocirc;ng tin, chú t&acirc;m trong mọi h&agrave;nh đ&ocirc;̣ng.<br />\r\n	- C&oacute; kinh nghiệm v&agrave; kiến thức trong ph&acirc;n t&iacute;ch thiết kế.<br />\r\n	- Khả năng lắng nghe v&agrave; viết tốt.<br />\r\n	- Khả năng Tiếng anh: Nghe, n&oacute;i, đọc, viết tốt.</li>\r\n	<li>Ưu ti&ecirc;n:<br />\r\n	- Biết v&agrave; sử dụng Agile/Confluence/Jira.<br />\r\n	- C&oacute; khả năng thiết kế UI/UX (web v&agrave; mobile app).</li>\r\n	<li>Kinh nghiệm: Kinh nghiệm BA l&agrave; lợi thế</li>\r\n</ol>\r\n\r\n<h3>Quyền lợi</h3>\r\n\r\n<p>- Lương: 5.000.000 VNĐ đến 8.000.000 VNĐ v&agrave; phụ cấp/thưởng hiệu quả c&ocirc;ng việc: từ 4.000.000 đến 12.000.000 vnđ/th&aacute;ng t&ugrave;y theo performance</p>\r\n\r\n<p>- Hưởng chế đ&ocirc;̣ theo quy định của Luật lao đ&ocirc;̣ng.</p>\r\n\r\n<p>- C&aacute;c chế đ&ocirc;̣ kh&aacute;c được quy định trong ch&iacute;nh s&aacute;ch của Tập đo&agrave;n, Thỏa ước lao đ&ocirc;̣ng, CSPL v&agrave; thỏa thuận kh&aacute;c.&nbsp;</p>', 'cong-tac-vien-cong-nghe-thong-tin', 5000000, 8000000, 'Full time,Part time', 20, 'Thực tập sinh', 'Không yêu cầu', '3', '2021-12-20 03:28:20', '2021-12-20 03:28:20', 1, 4, 1),
(228, 'Cộng Tác Viên Theo Dõi Vận Hành', 63, 'images/images/61bff8d9580a1-section-background.jpg', '2021-12-30', '<h3>M&ocirc; tả c&ocirc;ng việc</h3>\r\n\r\n<ul>\r\n	<li>Thời gian l&agrave;m vi&ecirc;c: 8:00 - 17:00 Thứ Hai đến thứ S&aacute;u</li>\r\n	<li>Theo d&otilde;i qu&aacute; tr&igrave;nh vận h&agrave;nh h&agrave;ng ng&agrave;y của c&aacute;c website để kịp thời ph&aacute;t hiện lỗi, gồm: lỗi về chức năng, lỗi giao diện, lỗi quảng c&aacute;o, lỗi nội dung; lỗi hệ thống &hellip;&nbsp;</li>\r\n	<li>Theo d&otilde;i qu&aacute; tr&igrave;nh xử l&yacute; lỗi &amp; kiểm tra sau khi lỗi đ&atilde; được xử l&yacute;</li>\r\n	<li>Tiếp nhận th&ocirc;ng b&aacute;o lỗi website từ c&aacute;c bộ phận kh&aacute;c v&agrave; theo d&otilde;i qu&aacute; tr&igrave;nh xử l&yacute; lỗi của c&aacute;c nh&oacute;m lập tr&igrave;nh.</li>\r\n	<li>C&aacute;c c&ocirc;ng việc kh&aacute;c theo ph&acirc;n c&ocirc;ng</li>\r\n</ul>\r\n\r\n<h3>Y&ecirc;u cầu ứng vi&ecirc;n</h3>\r\n\r\n<ul>\r\n	<li>Sinh vi&ecirc;n năm cuối, mới ra trường &ndash; c&oacute; thể đ&aacute;p ứng điều kiện l&agrave;m full-time giờ h&agrave;nh ch&iacute;nh</li>\r\n	<li>C&oacute; kiến thức hoặc đ&atilde; được đ&agrave;o tạo về test hoặc y&ecirc;u th&iacute;ch c&ocirc;ng việc</li>\r\n	<li>Sử dụng th&agrave;nh thạo tr&igrave;nh duyệt Chrome, Coccoc, IE, Firefox; phần mềm chụp ảnh Snagit; MS office.</li>\r\n	<li>Nhanh nhẹn, chăm chỉ, cẩn thận, tr&aacute;ch nhiệm cao với c&ocirc;ng việc.</li>\r\n</ul>\r\n\r\n<h3>Quyền lợi được hưởng</h3>\r\n\r\n<p><strong>&bull; Thu nhập 6 triệu/th&aacute;ng.</strong><br />\r\n&bull; Được đ&agrave;o tạo về kiến thức, kỹ năng test với sản phẩm l&agrave; trang tin c&oacute; lượng truy cập lớn nhất VN.<br />\r\n&bull; Văn ph&ograve;ng hạng A cực đẹp tại quận nội th&agrave;nh, thuận tiện đi lại.<br />\r\n&bull; M&ocirc;i trường l&agrave;m việc trẻ trung, năng động (9x).</p>', 'cong-tac-vien-theo-doi-van-hanh', 5000000, 6000000, 'Full time', 1, 'Nhân viên', 'Dưới 1 năm', '3', '2021-12-20 03:30:33', '2021-12-20 05:47:56', 1, 19, 1),
(229, 'Cộng Tác Viên Triển Khai Phần Mềm', 63, 'images/images/61bff96880f3b-callout-2.jpg', '2021-12-30', '<h3>M&ocirc; tả c&ocirc;ng việc</h3>\r\n\r\n<p>&ndash; Khảo s&aacute;t, lập b&aacute;o c&aacute;o trong c&aacute;c dự &aacute;n triển khai phần mềm.<br />\r\n&ndash; Đề xuất c&aacute;c phương &aacute;n triển khai li&ecirc;n quan phần mềm.<br />\r\n&ndash; Tiếp nhận y&ecirc;u cầu kh&aacute;ch h&agrave;ng v&agrave; xử l&yacute; c&aacute;c y&ecirc;u cầu của kh&aacute;ch h&agrave;ng.<br />\r\n&ndash; Thực hiện vận h&agrave;nh chạy thử, đ&aacute;nh gi&aacute; mức độ ph&ugrave; hợp của phần mềm đối với c&aacute;c y&ecirc;u cầu của người d&ugrave;ng.<br />\r\n&ndash; Thực hiện c&aacute;c dịch vụ cho kh&aacute;ch h&agrave;ng như: B&agrave;n giao h&agrave;ng h&oacute;a sản phẩm, lắp đặt, c&agrave;i đặt, hướng dẫn sử dụng, đ&agrave;o tạo chuyển giao phần mềm v&agrave; hỗ trợ kỹ thuật.<br />\r\n&ndash; Triển khai phần mềm tại H&agrave; Nội hoặc tại c&aacute;c tỉnh.<br />\r\n&ndash; Chi tiết c&ocirc;ng việc trao đổi cụ thể khi phỏng vấn.</p>\r\n\r\n<h3>Y&ecirc;u cầu ứng vi&ecirc;n</h3>\r\n\r\n<p>&ndash; Tốt nghiệp đại học, cao đẳng chuy&ecirc;n ng&agrave;nh C&ocirc;ng nghệ Th&ocirc;ng tin, Điện tử Viễn th&ocirc;ng; To&aacute;n Tin hoặc c&aacute;c lĩnh vực c&oacute; li&ecirc;n quan.<br />\r\n&ndash; Sử dụng th&agrave;nh thạo v&agrave; c&oacute; kỹ năng tốt về tin học văn ph&ograve;ng (word, excel, power point)<br />\r\n&ndash; Kh&ocirc;ng y&ecirc;u cầu kinh nghiệm<br />\r\n&ndash; Khả năng giao tiếp tốt, nhanh nhẹn, cẩn thận, c&oacute; khả năng giải quyết c&aacute;c t&igrave;nh huống, l&agrave;m việc được dưới &aacute;p lực cao</p>\r\n\r\n<h3>Quyền lợi</h3>\r\n\r\n<p>&ndash; Mức lương cực kỳ hấp dẫn tương xứng với khả năng v&agrave; kinh nghiệm (6 - 8M)<br />\r\n&ndash; Đ&aacute;nh gi&aacute; &amp; x&eacute;t tăng lương hằng năm, thưởng kinh doanh cuối năm, thưởng dự &aacute;n, thưởng hiệu suất, thưởng c&aacute;c dịp lễ tết trong năm.<br />\r\n&ndash; Cơ hội thể hiện bản th&acirc;n, l&agrave;m chủ c&ocirc;ng việc v&agrave; thăng tiến cao trong sự nghiệp.<br />\r\n&ndash; Cơ hội l&agrave;m việc với c&aacute;c chuy&ecirc;n gia C&ocirc;ng nghệ h&agrave;ng đầu v&agrave; c&aacute;c h&atilde;ng c&ocirc;ng nghệ lớn tr&ecirc;n thế giới.<br />\r\n&ndash; M&ocirc;i trường trẻ trung, năng động, khuyến kh&iacute;ch mọi người thể hiện bản th&acirc;n, tạo s&acirc;n chơi l&agrave;nh mạnh với nhiều hoạt động s&ocirc;i nổi.<br />\r\n&ndash; Teambuilding h&agrave;ng năm, Olympic kỉ niệm ng&agrave;y th&agrave;nh lập c&ocirc;ng ty, Year End Party, 20/10, &hellip; v&agrave; một số hoạt động văn h&oacute;a độc đ&aacute;o kh&aacute;c.<br />\r\n&ndash; Khu vực pantry rộng r&atilde;i để giải tr&iacute;, ăn uống giữa giờ, ăn trưa v&agrave; tổ chức c&aacute;c hoạt động nội bộ.<br />\r\n&ndash; Văn ph&ograve;ng c&ocirc;ng ty SANG &ndash; XỊN &ndash; MỊN tại phố Duy T&acirc;n, đặc biệt kh&ocirc;ng gian được thiết kế mở để mọi người c&oacute; thể giao lưu, trao đổi.<br />\r\n&ndash; V&agrave; rất nhiều những cơ hội c&ocirc;ng việc hấp dẫn kh&aacute;c nữa.</p>', 'cong-tac-vien-trien-khai-phan-mem', 6000000, 8000000, 'Full time', 2, 'Nhân viên', 'Không yêu cầu', '3', '2021-12-20 03:32:56', '2021-12-20 03:32:56', 1, 4, 1),
(230, 'Nhân Viên Thiết Kế Website', 63, 'images/images/61bffa207f16a-job-category-01.jpg', '2021-12-31', '<h3>M&ocirc; tả c&ocirc;ng việc</h3>\r\n\r\n<p>- X&acirc;y dựng v&agrave; ph&aacute;t triển website tr&ecirc;n nền tảng m&atilde; nguồn Wordpress, Joomla&hellip;</p>\r\n\r\n<p>- Thiết kế giao diện Front-end hệ thống website c&ocirc;ng ty, đảm bảo ti&ecirc;u chuẩn UX/UI.</p>\r\n\r\n<p>- Phối hợp với c&aacute;c Bộ phận li&ecirc;n quan để thiết kế, chỉnh sửa c&aacute;c nội dung website theo y&ecirc;u cầu.</p>\r\n\r\n<p>- Phối hợp c&aacute;c Team SEO, Team Marketing, Team Truyền th&ocirc;ng &ndash; Sự kiện ph&aacute;t triển nội dung, h&igrave;nh ảnh c&ocirc;ng ty tr&ecirc;n c&aacute;c k&ecirc;nh online.</p>\r\n\r\n<p>- Thiết kế c&aacute;c ấn phẩm truyền th&ocirc;ng: banner quảng c&aacute;o, poster, catalogue, video clip&hellip;.</p>\r\n\r\n<p>- Nghi&ecirc;n cứu, cập nhật những xu hướng &amp; cải tiến mới về cả c&ocirc;ng nghệ, kỹ thuật thiết kế để &aacute;p dụng.</p>\r\n\r\n<p>- Thực hiện c&aacute;c c&ocirc;ng việc kh&aacute;c theo y&ecirc;u cầu của cấp tr&ecirc;n.</p>\r\n\r\n<p>&nbsp;</p>\r\n\r\n<h3>Y&ecirc;u cầu ứng vi&ecirc;n</h3>\r\n\r\n<p>- Tốt nghiệp Trung cấp, CĐ/ĐH trở l&ecirc;n, Nam tuổi từ 22 - 28</p>\r\n\r\n<p>- Chuy&ecirc;n ng&agrave;nh li&ecirc;n quan đến Thiết kế đồ họa, thiết kế web hoặc c&aacute;c chứng chỉ nghề tương đương</p>\r\n\r\n<p>- C&oacute; &iacute;t nhất 1 năm kinh nghiệm ở vị tr&iacute; tương đương</p>\r\n\r\n<p>&nbsp;- C&oacute; kiến thức v&agrave; khả năng sử dụng c&aacute;c phần mềm đồ họa như Adobe Photoshop, Adobe Illustrator, Corel Draw, Adobe Flash&hellip;</p>\r\n\r\n<p>- Hiểu biết cơ bản về ng&ocirc;n ngữ lập tr&igrave;nh giao diện HTML, CSS, Boostrap , javascript, jquery,&hellip;</p>\r\n\r\n<p>- Ưu ti&ecirc;n ứng vi&ecirc;n c&oacute; kinh nghiệm quản trị, thiết kế website m&atilde; nguồn mở như: wordpress, joomla, magento, drupal&hellip;.</p>\r\n\r\n<p>&nbsp;</p>\r\n\r\n<h3>Quyền lợi</h3>\r\n\r\n<p>- Lương thử việc : 23,000,000</p>\r\n\r\n<p>- Bao ăn ở , c&aacute;c chi ph&iacute; đi lại.</p>\r\n\r\n<p>- Được thưởng v&agrave;o c&aacute;c dịp Lễ/Tết theo quy định C&ocirc;ng ty.</p>\r\n\r\n<p>- Được đ&oacute;ng BHXH, BHYT, BHTN đầy đủ theo quy định.</p>\r\n\r\n<p>- Thưởng n&oacute;ng cho c&aacute;c c&aacute; nh&acirc;n, tập thể c&oacute; th&agrave;nh t&iacute;ch xuất sắc trong c&ocirc;ng việc - Team building, nghỉ m&aacute;t h&agrave;ng năm.</p>\r\n\r\n<p>- Tặng qu&agrave; v&agrave; tham gia c&aacute;c sự kiện đặc biệt: Sinh nhật CBNV, Quốc tế Phụ nữ 8/3, 20/10, Ng&agrave;y Phụ nam 11/11, Green Day, Thank You Day, Ng&agrave;y truyền thống TIN Day 5/5, Happy Time, Tết trung thu, Quốc tế thiếu nhi, Noel, YEP, Tri &acirc;n TINer gắn b&oacute; &hellip;vv..</p>\r\n\r\n<p>&nbsp;- X&eacute;t tăng lương hằng năm theo năng lực v&agrave; theo quy định C&ocirc;ng ty.</p>\r\n\r\n<p>- Được l&agrave;m việc trong m&ocirc;i trường chuy&ecirc;n nghiệp, văn ho&aacute; th&acirc;n thiện, t&igrave;nh th&acirc;n, văn ph&ograve;ng sang trọng; được tạo điều kiện học hỏi nhằm n&acirc;ng cao khả năng chuy&ecirc;n m&ocirc;n v&agrave; đặc biệt nhiều cơ hội thăng tiến trong c&ocirc;ng việc.</p>', 'nhan-vien-thiet-ke-website', 23000000, 25000000, 'Full time', 5, 'Nhân viên', 'Trên 1 năm', '3', '2021-12-20 03:36:00', '2021-12-20 05:47:15', 1, 4, 1),
(231, 'Chuyên Viên Kinh Doanh Khối Trường Học', 71, 'images/images/61bffeba9401f-blog-single-post-01.jpg', '2021-12-31', '<h3>M&ocirc; tả c&ocirc;ng việc</h3>\r\n\r\n<p>- L&agrave; đại diện b&aacute;n h&agrave;ng của c&ocirc;ng ty gặp gỡ, kết nối với khối Trường học, Sở/Ph&ograve;ng gi&aacute;o dục...</p>\r\n\r\n<p>- Chịu tr&aacute;ch nhiệm v&agrave; đảm bảo đạt về chỉ ti&ecirc;u doanh số v&agrave; KPIs được giao.</p>\r\n\r\n<p>- Khảo s&aacute;t thị trường, l&ecirc;n kế hoạch b&aacute;n h&agrave;ng v&agrave; b&aacute;o c&aacute;o kết quả KD theo y&ecirc;u cầu.</p>\r\n\r\n<p>- Cung cấp th&ocirc;ng tin v&agrave; hỗ trợ c&aacute;c bộ phận li&ecirc;n quan: Kỹ thuật, Đ&agrave;o tạo, Sản xuất, Kế to&aacute;n, &hellip; trong qu&aacute; tr&igrave;nh vận h&agrave;nh.</p>\r\n\r\n<p>- Lưu trữ dữ liệu (data) kh&aacute;ch h&agrave;ng l&ecirc;n hệ thống.</p>\r\n\r\n<p>- C&aacute;c hoạt động li&ecirc;n quan đến kh&aacute;ch h&agrave;ng:</p>\r\n\r\n<ul>\r\n	<li>&nbsp;Thiết lập tốt mối quan hệ với Kh&aacute;ch h&agrave;ng.</li>\r\n	<li>&nbsp;Giới thiệu sản phẩm, B&aacute;o gi&aacute; chương tr&igrave;nh cho kh&aacute;ch h&agrave;ng.</li>\r\n	<li>&nbsp;Thực hiện v&agrave; gửi Hợp Đồng cho kh&aacute;ch h&agrave;ng.</li>\r\n	<li>&nbsp;L&ecirc;n đơn h&agrave;ng gửi về C&ocirc;ng ty.</li>\r\n	<li>&nbsp;Theo d&otilde;i, th&uacute;c đẩy c&aacute;c bộ phận xử l&yacute; y&ecirc;u cầu của kh&aacute;ch h&agrave;ng.</li>\r\n</ul>\r\n\r\n<p>- C&aacute;c hoạt động hỗ trợ Marketing, Hội Thảo:</p>\r\n\r\n<ul>\r\n	<li>&nbsp;Hỗ trợ, sắp xếp c&aacute;c buổi Hội thảo, hội họp.</li>\r\n	<li>&nbsp;Kết nối</li>\r\n	<li>&nbsp;Theo d&otilde;i qu&aacute; tr&igrave;nh triển khai chương tr&igrave;nh tại c&aacute;c trường.</li>\r\n</ul>\r\n\r\n<p>- Thực hiện b&aacute;o c&aacute;o theo qui định.</p>\r\n\r\n<p>- C&aacute;c nhiệm vụ kh&aacute;c do quản l&yacute; trực tiếp ph&acirc;n c&ocirc;ng</p>\r\n\r\n<h3>Y&ecirc;u cầu ứng vi&ecirc;n</h3>\r\n\r\n<p>- Tốt nghiệp từ trung cấp trở l&ecirc;n c&aacute;c chuy&ecirc;n ng&agrave;nh</p>\r\n\r\n<p>- Ứng vi&ecirc;n c&oacute; kinh nghiệm l&agrave;m việc tr&ecirc;n 6 th&aacute;ng trở l&ecirc;n ở vị tr&iacute; nh&acirc;n vi&ecirc;n kinh doanh, ph&aacute;t triển thị trường, b&aacute;n h&agrave;ng/ tiếp thị.... C&oacute; network trong lĩnh vực Gi&aacute;o dục l&agrave; một lợi thế.</p>\r\n\r\n<p>- Sẵn s&agrave;ng đi c&ocirc;ng t&aacute;c theo y&ecirc;u cầu c&ocirc;ng việc</p>\r\n\r\n<p>- Y&ecirc;u th&iacute;ch kiếm tiền, hoạt b&aacute;t, c&oacute; khả năng giao tiếp, tư vấn.</p>\r\n\r\n<p>- Ki&ecirc;n tr&igrave;, trung thực, chịu kh&oacute;, tr&aacute;ch nhiệm, độc lập cao</p>\r\n\r\n<h3>Quyền lợi được hưởng</h3>\r\n\r\n<p><strong>* Chế độ ph&uacute;c lợi:</strong></p>\r\n\r\n<p>- Lương cạnh tranh: 8-12M+ Hoa Hồng. Thu nhập cạnh tranh</p>\r\n\r\n<p>- Định kỳ đ&aacute;nh gi&aacute; 02 th&aacute;ng/ lần.</p>\r\n\r\n<p>- Cơ hội ph&aacute;t triển l&ecirc;n C&aacute;n bộ nguồn/ASM sau 2 th&aacute;ng thử th&aacute;ch.</p>\r\n\r\n<p>- Lương th&aacute;ng 13, thưởng cuối năm theo kết quả kinh doanh chung của C&ocirc;ng ty.</p>\r\n\r\n<p>- BHXH đầy đủ theo luật lao động, nghỉ ph&eacute;p 12 ng&agrave;y/năm v&agrave; c&aacute;c ng&agrave;y lễ theo quy định chung</p>\r\n\r\n<p>- Du lịch hằng năm với địa điểm hấp dẫn, thường xuy&ecirc;n tổ chức c&aacute;c hoạt động team building gắn kết cộng đồng, c&aacute;c hoạt động vui chơi giải tr&iacute; cho nh&acirc;n vi&ecirc;n.</p>\r\n\r\n<p>- Tham gia c&aacute;c buổi li&ecirc;n hoan, sinh nhật h&agrave;ng th&aacute;ng, chương tr&igrave;nh gala cuối năm...</p>\r\n\r\n<p>- Được thử sức trong một m&ocirc;i trường l&agrave;m việc trẻ trung, năng động với ch&iacute;nh s&aacute;ch đ&atilde;i ngộ tốt, c&oacute; nhiều cơ hội n&acirc;ng cao năng lực bản th&acirc;n v&agrave; tăng th&ecirc;m thu nhập.</p>\r\n\r\n<p><strong>* Tinh thần:</strong></p>\r\n\r\n<p>- C&ocirc;ng ty số 1 tại thị trường Tiếng Anh online Việt Nam. C&aacute;c sản phẩm chủ lực gồm Edupia v&agrave; Babilala l&agrave; hai chương tr&igrave;nh tiếng anh online chất lượng cao đ&atilde; c&oacute; thương hiệu mạnh tr&ecirc;n thị trường với 5 triệu người d&ugrave;ng , 500.000+ học vi&ecirc;n đang theo học tại Việt Nam v&agrave; Đ&ocirc;ng Nam &Aacute;. &nbsp;<br />\r\n- Mức thu nhập cao hơn 20 - 50% so với c&aacute;c c&ocirc;ng ty c&ugrave;ng ng&agrave;nh<br />\r\n- Lộ tr&igrave;nh thăng tiến nhanh: c&oacute; cơ hội được l&ecirc;n c&aacute;c vị tr&iacute; quan trọng sau 6 th&aacute;ng l&agrave;m việc<br />\r\n- M&ocirc;i trường l&agrave;m việc hấp dẫn, đề cao gi&aacute; trị tập thể v&agrave; t&ocirc;n trọng sự ph&aacute;t triển của mỗi c&aacute; nh&acirc;n.</p>', 'chuyen-vien-kinh-doanh-khoi-truong-hoc', 8000000, 12000000, 'Full time', 15, 'Nhân viên', 'Trên 1 năm', '3', '2021-12-20 03:55:38', '2021-12-20 05:40:03', 1, 1, 1),
(232, 'Chuyên Viên Quản Lý Và Phát Triển Cộng Đồng Facebook/Tiktok/Youtube', 71, 'images/images/61bfff1be89b5-job-detail-inner.png', '2021-12-29', '<h3>M&ocirc; tả c&ocirc;ng việc</h3>\r\n\r\n<p><strong>* Quản l&yacute; v&agrave; ph&aacute;t triển cộng đồng Facebook:</strong></p>\r\n\r\n<p>- L&ecirc;n &yacute; tưởng v&agrave; x&acirc;y dựng kế hoạch ph&aacute;t triển cộng đồng học tập tr&ecirc;n Facebook Group, Facebook Fanpage<br />\r\n- Trực tiếp sản xuất nội dung cho Facebook Group<br />\r\n- L&ecirc;n kế hoạch v&agrave; triển khai c&aacute;c chương tr&igrave;nh Minigame, Webinar tăng Active cho Facebook Group<br />\r\n- Chăm s&oacute;c, quản trị c&aacute;c k&ecirc;nh Facebook<br />\r\n- Quản l&yacute; CTV s&aacute;ng tạo nội dung&nbsp;<br />\r\n- C&aacute;c c&ocirc;ng việc kh&aacute;c theo y&ecirc;u cầu của Quản l&yacute; trực tiếp.</p>\r\n\r\n<p><strong>* Quản l&yacute; v&agrave; ph&aacute;t triển cộng đồng Youtube:</strong></p>\r\n\r\n<p>- Phụ tr&aacute;ch ph&aacute;t triển một trong c&aacute;c k&ecirc;nh &nbsp;Youtube về chủ đề học Tiếng Anh cho lứa tuổi Mầm non &amp; Tiểu học<br />\r\n- L&ecirc;n &yacute; tưởng nội dung, lập kế hoạch nội dung v&agrave; ph&acirc;n phối video<br />\r\n- Khai th&aacute;c kho video học liệu c&oacute; sẵn nhằm tăng traffic cho k&ecirc;nh&nbsp;<br />\r\n- L&ecirc;n kịch bản, tham gia quay dựng, sản xuất c&aacute;c video cho k&ecirc;nh Youtube<br />\r\n- Đo lường v&agrave; theo d&otilde;i, b&aacute;o c&aacute;o c&aacute;c chỉ số tăng trưởng của k&ecirc;nh theo tuần, th&aacute;ng th&ocirc;ng qua c&aacute;c c&ocirc;ng cụ ph&acirc;n t&iacute;ch.<br />\r\n- Đảm bảo an to&agrave;n bảo mật v&agrave; bản quyền cho k&ecirc;nh Youtube<br />\r\n- Nghi&ecirc;n cứu, t&igrave;m kiếm c&aacute;c xu hướng, &yacute; tưởng s&aacute;ng tạo mới cho k&ecirc;nh.<br />\r\n- Checklist SEO: onpage, từ kh&oacute;a, ti&ecirc;u đề, m&ocirc; tả, tags&hellip;<br />\r\n- L&agrave;m việc c&ugrave;ng đối t&aacute;c MCN để tối ưu hiệu quả của k&ecirc;nh.</p>\r\n\r\n<p><strong>* Quản l&yacute; v&agrave; ph&aacute;t triển cộng đồng Tiktok:</strong></p>\r\n\r\n<p>- Thực hiện, x&acirc;y dựng kế hoạch v&agrave; ph&aacute;t triển nội dung cho c&aacute;c k&ecirc;nh TikTok của c&ocirc;ng ty<br />\r\n- Nghi&ecirc;n cứu cập nhật xu hướng mới, nghi&ecirc;n cứu insight kh&aacute;ch h&agrave;ng để x&acirc;y dựng kịch bản, nội dung cho k&ecirc;nh TikTok<br />\r\n- Ph&acirc;n t&iacute;ch v&agrave; l&ecirc;n kế hoạch sản xuất nội dung tr&ecirc;n nền tảng Tiktok&nbsp;<br />\r\n- Quản trị k&ecirc;nh TikTok Tăng lượt subscribe, tăng lượt xem thực cho c&aacute;c video<br />\r\n- Phối hợp với Quay dựng, Design,...để x&acirc;y dựng c&aacute;c sản phẩm mới<br />\r\n- Phối hợp c&ugrave;ng c&aacute;c team Facebook, Youtube để th&uacute;c đẩy traffic ch&eacute;o cho c&aacute;c k&ecirc;nh<br />\r\n- Quản l&yacute; CTV sản xuất nội dung cho k&ecirc;nh TikTok<br />\r\n- Theo d&otilde;i v&agrave; cập nhật th&ocirc;ng tin về c&aacute;c k&ecirc;nh, đưa ra report h&agrave;ng tuần để c&oacute; kế hoạch điều chỉnh.<br />\r\n- C&aacute;c c&ocirc;ng việc kh&aacute;c theo ph&acirc;n c&ocirc;ng của leader.</p>\r\n\r\n<h3>Y&ecirc;u cầu ứng vi&ecirc;n</h3>\r\n\r\n<p>- C&oacute; &iacute;t nhất 06 th&aacute;ng kinh nghiệm x&acirc;y dựng &amp; quản l&yacute; một trong c&aacute;c k&ecirc;nh sau: TikTok/Facebook/Youtube<br />\r\n- C&oacute; khả năng s&aacute;ng tạo nội dung h&agrave;i hước, bắt trend.<br />\r\n- Tiếng Anh tốt l&agrave; lợi thế<br />\r\n- Ưu ti&ecirc;n những bạn đ&atilde; từng l&agrave;m Youtube, TikTok, Fanpage<br />\r\n- C&oacute; kinh nghiệm lĩnh vực Digital Marketing<br />\r\n- C&oacute; hiểu biết s&acirc;u rộng về Youtube, TikTok (thuật to&aacute;n, ch&iacute;nh s&aacute;ch) v&agrave; c&aacute;c c&ocirc;ng cụ, tiện &iacute;ch hỗ trợ ph&aacute;t triển k&ecirc;nh<br />\r\n- Chủ động, s&aacute;ng tạo, c&oacute; gu thẩm mỹ tốt.<br />\r\n- Năng động, c&oacute; tinh thần tr&aacute;ch nhiệm v&agrave; học hỏi cao.</p>\r\n\r\n<h3>Quyền lợi được hưởng</h3>\r\n\r\n<p><strong>* Tinh thần:&nbsp;</strong><br />\r\n- C&ocirc;ng ty số 1 tại thị trường Tiếng Anh online Việt Nam. C&aacute;c sản phẩm chủ lực gồm Edupia v&agrave; Babilala l&agrave; hai chương tr&igrave;nh tiếng anh online chất lượng cao đ&atilde; c&oacute; thương hiệu mạnh tr&ecirc;n thị trường với 5 triệu người d&ugrave;ng , 500.000+ học vi&ecirc;n đang theo học tại Việt Nam v&agrave; Đ&ocirc;ng Nam &Aacute;. &nbsp;<br />\r\n- Mức thu nhập cao hơn 20 - 50% so với c&aacute;c c&ocirc;ng ty c&ugrave;ng ng&agrave;nh<br />\r\n- Lộ tr&igrave;nh thăng tiến nhanh: c&oacute; cơ hội được l&ecirc;n c&aacute;c vị tr&iacute; quan trọng sau 6 th&aacute;ng l&agrave;m việc<br />\r\n- M&ocirc;i trường l&agrave;m việc hấp dẫn, đề cao gi&aacute; trị tập thể v&agrave; t&ocirc;n trọng sự ph&aacute;t triển của mỗi c&aacute; nh&acirc;n.</p>\r\n\r\n<p><strong>* Chế độ ph&uacute;c lợi:&nbsp;</strong><br />\r\n- Mức lương: 8 - 15 triệu c&ugrave;ng c&aacute;c mức thưởng hấp dẫn (thưởng năng suất, thưởng hiệu quả, thưởng s&aacute;ng kiến,...).<br />\r\n- Được tư vấn v&agrave; đ&agrave;o tạo trực tiếp từ team TikTok Việt Nam<br />\r\n- Được đ&agrave;o tạo, chia sẻ kho nội dung bản quyền học tập Tiếng Anh c&oacute; sẵn để khai th&aacute;c<br />\r\n- Được hưởng c&aacute;c chế độ theo quy định của Luật Lao động: bảo hiểm, nghỉ ph&eacute;p, nghỉ Lễ Tết,...<br />\r\n- Được đ&agrave;o tạo n&acirc;ng cao về kiến thức chuy&ecirc;n m&ocirc;n, nghiệp vụ từ c&aacute;c chuy&ecirc;n gia v&agrave; đối t&aacute;c lớn.<br />\r\n- Ph&uacute;c lợi hấp dẫn: sinh nhật, Lễ Tết, du lịch h&agrave;ng năm, hoạt động thể dục thể thao (b&oacute;ng đ&aacute;, bi-a, CLB EducaRun)...<br />\r\n- Đ&aacute;nh gi&aacute; x&eacute;t tăng lương 02 lần/năm.<br />\r\n- M&ocirc;i trường trẻ, cởi mở, năng động, ch&uacute; trọng v&agrave;o việc ph&aacute;t triển nh&acirc;n t&agrave;i &amp; lộ tr&igrave;nh thăng tiến r&otilde; r&agrave;ng.</p>', 'chuyen-vien-quan-ly-va-phat-trien-cong-dong-facebooktiktokyoutube', 8000000, 15000000, 'Full time', 5, 'Nhân viên', 'Dưới 1 năm', '3', '2021-12-20 03:57:15', '2021-12-20 05:39:21', 1, 14, 1),
(233, 'Nhân Viên Tư Vấn Bán Hàng Qua Điện Thoại Lĩnh Vực Giáo Dục (Telesales)', 71, 'images/images/61bfffa1253a9-blog-compact-post-05.jpg', '2021-12-29', '<h3>M&ocirc; tả c&ocirc;ng việc</h3>\r\n\r\n<p>- Tư vấn v&agrave; thuyết phục kh&aacute;ch h&agrave;ng tr&ecirc;n to&agrave;n quốc về sản phẩm l&agrave; c&aacute;c kh&oacute;a học Tiếng Anh online chất lượng cao cho trẻ em.</p>\r\n\r\n<p>- 100% data c&oacute; sẵn , nguồn data l&agrave; c&aacute;c kh&aacute;ch h&agrave;ng đang quan t&acirc;m, c&oacute; nhu cầu sử dụng sản phẩm Tiếng Anh online chất lượng cao. Tỉ lệ chốt đơn cao ( Từ 60% tr&ecirc;n tổng số cuộc gọi)</p>\r\n\r\n<p>- B&aacute;o c&aacute;o cho Quản l&yacute; trực tiếp về kết quả b&aacute;n h&agrave;ng v&agrave; phối hợp với quản l&yacute; xử l&yacute; c&aacute;c vấn đề ph&aacute;t sinh trong c&ocirc;ng việc</p>\r\n\r\n<p><strong>*** Ứng l&agrave;m việc tại Edupia sẽ được:</strong></p>\r\n\r\n<p>- Được cung cấp Data ổn định, h&agrave;ng ng&agrave;y từ nguồn Marketing online, tỷ lệ KH quan t&acirc;m v&agrave; c&oacute; nhu cầu thật sự cao, KH ảo &iacute;t</p>\r\n\r\n<p>- Được trang bị Iphone, tai nghe, l&agrave;m việc tr&ecirc;n hệ thống CRM tiện dụng để li&ecirc;n hệ với kh&aacute;ch h&agrave;ng</p>\r\n\r\n<p>- Được Quản l&yacute; c&oacute; năng lực đ&agrave;o tạo nghiệp vụ v&agrave; kỹ năng l&agrave;m việc để trở th&agrave;nh một Telesales gi&aacute;o dục chuy&ecirc;n nghiệp</p>\r\n\r\n<p>- Kh&ocirc;ng phải cạnh tranh KH, được đồng nghiệp gi&uacute;p đỡ v&agrave; chia sẻ kinh nghiệm thường xuy&ecirc;n</p>\r\n\r\n<p>- Cơ hội trở th&agrave;nh trưởng nh&oacute;m/trưởng ph&ograve;ng Telesales sau 3- 6 th&aacute;ng l&agrave;m việc.</p>\r\n\r\n<h3>Y&ecirc;u cầu ứng vi&ecirc;n</h3>\r\n\r\n<p>- Tr&ecirc;n 6 th&aacute;ng kinh nghiệm Telesales/ tư vấn b&aacute;n h&agrave;ng trong lĩnh vực dịch vụ như: t&agrave;i ch&iacute;nh, bảo hiểm, gi&aacute;o dục, dược phẩm, spa. Ưu ti&ecirc;n kinh nghiệm ng&agrave;nh gi&aacute;o dục.</p>\r\n\r\n<p>- Ứng vi&ecirc;n Y&ecirc;u th&iacute;ch kinh doanh v&agrave; c&oacute; th&aacute;i độ cầu tiến trong c&ocirc;ng việc, nhanh nhẹn v&agrave; linh hoạt</p>\r\n\r\n<p>- Giọng n&oacute;i truyền cảm, dễ nghe. Kh&ocirc;ng n&oacute;i ngọng, n&oacute;i lắp, kh&ocirc;ng n&oacute;i giọng địa phương</p>\r\n\r\n<p>- Độ tuổi: Sinh năm 1991 - 1999</p>\r\n\r\n<h3>Quyền lợi được hưởng</h3>\r\n\r\n<p><strong>* Thu nhập:</strong></p>\r\n\r\n<p><strong>- Được hưởng mức thu nhập cao hơn 20 - 50% so với c&aacute;c c&ocirc;ng ty c&ugrave;ng ng&agrave;nh</strong></p>\r\n\r\n<p><strong>- Lương cứng: Từ 7 - 10M + hoa hồng hấp dẫn. Thu nhập từ 13 - 30 triệu đồng/th&aacute;ng</strong></p>\r\n\r\n<p><strong>- Thử việc hưởng 100% lương cứng + 100 %hoa hồng</strong></p>\r\n\r\n<p>- Thưởng năng suất h&agrave;ng th&aacute;ng, thưởng n&oacute;ng, thưởng best sale h&agrave;ng th&aacute;ng</p>\r\n\r\n<p>- Đ&aacute;nh gi&aacute; điều chỉnh tăng lương: 2 th&aacute;ng/ lần;</p>\r\n\r\n<p><strong>* Chế độ ph&uacute;c lợi:</strong></p>\r\n\r\n<p>- Lộ tr&igrave;nh thăng tiến nhanh: c&oacute; cơ hội được l&ecirc;n c&aacute;c vị tr&iacute; quan trọng sau 6 th&aacute;ng l&agrave;m việc</p>\r\n\r\n<p>- M&ocirc;i trường l&agrave;m việc hấp dẫn, đề cao gi&aacute; trị tập thể v&agrave; t&ocirc;n trọng sự ph&aacute;t triển của mỗi c&aacute; nh&acirc;n</p>\r\n\r\n<p>- Được l&agrave;m việc tại C&ocirc;ng ty số 1 tại thị trường Tiếng Anh online Việt Nam. C&aacute;c sản phẩm chủ lực gồm Edupia v&agrave; Babilala l&agrave; hai chương tr&igrave;nh tiếng anh online chất lượng cao đ&atilde; c&oacute; thương hiệu mạnh tr&ecirc;n thị trường với 5 triệu người d&ugrave;ng , 500.000+ học vi&ecirc;n đang theo học tại Việt Nam v&agrave; Đ&ocirc;ng Nam &Aacute;.</p>\r\n\r\n<p>- Thường xuy&ecirc;n đ&aacute;nh gi&aacute; v&agrave; ghi nhận hiệu quả c&ocirc;ng việc với c&aacute;c ch&iacute;nh s&aacute;ch khen thưởng v&agrave; vinh danh.</p>\r\n\r\n<p>- Chế độ lương th&aacute;ng 13, c&aacute;c ng&agrave;y lễ lớn trong năm, Tết Dương lịch, Tết Nguy&ecirc;n đ&aacute;n,&hellip; Qu&agrave; tặng tri &acirc;n nh&acirc;n ng&agrave;y sinh nhật, ng&agrave;y Phụ nữ, Tết Nguy&ecirc;n đ&aacute;n,&hellip;</p>\r\n\r\n<p>- Tham gia c&aacute;c chương tr&igrave;nh nghỉ m&aacute;t, du lịch h&agrave;ng năm.</p>\r\n\r\n<p><strong>* Ph&aacute;t triển bản th&acirc;n:</strong></p>\r\n\r\n<p>- Tham gia thường xuy&ecirc;n c&aacute;c chương tr&igrave;nh đ&agrave;o tạo v&agrave; ph&aacute;t triển bản th&acirc;n về chuy&ecirc;n m&ocirc;n, kỹ năng v&agrave; nghiệp vụ.</p>\r\n\r\n<p>- Lộ tr&igrave;nh ph&aacute;t triển năng lực, tăng thu nhập v&agrave; thăng tiến trong c&ocirc;ng việc cho từng nh&acirc;n vi&ecirc;n.</p>\r\n\r\n<p>- Được ph&aacute;t triển c&aacute;c mảng c&ocirc;ng việc c&oacute; li&ecirc;n quan v&agrave; tiệm cận với vị tr&iacute; đang phụ tr&aacute;ch để mở rộng cơ hội thăng tiến.</p>', 'nhan-vien-tu-van-ban-hang-qua-dien-thoai-linh-vuc-giao-duc-telesales', 7000000, 10000000, 'Full time', 10, 'Nhân viên', 'Dưới 1 năm', '3', '2021-12-20 03:59:29', '2021-12-20 05:38:15', 1, 14, 1),
(234, 'Chuyên Viên Kinh Doanh Telesales', 71, 'images/images/61c000004f987-home-background-01.jpg', '2021-12-29', '<h3>M&ocirc; tả c&ocirc;ng việc</h3>\r\n\r\n<p>- &nbsp;Tư vấn v&agrave; thuyết phục kh&aacute;ch h&agrave;ng tr&ecirc;n to&agrave;n quốc về sản phẩm l&agrave; c&aacute;c kh&oacute;a học Tiếng Anh online chất lượng cao cho trẻ em.</p>\r\n\r\n<p>- 100% data c&oacute; sẵn , nguồn data l&agrave; c&aacute;c kh&aacute;ch h&agrave;ng đang quan t&acirc;m, c&oacute; nhu cầu sử dụng sản phẩm Tiếng Anh online chất lượng cao. Tỉ lệ chốt đơn cao ( Từ 60% tr&ecirc;n tổng số cuộc gọi)</p>\r\n\r\n<p>- B&aacute;o c&aacute;o cho Quản l&yacute; trực tiếp về kết quả b&aacute;n h&agrave;ng v&agrave; phối hợp với quản l&yacute; xử l&yacute; c&aacute;c vấn đề ph&aacute;t sinh trong c&ocirc;ng việc</p>\r\n\r\n<p><strong>*** Ứng l&agrave;m việc tại Edupia sẽ được:</strong></p>\r\n\r\n<p>- Được cung cấp Data ổn định, h&agrave;ng ng&agrave;y từ nguồn Marketing online, tỷ lệ KH quan t&acirc;m v&agrave; c&oacute; nhu cầu thật sự cao, KH ảo &iacute;t</p>\r\n\r\n<p>- Được trang bị Iphone, tai nghe, l&agrave;m việc tr&ecirc;n hệ thống CRM tiện dụng để li&ecirc;n hệ với kh&aacute;ch h&agrave;ng</p>\r\n\r\n<p>- Được Quản l&yacute; c&oacute; năng lực đ&agrave;o tạo nghiệp vụ v&agrave; kỹ năng l&agrave;m việc để trở th&agrave;nh một Telesales gi&aacute;o dục chuy&ecirc;n nghiệp</p>\r\n\r\n<p>- Kh&ocirc;ng phải cạnh tranh KH, được đồng nghiệp gi&uacute;p đỡ v&agrave; chia sẻ kinh nghiệm thường xuy&ecirc;n</p>\r\n\r\n<p>- Cơ hội trở th&agrave;nh trưởng nh&oacute;m/trưởng ph&ograve;ng Telesales sau 3- 6 th&aacute;ng l&agrave;m việc</p>\r\n\r\n<h3>Y&ecirc;u cầu ứng vi&ecirc;n</h3>\r\n\r\n<p>- Tr&ecirc;n 6 th&aacute;ng kinh nghiệm Telesales/ tư vấn b&aacute;n h&agrave;ng trong lĩnh vực dịch vụ như: t&agrave;i ch&iacute;nh, bảo hiểm, gi&aacute;o dục, dược phẩm, spa. Ưu ti&ecirc;n kinh nghiệm ng&agrave;nh gi&aacute;o dục.</p>\r\n\r\n<p>- Ứng vi&ecirc;n Y&ecirc;u th&iacute;ch kinh doanh v&agrave; c&oacute; th&aacute;i độ cầu tiến trong c&ocirc;ng việc, nhanh nhẹn v&agrave; linh hoạt</p>\r\n\r\n<p>- Giọng n&oacute;i truyền cảm, dễ nghe. Kh&ocirc;ng n&oacute;i ngọng, n&oacute;i lắp, kh&ocirc;ng n&oacute;i giọng địa phương</p>\r\n\r\n<h3>Quyền lợi được hưởng</h3>\r\n\r\n<p><strong>* Thu nhập:</strong></p>\r\n\r\n<p>- Được hưởng mức thu nhập cao hơn 20 - 50% so với c&aacute;c c&ocirc;ng ty c&ugrave;ng ng&agrave;nh</p>\r\n\r\n<p>- Lương cứng: Từ 7 - 10M + hoa hồng hấp dẫn. Ch&iacute;nh s&aacute;ch hoa hồng lũy tiến, r&otilde; r&agrave;ng, minh bạch, chi trả theo th&aacute;ng. Thu nhập từ 13 - 30 triệu đồng/th&aacute;ng</p>\r\n\r\n<p>- Thử việc hưởng 100% lương cứng + 100 %hoa hồng</p>\r\n\r\n<p>- Thưởng năng suất h&agrave;ng th&aacute;ng, thưởng n&oacute;ng, thưởng best sale h&agrave;ng th&aacute;ng</p>\r\n\r\n<p>- Đ&aacute;nh gi&aacute; điều chỉnh tăng lương: 2 th&aacute;ng/ lần;</p>\r\n\r\n<p>- Lộ tr&igrave;nh thăng tiến nhanh: c&oacute; cơ hội được l&ecirc;n c&aacute;c vị tr&iacute; quan trọng sau 6 th&aacute;ng l&agrave;m việc</p>\r\n\r\n<p><strong>* Chế độ ph&uacute;c lợi:</strong></p>\r\n\r\n<p>- Lương th&aacute;ng 13, thưởng cuối năm v&agrave; thưởng c&aacute;c ng&agrave;y Lễ, Tết trong năm</p>\r\n\r\n<p>- Được đ&oacute;ng BHXH đầy đủ theo luật lao động, nghỉ ph&eacute;p 12 ng&agrave;y/năm v&agrave; c&aacute;c ng&agrave;y lễ</p>\r\n\r\n<p>- M&ocirc;i trường l&agrave;m việc hấp dẫn, đề cao gi&aacute; trị tập thể v&agrave; t&ocirc;n trọng sự ph&aacute;t triển của mỗi c&aacute; nh&acirc;n</p>\r\n\r\n<p>- Được l&agrave;m việc tại C&ocirc;ng ty số 1 tại thị trường Tiếng Anh online Việt Nam. C&aacute;c sản phẩm chủ lực gồm Edupia v&agrave; Babilala l&agrave; hai chương tr&igrave;nh tiếng anh online chất lượng cao đ&atilde; c&oacute; thương hiệu mạnh tr&ecirc;n thị trường với 5 triệu người d&ugrave;ng , 500.000+ học vi&ecirc;n đang theo học tại Việt Nam v&agrave; Đ&ocirc;ng Nam &Aacute;.</p>\r\n\r\n<p>- Được đi du lịch hằng năm với địa điểm hấp dẫn, thường xuy&ecirc;n tổ chức c&aacute;c hoạt động team building gắn kết cộng đồng, c&aacute;c hoạt động vui chơi giải tr&iacute; cho nh&acirc;n vi&ecirc;n.</p>\r\n\r\n<p>- Được tham gia c&aacute;c buổi li&ecirc;n hoan, sinh nhật h&agrave;ng th&aacute;ng, chương tr&igrave;nh gala cuối năm...</p>\r\n\r\n<p>- Được thử sức trong một m&ocirc;i trường l&agrave;m việc trẻ trung, năng động với ch&iacute;nh s&aacute;ch đ&atilde;i ngộ tốt, c&oacute; nhiều cơ hội n&acirc;ng cao năng lực bản th&acirc;n v&agrave; tăng th&ecirc;m thu nhập.</p>\r\n\r\n<p>&nbsp;</p>\r\n\r\n<p>&nbsp;</p>', 'chuyen-vien-kinh-doanh-telesales', 7000000, 10000000, 'Full time', 10, 'Nhân viên', 'Dưới 1 năm', '3', '2021-12-20 04:01:04', '2021-12-20 05:37:34', 1, 1, 1),
(235, 'Phụ Trách Tuyển Dụng Giáo Viên Tiếng Anh', 71, 'images/images/61c000747d3eb-home-video-background.jpg', '2021-12-30', '<h3>M&ocirc; tả c&ocirc;ng việc</h3>\r\n\r\n<p>- Thực hiện c&ocirc;ng t&aacute;c tuyển dụng &nbsp;v&agrave; đ&agrave;o tạo gi&aacute;o vi&ecirc;n Việt Nam v&agrave; gi&aacute;o vi&ecirc;n nước ngo&agrave;i dạy gia sư online cho học sinh tiểu học, THCS được giao.&nbsp;<br />\r\n- &nbsp;S&agrave;ng lọc hồ sơ, li&ecirc;n hệ, sắp xếp lịch phỏng vấn v&agrave; tham gia v&agrave;o qu&aacute; tr&igrave;nh phỏng vấn đ&aacute;nh gi&aacute; ứng vi&ecirc;n<br />\r\n- &nbsp;Th&ocirc;ng b&aacute;o kết quả phỏng vấn cho ứng vi&ecirc;n<br />\r\n- Tham gia x&acirc;y dựng bản m&ocirc; tả c&ocirc;ng việc đối với c&aacute;c vị tr&iacute; gi&aacute;o vi&ecirc;n<br />\r\n- X&acirc;y dựng quy tr&igrave;nh chăm s&oacute;c gi&aacute;o vi&ecirc;n sau phỏng vấn, gi&aacute;o vi&ecirc;n trong qu&aacute; tr&igrave;nh l&agrave;m việc<br />\r\n- Chăm s&oacute;c gi&aacute;o vi&ecirc;n sau tuyển dụng<br />\r\n- Giải đ&aacute;p c&aacute;c thắc mắc cho gi&aacute;o vi&ecirc;n về cơ chế, quy tr&igrave;nh l&agrave;m việc,..&nbsp;</p>\r\n\r\n<h3>Y&ecirc;u cầu ứng vi&ecirc;n</h3>\r\n\r\n<p>- C&oacute; kinh nghiệm tuyển dụng gi&aacute;o vi&ecirc;n Tiếng Anh từ 6 th&aacute;ng trở l&ecirc;n<br />\r\n- C&oacute; giọng n&oacute;i truyền cảm, khả năng thuyết tr&igrave;nh, đ&agrave;o tạo online tốt&nbsp;<br />\r\n- Tr&igrave;nh độ ngoại ngữ Speaking &nbsp;tương đương Ielts 7.0<br />\r\n- C&oacute; mong muốn gắn b&oacute; l&acirc;u d&agrave;i v&agrave; ph&aacute;t triển c&ugrave;ng c&ocirc;ng ty.&nbsp;<br />\r\n- Khả năng tin học văn ph&ograve;ng tốt</p>\r\n\r\n<h3>Quyền lợi được hưởng</h3>\r\n\r\n<p>- C&ocirc;ng ty số 1 tại thị trường Tiếng Anh online Việt Nam. C&aacute;c sản phẩm chủ lực gồm Edupia v&agrave; Babilala l&agrave; hai chương tr&igrave;nh tiếng anh online chất lượng cao đ&atilde; c&oacute; thương hiệu mạnh tr&ecirc;n thị trường với 5 triệu người d&ugrave;ng , 500.000+ học vi&ecirc;n đang theo học tại Việt Nam v&agrave; Đ&ocirc;ng Nam &Aacute;. &nbsp;<br />\r\n- Mức thu nhập cao hơn 20 - 50% so với c&aacute;c c&ocirc;ng ty c&ugrave;ng ng&agrave;nh<br />\r\n- Lộ tr&igrave;nh thăng tiến nhanh: c&oacute; cơ hội được l&ecirc;n c&aacute;c vị tr&iacute; quan trọng sau 6 th&aacute;ng l&agrave;m việc<br />\r\n- M&ocirc;i trường l&agrave;m việc hấp dẫn, đề cao gi&aacute; trị tập thể v&agrave; t&ocirc;n trọng sự ph&aacute;t triển của mỗi c&aacute; nh&acirc;n.<br />\r\n- Mức lương: 10- 15 triệu c&ugrave;ng c&aacute;c mức thưởng hấp dẫn (thưởng năng suất, thưởng hiệu quả, thưởng s&aacute;ng kiến,...).<br />\r\n- Được hưởng c&aacute;c chế độ theo quy định của Luật Lao động: bảo hiểm, nghỉ ph&eacute;p, nghỉ Lễ Tết,...<br />\r\n- Được đ&agrave;o tạo n&acirc;ng cao về kiến thức chuy&ecirc;n m&ocirc;n, nghiệp vụ từ c&aacute;c chuy&ecirc;n gia v&agrave; đối t&aacute;c lớn.<br />\r\n- Ph&uacute;c lợi hấp dẫn: sinh nhật, Lễ Tết, du lịch h&agrave;ng năm, hoạt động thể dục thể thao (b&oacute;ng đ&aacute;, bi-a, CLB EducaRun)...<br />\r\n- Đ&aacute;nh gi&aacute; x&eacute;t tăng lương 02 lần/năm.<br />\r\n- M&ocirc;i trường trẻ, cởi mở, năng động, ch&uacute; trọng v&agrave;o việc ph&aacute;t triển nh&acirc;n t&agrave;i &amp; lộ tr&igrave;nh thăng tiến r&otilde; r&agrave;ng. &nbsp; &nbsp; &nbsp; &nbsp; &nbsp; &nbsp; &nbsp; &nbsp; &nbsp; &nbsp; &nbsp; &nbsp; &nbsp; &nbsp; &nbsp; &nbsp; &nbsp; &nbsp; &nbsp; &nbsp; &nbsp; &quot;</p>', 'phu-trach-tuyen-dung-giao-vien-tieng-anh', 10000000, 15000000, 'Full time', 2, 'Nhân viên', 'Trên 1 năm', '3', '2021-12-20 04:03:00', '2021-12-20 05:37:01', 1, 23, 1),
(236, 'IT Helpdesk', 71, 'images/images/61c000ca490b7-job-category-06.jpg', '2021-12-31', '<h3>M&ocirc; tả c&ocirc;ng việc</h3>\r\n\r\n<p>- Chịu tr&aacute;ch nhiệm bảo tr&igrave;, sửa chữa c&aacute;c thiết bị m&aacute;y t&iacute;nh, mạng c&ocirc;ng ty.<br />\r\n- C&agrave;i đặt c&aacute;c chương tr&igrave;nh diệt virus tr&aacute;nh sự cố.<br />\r\n- C&agrave;i đặt IP, mở cổng kết nối, remote.<br />\r\n- C&agrave;i đặt hệ thống mạng lan, server, m&aacute;y t&iacute;nh nh&acirc;n vi&ecirc;n, m&aacute;y in, fax, scan&hellip;.<br />\r\n- Hỗ trợ c&aacute;c ph&ograve;ng ban sử dụng những phần mềm của c&ocirc;ng ty<br />\r\n+ Hỗ trợ c&agrave;i đặt c&aacute;c ứng dụng cho sales&nbsp;<br />\r\n+ Xử l&yacute; c&aacute;c vấn đề ph&aacute;t sinh về m&aacute;y m&oacute;c, c&ocirc;ng cụ l&agrave;m việc của sales</p>\r\n\r\n<h3>Y&ecirc;u cầu ứng vi&ecirc;n</h3>\r\n\r\n<p>- Tốt nghiệp Trung cấp trở l&ecirc;n chuy&ecirc;n ng&agrave;nh C&ocirc;ng nghệ th&ocirc;ng tin.<br />\r\n- Chủ động tr&aacute;ch nhiệm trong việc thực hiện c&aacute;c c&ocirc;ng việc, nhiệm vụ được giao.<br />\r\n- Xử l&yacute; c&aacute;c vấn đề về thiết bị văn ph&ograve;ng (m&aacute;y t&iacute;nh, m&aacute;y in, tai nghe, mạng &hellip;)<br />\r\n- Xử l&yacute; vấn đề tr&ecirc;n c&aacute;c phần mềm c&ocirc;ng ty đang sử dụng(zalo, zoiper&hellip;)<br />\r\n- Năng động, hoạt b&aacute;t trong c&aacute;c hoạt động.</p>\r\n\r\n<h3>Quyền lợi được hưởng</h3>\r\n\r\n<p>* Tinh thần:&nbsp;<br />\r\n- L&agrave;m việc trong m&ocirc;i trường start-up c&oacute; tốc độ tăng trưởng v&agrave; ph&aacute;t triển nhanh.<br />\r\n- Được chia sẻ cơ hội học tập chất lượng cao đến trẻ em to&agrave;n Việt Nam, hướng tới mục ti&ecirc;u &quot;&quot;chương tr&igrave;nh tiếng anh cho trẻ em phổ biến nhất Đ&ocirc;ng Nam &Aacute;&quot;&quot;<br />\r\n- M&ocirc;i trường l&agrave;m việc: Trẻ trung, năng động, kh&aacute;t vọng Go Global, tự do s&aacute;ng tạo, ch&uacute; trọng ph&aacute;t triển con người &amp; ph&aacute;t triển sự nghiệp của c&aacute;c th&agrave;nh vi&ecirc;n trong c&ocirc;ng ty.<br />\r\n- Được giải quyết c&aacute;c b&agrave;i to&aacute;n về hệ thống lớn, sản phẩm c&oacute; h&agrave;ng triệu người d&ugrave;ng.</p>\r\n\r\n<p>* Chế độ ph&uacute;c lợi:&nbsp;<br />\r\n- Mức lương cạnh tranh&nbsp;<br />\r\n- Lương th&aacute;ng 13, thưởng cuối năm theo kết quả kinh doanh chung của C&ocirc;ng ty.&nbsp;<br />\r\n- Đ&oacute;ng BHXH đầy đủ theo luật lao động, nghỉ ph&eacute;p 12 ng&agrave;y/năm v&agrave; c&aacute;c ng&agrave;y lễ theo quy định chung<br />\r\n- Du lịch hằng năm với địa điểm hấp dẫn, thường xuy&ecirc;n tổ chức c&aacute;c hoạt động team building gắn kết cộng đồng, c&aacute;c hoạt động vui chơi giải tr&iacute; cho nh&acirc;n vi&ecirc;n.<br />\r\n- Tham gia c&aacute;c buổi li&ecirc;n hoan, sinh nhật h&agrave;ng th&aacute;ng, chương tr&igrave;nh gala cuối năm...<br />\r\n- Thử sức trong một m&ocirc;i trường l&agrave;m việc trẻ trung, năng động với ch&iacute;nh s&aacute;ch đ&atilde;i ngộ tốt, c&oacute; nhiều cơ hội n&acirc;ng cao năng lực bản th&acirc;n v&agrave; tăng th&ecirc;m thu nhập.</p>', 'it-helpdesk', 8000000, 10000000, 'Full time', 1, 'Nhân viên', 'Trên 1 năm', '3', '2021-12-20 04:04:26', '2021-12-20 05:36:32', 1, 4, 1),
(237, 'Product Digital Marketing', 71, 'images/images/61c001244f08d-blog-single-post-01.jpg', '2021-12-30', '<h3>M&ocirc; tả c&ocirc;ng việc</h3>\r\n\r\n<p>- Triển khai c&aacute;c chiến dịch quảng c&aacute;o, khuyến mại tr&ecirc;n nền tảng Ứng dụng Babilala<br />\r\n- Ph&aacute;t triển tệp người d&ugrave;ng v&agrave; tải Ứng dụng.&nbsp;<br />\r\n- Ph&aacute;t triển hệ thống website v&agrave; tối ưu chuyển đổi tr&ecirc;n trang web<br />\r\n- L&ecirc;n &yacute; tưởng v&agrave; triển khai c&aacute;c Campaign h&agrave;ng th&aacute;ng của c&ocirc;ng ty<br />\r\n- C&aacute;c c&ocirc;ng việc kh&aacute;c theo y&ecirc;u cầu. &nbsp; &nbsp; &nbsp; &nbsp; &nbsp; &nbsp; &nbsp; &nbsp; &nbsp; &nbsp; &nbsp; &nbsp; &nbsp; &nbsp; &nbsp; &nbsp; &nbsp; &nbsp; &nbsp; &nbsp; &nbsp; &nbsp; &nbsp; &nbsp; &nbsp; &nbsp; &nbsp; &nbsp; &nbsp; &nbsp; &nbsp; &nbsp; &nbsp; &nbsp; &nbsp; &nbsp; &nbsp; &nbsp;&quot;</p>\r\n\r\n<h3>Y&ecirc;u cầu ứng vi&ecirc;n</h3>\r\n\r\n<p>- C&oacute; kinh nghiệm 2 năm kinh nghiệm Product Digital Marketing&nbsp;<br />\r\n- Khả năng s&aacute;ng tạo tốt, th&iacute;ch t&igrave;m t&ograve;i v&agrave; ph&aacute;t triển c&aacute;i mới<br />\r\n- Kĩ năng lập kế hoạch l&agrave; một điểm cộng.</p>\r\n\r\n<h3>Quyền lợi được hưởng</h3>\r\n\r\n<p>- C&ocirc;ng ty số 1 tại thị trường Tiếng Anh online Việt Nam. C&aacute;c sản phẩm chủ lực gồm Edupia v&agrave; Babilala l&agrave; hai chương tr&igrave;nh tiếng anh online chất lượng cao đ&atilde; c&oacute; thương hiệu mạnh tr&ecirc;n thị trường với 5 triệu người d&ugrave;ng , 500.000+ học vi&ecirc;n đang theo học tại Việt Nam v&agrave; Đ&ocirc;ng Nam &Aacute;. &nbsp;<br />\r\n- Mức thu nhập cao hơn 20 - 50% so với c&aacute;c c&ocirc;ng ty c&ugrave;ng ng&agrave;nh<br />\r\n- Lộ tr&igrave;nh thăng tiến nhanh: c&oacute; cơ hội được l&ecirc;n c&aacute;c vị tr&iacute; quan trọng sau 6 th&aacute;ng l&agrave;m việc<br />\r\n- M&ocirc;i trường l&agrave;m việc hấp dẫn, đề cao gi&aacute; trị tập thể v&agrave; t&ocirc;n trọng sự ph&aacute;t triển của mỗi c&aacute; nh&acirc;n.</p>\r\n\r\n<p><strong>* Chế độ ph&uacute;c lợi:&nbsp;</strong><br />\r\n- Mức lương: thoả thuận theo năng lực c&ugrave;ng c&aacute;c mức thưởng hấp dẫn (thưởng doanh số, thưởng năng suất, thưởng hiệu quả, thưởng s&aacute;ng kiến,...).<br />\r\n- Được hưởng c&aacute;c chế độ theo quy định của Luật Lao động: bảo hiểm, nghỉ ph&eacute;p, nghỉ Lễ Tết,...<br />\r\n- Được đ&agrave;o tạo n&acirc;ng cao về kiến thức chuy&ecirc;n m&ocirc;n, nghiệp vụ từ c&aacute;c chuy&ecirc;n gia v&agrave; đối t&aacute;c lớn.<br />\r\n- Ph&uacute;c lợi hấp dẫn: sinh nhật, Lễ Tết, du lịch h&agrave;ng năm, hoạt động thể dục thể thao (b&oacute;ng đ&aacute;, bi-a, CLB EducaRun)...<br />\r\n- Đ&aacute;nh gi&aacute; x&eacute;t tăng lương 02 lần/năm.<br />\r\n- M&ocirc;i trường trẻ, cởi mở, năng động, ch&uacute; trọng v&agrave;o việc ph&aacute;t triển nh&acirc;n t&agrave;i &amp; lộ tr&igrave;nh thăng tiến r&otilde; r&agrave;ng.</p>\r\n\r\n<p>&nbsp;</p>', 'product-digital-marketing', 15000000, 20000000, 'Full time', 1, 'Nhân viên', 'Trên 1 năm', '3', '2021-12-20 04:05:56', '2021-12-20 05:36:08', 1, 14, 1),
(238, 'Chuyên Viên Giáo Vụ', 71, 'images/images/61c00191563d9-job-category-02.jpg', '2021-12-31', '<h3>M&ocirc; tả c&ocirc;ng việc</h3>\r\n\r\n<p>- Tham gia x&acirc;y dựng, n&acirc;ng cấp &nbsp;hệ thống, quản trị team CTV CSKH từ 15-20 nh&acirc;n sự<br />\r\n- Gi&aacute;m s&aacute;t, điều phối lịch l&agrave;m việc của CTV trong ph&ograve;ng<br />\r\n- L&ecirc;n kịch bản hỗ trợ kh&aacute;ch h&agrave;ng, phụ huynh học sinh đang học trong chương tr&igrave;nh&nbsp;<br />\r\n- Theo d&otilde;i c&aacute;c dự &aacute;n, tham gia phối hợp li&ecirc;n ph&ograve;ng ban v&agrave; đề xuất &yacute; tưởng tối ưu tự động h&oacute;a quy tr&igrave;nh CSKH, chăm s&oacute;c gi&aacute;o vụ .</p>\r\n\r\n<h3>Y&ecirc;u cầu ứng vi&ecirc;n</h3>\r\n\r\n<p>- Khả năng giao tiếp tiếng Anh tốt<br />\r\n- Chủ động, nhiệt t&igrave;nh trong c&ocirc;ng việc v&agrave; ham học hỏi . &nbsp; &nbsp;<br />\r\n- Ưu ti&ecirc;n c&aacute;c ứng vi&ecirc;n c&oacute; kinh nghiệm l&agrave;m việc tại c&aacute;c đơn vị gi&aacute;o dục trực tuyến, c&oacute; kinh nghiệm giảng dạy tiếng Anh cho học sinh 4-12 tuổi&nbsp;<br />\r\n- Chấp nhận sinh vi&ecirc;n mới ra trường</p>\r\n\r\n<h3>Quyền lợi được hưởng</h3>\r\n\r\n<p><strong>* Tinh thần:&nbsp;</strong><br />\r\n- C&ocirc;ng ty số 1 tại thị trường Tiếng Anh online Việt Nam. C&aacute;c sản phẩm chủ lực gồm Edupia v&agrave; Babilala l&agrave; hai chương tr&igrave;nh tiếng anh online chất lượng cao đ&atilde; c&oacute; thương hiệu mạnh tr&ecirc;n thị trường với 5 triệu người d&ugrave;ng , 500.000+ học vi&ecirc;n đang theo học tại Việt Nam v&agrave; Đ&ocirc;ng Nam &Aacute;. &nbsp;<br />\r\n- Mức thu nhập cao hơn 20 - 50% so với c&aacute;c c&ocirc;ng ty c&ugrave;ng ng&agrave;nh<br />\r\n- Lộ tr&igrave;nh thăng tiến nhanh: c&oacute; cơ hội được l&ecirc;n c&aacute;c vị tr&iacute; quan trọng sau 6 th&aacute;ng l&agrave;m việc<br />\r\n- M&ocirc;i trường l&agrave;m việc hấp dẫn, đề cao gi&aacute; trị tập thể v&agrave; t&ocirc;n trọng sự ph&aacute;t triển của mỗi c&aacute; nh&acirc;n.</p>\r\n\r\n<p><strong>* Chế độ ph&uacute;c lợi:</strong><br />\r\n- Lương cứng 8,5 triệu_12 triệu đồng/th&aacute;ng+ thưởng&nbsp;<br />\r\n- Đ&oacute;ng bảo hiểm x&atilde; hội sau 2 th&aacute;ng thử việc.<br />\r\n- X&eacute;t tăng lương: 6 th&aacute;ng/ lần.<br />\r\n- Thưởng cuối năm theo kết quả kinh doanh.<br />\r\n- Được hỗ trợ, đ&agrave;o tạo kĩ năng nghiệp vụ v&agrave; chuy&ecirc;n m&ocirc;n quản l&yacute; .<br />\r\n- Tham gia c&aacute;c hoạt động teambuilding, sinh nhật,...&nbsp;<br />\r\n- Được hưởng đầy đủ ch&iacute;nh s&aacute;ch nghỉ lễ, 12 ng&agrave;y nghỉ ph&eacute;p/năm,... theo quy định của Nh&agrave; nước.</p>\r\n\r\n<p>&nbsp;</p>\r\n\r\n<p>&nbsp;</p>', 'chuyen-vien-giao-vu', 10000000, 12000000, 'Full time', 2, 'Nhân viên', 'Trên 1 năm', '3', '2021-12-20 04:07:45', '2021-12-20 05:35:42', 1, 23, 1);
INSERT INTO `blogs` (`id`, `title`, `user_recruitment_id`, `image`, `deadline`, `detail`, `slug`, `salary_min`, `salary_max`, `working_time`, `quantity`, `position`, `exp`, `gender`, `created_at`, `updated_at`, `enable`, `cate_id`, `location_id`) VALUES
(239, 'Chuyên Viên Phát Triển Nội Dung Chương Trình Tiếng Anh Online', 71, 'images/images/61c001e9452b9-home-background-01.jpg', '2021-12-30', '<h3>M&ocirc; tả c&ocirc;ng việc</h3>\r\n\r\n<p>- Nghi&ecirc;n cứu v&agrave; x&acirc;y dựng nội dung cho c&aacute;c ứng dụng học tiếng Anh cho trẻ nhỏ - những sản phẩm được tin d&ugrave;ng bởi h&agrave;ng triệu người d&ugrave;ng tr&ecirc;n to&agrave;n cầu;<br />\r\n- L&agrave;m việc chặt chẽ với c&aacute;c chuy&ecirc;n gia gi&aacute;o dục h&agrave;ng đầu tại Anh, Mỹ để x&acirc;y dựng khung chương tr&igrave;nh v&agrave; nội dung học;<br />\r\n- Kết hợp với bộ phận thiết kế v&agrave; lập tr&igrave;nh để x&acirc;y dựng v&agrave; ho&agrave;n thiện chương tr&igrave;nh học;<br />\r\n- Phối hợp với c&aacute;c gi&aacute;o vi&ecirc;n bản ngữ, đạo diễn, hậu cần trong qu&aacute; tr&igrave;nh triển khai thực hiện sản phẩm<br />\r\n- C&aacute;c c&ocirc;ng việc kh&aacute;c theo sự ph&acirc;n c&ocirc;ng của quản l&yacute; trực tiếp.&nbsp;</p>\r\n\r\n<h3>Y&ecirc;u cầu ứng vi&ecirc;n</h3>\r\n\r\n<p>- IELTS 6.5 trở l&ecirc;n/c&aacute;c chứng chỉ kh&aacute;c tương đương/ đạt ti&ecirc;u chuẩn b&agrave;i test chuy&ecirc;n m&ocirc;n tại Educa;<br />\r\n- Đam m&ecirc; với gi&aacute;o dục, đặc biệt l&agrave; nếu c&oacute; kinh nghiệm ph&aacute;t triển học liệu tiếng Anh cho trẻ nhỏ l&agrave; một lợi thế;<br />\r\n- Tư duy tốt, nhanh nhẹn trong c&ocirc;ng việc;<br />\r\n- Sẵn s&agrave;ng học hỏi v&agrave; thay đổi để đ&aacute;p ứng y&ecirc;u cầu c&ocirc;ng việc;<br />\r\n- Cẩn thận v&agrave; tỉ mỉ trong c&ocirc;ng việc, c&oacute; khả năng l&agrave;m việc dưới &aacute;p lực tiến độ v&agrave; chất lượng cao;<br />\r\n- Mong muốn gắn b&oacute; v&agrave; l&agrave;m việc l&acirc;u d&agrave;i để ho&agrave;n thiện sản phẩm chất lượng.</p>\r\n\r\n<h3>Quyền lợi được hưởng</h3>\r\n\r\n<p>- Lương thoả thuận theo năng lực: 10-15M/th&aacute;ng<br />\r\n- Định kỳ đ&aacute;nh gi&aacute; 06 th&aacute;ng/lần.<br />\r\n- Lương th&aacute;ng 13, thưởng cuối năm theo kết quả kinh doanh chung của C&ocirc;ng ty.&nbsp;<br />\r\n- Được đ&oacute;ng BHXH đầy đủ theo luật lao động, nghỉ ph&eacute;p 12 ng&agrave;y/năm v&agrave; c&aacute;c ng&agrave;y lễ theo quy định chung<br />\r\n- Được đi du lịch hằng năm với địa điểm hấp dẫn, thường xuy&ecirc;n tổ chức c&aacute;c hoạt động team building gắn kết cộng đồng, c&aacute;c hoạt động vui chơi giải tr&iacute; cho nh&acirc;n vi&ecirc;n.<br />\r\n- Được tham gia c&aacute;c buổi li&ecirc;n hoan, sinh nhật h&agrave;ng th&aacute;ng, chương tr&igrave;nh gala cuối năm...<br />\r\n- Được thử sức trong một m&ocirc;i trường l&agrave;m việc trẻ trung, năng động với ch&iacute;nh s&aacute;ch đ&atilde;i ngộ tốt, c&oacute; nhiều cơ hội n&acirc;ng cao năng lực bản th&acirc;n v&agrave; tăng th&ecirc;m thu nhập.</p>', 'chuyen-vien-phat-trien-noi-dung-chuong-trinh-tieng-anh-online', 10000000, 15000000, 'Full time', 5, 'Nhân viên', 'Trên 1 năm', '3', '2021-12-20 04:09:13', '2021-12-20 05:35:10', 1, 23, 1),
(240, 'Chuyên Viên Referral Marketing', 71, 'images/images/61c002347df93-job-detail-inner.png', '2021-12-31', '<h3>M&ocirc; tả c&ocirc;ng việc</h3>\r\n\r\n<p>- Triển khai chương tr&igrave;nh Referral Marketing th&ocirc;ng qua cộng đồng kh&aacute;ch h&agrave;ng hiện hữu của c&ocirc;ng ty.<br />\r\n- Educa Corp đang t&igrave;m kiếm c&aacute;c chuy&ecirc;n gia tiếp thị &amp; b&aacute;n h&agrave;ng dựa tr&ecirc;n việc am hiểu v&agrave; nhạy b&eacute;n với dữ liệu, những người c&oacute; thể thấu hiểu người kh&aacute;c, giao tiếp hiệu quả v&agrave; ho&agrave;n th&agrave;nh c&ocirc;ng việc.<br />\r\n- Thiết kế c&aacute;c chương tr&igrave;nh khuyến m&atilde;i hấp dẫn để khuyến kh&iacute;ch kh&aacute;ch h&agrave;ng tham gia chương tr&igrave;nh<br />\r\n- L&ecirc;n &yacute; tưởng v&agrave; thực hiện c&aacute;c chiến dịch tiếp thị giới thiệu s&aacute;ng tạo<br />\r\n- Đo lường mức độ th&agrave;nh c&ocirc;ng của chương tr&igrave;nh th&ocirc;ng qua c&aacute;c b&aacute;o c&aacute;o h&agrave;ng tuần, h&agrave;ng th&aacute;ng v&agrave; h&agrave;ng qu&yacute;<br />\r\n- Lập kế hoạch tiếp cận, chương tr&igrave;nh tiếp thị s&aacute;ng tạo v&agrave; phối hợp chặt chẽ với nh&oacute;m để đạt được mục ti&ecirc;u giới thiệu<br />\r\n- Phối hợp chặt chẽ với c&aacute;c bộ phận Sales, Chăm s&oacute;c kh&aacute;ch h&agrave;ng, Marketing để lập kế hoạch v&agrave; thực thi chương tr&igrave;nh Referral Marketing.</p>\r\n\r\n<h3>Y&ecirc;u cầu ứng vi&ecirc;n</h3>\r\n\r\n<p>- Tốt nghiệp Đại học trở l&ecirc;n c&aacute;c chuy&ecirc;n ng&agrave;nh (Quản trị kinh doanh, Marketing, b&aacute;o ch&iacute;, tuyền th&ocirc;ng...)<br />\r\n- C&oacute; kinh nghiệm 6 th&aacute;ng trở l&ecirc;n trong mảng Referral Marketing, Giới thiệu tiếp thị, Truyền th&ocirc;ng...<br />\r\n- Khả năng Giải quyết vấn đề lặp đi lặp lại: Hệ thống h&oacute;a, t&agrave;i liệu h&oacute;a để quản trị c&ocirc;ng việc hiệu quả<br />\r\n- Chủ động, s&aacute;ng tạo đề xuất c&aacute;c s&aacute;ng kiến ​​mới<br />\r\n- C&oacute; y&ecirc;u cầu cao với quy tr&igrave;nh l&agrave;m việc xuất sắc: Độc lập v&agrave; chi tiết với tất cả c&aacute;c đầu v&agrave;o v&agrave; đầu ra của một chiến dịch Referral Marketing</p>\r\n\r\n<h3>Quyền lợi được hưởng</h3>\r\n\r\n<p><strong>* Tinh thần:&nbsp;</strong><br />\r\n- C&ocirc;ng ty số 1 tại thị trường Tiếng Anh online Việt Nam. C&aacute;c sản phẩm chủ lực gồm Edupia v&agrave; Babilala l&agrave; hai chương tr&igrave;nh tiếng anh online chất lượng cao đ&atilde; c&oacute; thương hiệu mạnh tr&ecirc;n thị trường với 5 triệu người d&ugrave;ng , 500.000+ học vi&ecirc;n đang theo học tại Việt Nam v&agrave; Đ&ocirc;ng Nam &Aacute;. &nbsp;<br />\r\n- Mức thu nhập cao hơn 20 - 50% so với c&aacute;c c&ocirc;ng ty c&ugrave;ng ng&agrave;nh<br />\r\n- Lộ tr&igrave;nh thăng tiến nhanh: c&oacute; cơ hội được l&ecirc;n c&aacute;c vị tr&iacute; quan trọng sau 6 th&aacute;ng l&agrave;m việc<br />\r\n- M&ocirc;i trường l&agrave;m việc hấp dẫn, đề cao gi&aacute; trị tập thể v&agrave; t&ocirc;n trọng sự ph&aacute;t triển của mỗi c&aacute; nh&acirc;n.</p>\r\n\r\n<p><strong>* Chế độ ph&uacute;c lợi:&nbsp;</strong><br />\r\n- Mức lương: 10 - 15 triệu c&ugrave;ng c&aacute;c mức thưởng hấp dẫn (thưởng năng suất, thưởng hiệu quả, thưởng s&aacute;ng kiến,...).<br />\r\n- Được đ&agrave;o tạo, chia sẻ kho nội dung bản quyền học tập Tiếng Anh c&oacute; sẵn để khai th&aacute;c<br />\r\n- Được hưởng c&aacute;c chế độ theo quy định của Luật Lao động: bảo hiểm, nghỉ ph&eacute;p, nghỉ Lễ Tết,...<br />\r\n- Được đ&agrave;o tạo n&acirc;ng cao về kiến thức chuy&ecirc;n m&ocirc;n, nghiệp vụ từ c&aacute;c chuy&ecirc;n gia v&agrave; đối t&aacute;c lớn.<br />\r\n- Ph&uacute;c lợi hấp dẫn: sinh nhật, Lễ Tết, du lịch h&agrave;ng năm, hoạt động thể dục thể thao (b&oacute;ng đ&aacute;, bi-a, CLB EducaRun)...<br />\r\n- Đ&aacute;nh gi&aacute; x&eacute;t tăng lương 02 lần/năm.<br />\r\n- M&ocirc;i trường trẻ, cởi mở, năng động, ch&uacute; trọng v&agrave;o việc ph&aacute;t triển nh&acirc;n t&agrave;i &amp; lộ tr&igrave;nh thăng tiến r&otilde; r&agrave;ng.</p>\r\n\r\n<p>&nbsp;</p>\r\n\r\n<p>&nbsp;</p>', 'chuyen-vien-referral-marketing', 10000000, 15000000, 'Full time', 1, 'Nhân viên', 'Trên 1 năm', '3', '2021-12-20 04:10:28', '2021-12-20 05:34:35', 1, 14, 1),
(241, 'Chuyên Viên Hậu Kỳ ( Video Editor )', 71, 'images/images/61c002995a6ce-job-category-05.jpg', '2021-12-30', '<h3>M&ocirc; tả c&ocirc;ng việc</h3>\r\n\r\n<p>- Phối hợp c&ugrave;ng content để lập kế hoạch, x&acirc;y dựng kịch bản video<br />\r\n- Quay, dựng, bi&ecirc;n tập nội dung video, chụp ảnh, cắt gh&eacute;p c&aacute;c clip để tạo th&agrave;nh 1 clip ho&agrave;n chỉnh.<br />\r\n- S&aacute;ng tạo c&aacute;c nội dung video mới theo trend v&agrave; định hướng của tổ chức.<br />\r\n- X&acirc;y dựng c&aacute;c clip quảng c&aacute;o, clip Viral, video giới thiệu sản phẩm, m&ocirc; tả sản phẩm.<br />\r\n- Sản xuất mới, l&ecirc;n &yacute; tưởng, s&aacute;ng tạo c&aacute;c nội dung mới theo trend v&agrave; thực hiện Video Media đăng tải tr&ecirc;n hệ thống k&ecirc;nh Youtube, Fanpage, Tiktok<br />\r\n- Phối hợp với c&aacute;c bộ phận li&ecirc;n quan x&acirc;y dựng v&agrave; ph&aacute;t triển h&igrave;nh ảnh c&ocirc;ng ty.<br />\r\n- Thực hiện những nhiệm vụ c&ocirc;ng việc kh&aacute;c được giao bởi người quản l&yacute; trực tiếp.</p>\r\n\r\n<h3>Y&ecirc;u cầu ứng vi&ecirc;n</h3>\r\n\r\n<p>- Tốt nghiệp c&aacute;c ng&agrave;nh/ kh&oacute;a học li&ecirc;n quan.<br />\r\n- C&oacute; &yacute; tưởng s&aacute;ng tạo, khả năng cảm nhận v&agrave; thẩm mỹ tốt.<br />\r\n- Năng động, s&aacute;ng tạo, ham học hỏi v&agrave; muốn c&oacute; th&ecirc;m kinh nghiệm ở lĩnh vực n&agrave;y.<br />\r\n- Sử dụng th&agrave;nh tạo m&aacute;y quay, m&aacute;y ảnh v&agrave; gimbal hỗ trợ.<br />\r\n- Sử dụng được c&aacute;c phần mềm dựng film: Adobe Premiere, Adobe After Effects.<br />\r\n- Sử dụng được c&aacute;c phần mềm 2D để hỗ trợ cho c&ocirc;ng việc dựng phim: Adobe Photoshop, Adobe Ilustrator.<br />\r\n- Biết sử dụng VFX, 3D l&agrave; lợi thế.</p>\r\n\r\n<h3>Quyền lợi được hưởng</h3>\r\n\r\n<p><strong>* Tinh thần:&nbsp;</strong><br />\r\n- C&ocirc;ng ty số 1 tại thị trường Tiếng Anh online Việt Nam. C&aacute;c sản phẩm chủ lực gồm Edupia v&agrave; Babilala l&agrave; hai chương tr&igrave;nh tiếng anh online chất lượng cao đ&atilde; c&oacute; thương hiệu mạnh tr&ecirc;n thị trường với 5 triệu người d&ugrave;ng , 500.000+ học vi&ecirc;n đang theo học tại Việt Nam v&agrave; Đ&ocirc;ng Nam &Aacute;. &nbsp;<br />\r\n- Mức thu nhập cao hơn 20 - 50% so với c&aacute;c c&ocirc;ng ty c&ugrave;ng ng&agrave;nh<br />\r\n- Lộ tr&igrave;nh thăng tiến nhanh: c&oacute; cơ hội được l&ecirc;n c&aacute;c vị tr&iacute; quan trọng sau 6 th&aacute;ng l&agrave;m việc<br />\r\n- M&ocirc;i trường l&agrave;m việc hấp dẫn, đề cao gi&aacute; trị tập thể v&agrave; t&ocirc;n trọng sự ph&aacute;t triển của mỗi c&aacute; nh&acirc;n.</p>\r\n\r\n<p><strong>* Chế độ ph&uacute;c lợi:&nbsp;</strong><br />\r\n- Mức lương: 10 - 15 triệu c&ugrave;ng c&aacute;c mức thưởng hấp dẫn (thưởng năng suất, thưởng hiệu quả, thưởng s&aacute;ng kiến,...).<br />\r\n- Được đ&agrave;o tạo, chia sẻ kho nội dung bản quyền học tập Tiếng Anh c&oacute; sẵn để khai th&aacute;c<br />\r\n- Được hưởng c&aacute;c chế độ theo quy định của Luật Lao động: bảo hiểm, nghỉ ph&eacute;p, nghỉ Lễ Tết,...<br />\r\n- Được đ&agrave;o tạo n&acirc;ng cao về kiến thức chuy&ecirc;n m&ocirc;n, nghiệp vụ từ c&aacute;c chuy&ecirc;n gia v&agrave; đối t&aacute;c lớn.<br />\r\n- Ph&uacute;c lợi hấp dẫn: sinh nhật, Lễ Tết, du lịch h&agrave;ng năm, hoạt động thể dục thể thao (b&oacute;ng đ&aacute;, bi-a, CLB EducaRun)...<br />\r\n- Đ&aacute;nh gi&aacute; x&eacute;t tăng lương 02 lần/năm.<br />\r\n- M&ocirc;i trường trẻ, cởi mở, năng động, ch&uacute; trọng v&agrave;o việc ph&aacute;t triển nh&acirc;n t&agrave;i &amp; lộ tr&igrave;nh thăng tiến r&otilde; r&agrave;ng.</p>\r\n\r\n<p>&nbsp;</p>', 'chuyen-vien-hau-ky-video-editor', 10000000, 15000000, 'Full time', 1, 'Nhân viên', 'Dưới 1 năm', '3', '2021-12-20 04:12:09', '2021-12-20 05:34:09', 1, 28, 1),
(242, 'PHP Developer', 71, 'images/images/61c002e198aee-job-category-08.jpg', '2021-12-31', '<h3>M&ocirc; tả c&ocirc;ng việc</h3>\r\n\r\n<p>- Tối ưu, n&acirc;ng cấp, cải tiến hệ thống website đang hoạt động của c&ocirc;ng ty<br />\r\n- Tham gia c&aacute;c y&ecirc;u cầu x&acirc;y dựng, n&acirc;ng cấp c&aacute;c chức năng li&ecirc;n quan đến hệ thống CRM, backend<br />\r\n- Tham gia x&acirc;y dựng game, b&agrave;i tập luyện Tiếng Anh cho học sinh</p>\r\n\r\n<h3>Y&ecirc;u cầu ứng vi&ecirc;n</h3>\r\n\r\n<p>- Kinh nghiệm l&agrave;m c&aacute;c dự &aacute;n PHP từ 1 - 2 năm<br />\r\n- C&oacute; kinh nghiệm l&agrave;m việc với HTML, CSS, Javascript, jQuery, AJAX&hellip;<br />\r\n- Th&agrave;nh thạo trong thao t&aacute;c với DB (MySQL, Oracle&hellip;)<br />\r\n- Đ&atilde; từng l&agrave;m việc với c&aacute;c CSDL NoSQL như Redis, MongoDB&hellip;<br />\r\n- C&oacute; thể sử dụng Java v&agrave; NodeJS l&agrave; một lợi thế<br />\r\n- C&oacute; kỹ năng ph&acirc;n t&iacute;ch, viết giải ph&aacute;p theo y&ecirc;u cầu. Tinh thần tr&aacute;ch nhiệm, chủ động v&agrave; tỉ mỉ trong c&ocirc;ng việc</p>\r\n\r\n<h3>Quyền lợi được hưởng</h3>\r\n\r\n<p><strong>* Tinh thần:&nbsp;</strong><br />\r\n- L&agrave;m việc trong m&ocirc;i trường start-up c&oacute; tốc độ tăng trưởng v&agrave; ph&aacute;t triển nhanh.<br />\r\n- Được chia sẻ cơ hội học tập chất lượng cao đến trẻ em to&agrave;n Việt Nam, hướng tới mục ti&ecirc;u &quot;&quot;Chương tr&igrave;nh tiếng anh cho trẻ em phổ biến nhất Đ&ocirc;ng Nam &Aacute;&quot;&quot;<br />\r\n- M&ocirc;i trường l&agrave;m việc: Trẻ trung, năng động, kh&aacute;t vọng Go Global, tự do s&aacute;ng tạo, ch&uacute; trọng ph&aacute;t triển con người &amp; ph&aacute;t triển sự nghiệp của c&aacute;c th&agrave;nh vi&ecirc;n trong c&ocirc;ng ty.<br />\r\n- Được giải quyết c&aacute;c b&agrave;i to&aacute;n về hệ thống lớn, sản phẩm c&oacute; h&agrave;ng triệu người d&ugrave;ng.</p>\r\n\r\n<p><strong>* Chế độ ph&uacute;c lợi:&nbsp;</strong><br />\r\n- C&ocirc;ng ty số 1 tại thị trường Tiếng Anh online Việt Nam. C&aacute;c sản phẩm chủ lực gồm Edupia v&agrave; Babilala l&agrave; hai chương tr&igrave;nh tiếng anh online chất lượng cao đ&atilde; c&oacute; thương hiệu mạnh tr&ecirc;n thị trường với 5 triệu người d&ugrave;ng , 500.000+ học vi&ecirc;n đang theo học tại Việt Nam v&agrave; Đ&ocirc;ng Nam &Aacute;. &nbsp;<br />\r\n- Mức thu nhập cao hơn 20 - 50% so với c&aacute;c c&ocirc;ng ty c&ugrave;ng ng&agrave;nh<br />\r\n- Lộ tr&igrave;nh thăng tiến nhanh: c&oacute; cơ hội được l&ecirc;n c&aacute;c vị tr&iacute; quan trọng sau 6 th&aacute;ng l&agrave;m việc<br />\r\n- M&ocirc;i trường l&agrave;m việc hấp dẫn, đề cao gi&aacute; trị tập thể v&agrave; t&ocirc;n trọng sự ph&aacute;t triển của mỗi c&aacute; nh&acirc;n.&nbsp;<br />\r\n- Lương th&aacute;ng 13, thưởng cuối năm theo kết quả kinh doanh chung của C&ocirc;ng ty.&nbsp;<br />\r\n- Du lịch hằng năm với địa điểm hấp dẫn, thường xuy&ecirc;n tổ chức c&aacute;c hoạt động team building gắn kết cộng đồng, c&aacute;c hoạt động vui chơi giải tr&iacute; cho nh&acirc;n vi&ecirc;n.</p>\r\n\r\n<p>&nbsp;</p>\r\n\r\n<p>&nbsp;</p>', 'php-developer', 20000000, 25000000, 'Full time', 1, 'Nhân viên', 'Trên 1 năm', '3', '2021-12-20 04:13:21', '2021-12-20 05:33:28', 1, 4, 1),
(243, 'Chuyên Viên Chăm Sóc Khách Hàng - Giáo Vụ', 71, 'images/images/61c00335166ec-callout-2.jpg', '2021-12-31', '<h3>M&ocirc; tả c&ocirc;ng việc</h3>\r\n\r\n<p>- Tham gia x&acirc;y dựng, n&acirc;ng cấp hệ thống, quản trị team CTV CSKH từ 15-20 nh&acirc;n sự<br />\r\n- Gi&aacute;m s&aacute;t, điều phối lịch l&agrave;m việc của CTV trong ph&ograve;ng<br />\r\n- L&ecirc;n kịch bản hỗ trợ kh&aacute;ch h&agrave;ng, phụ huynh học sinh đang học trong chương tr&igrave;nh&nbsp;<br />\r\n- Theo d&otilde;i c&aacute;c dự &aacute;n, tham gia phối hợp li&ecirc;n ph&ograve;ng ban v&agrave; đề xuất &yacute; tưởng tối ưu tự động h&oacute;a quy tr&igrave;nh CSKH, chăm s&oacute;c gi&aacute;o vụ .&nbsp;<br />\r\n&nbsp;</p>\r\n\r\n<h3>Y&ecirc;u cầu ứng vi&ecirc;n</h3>\r\n\r\n<p>- Khả năng giao tiếp tiếng Anh tốt<br />\r\n- Chủ động, nhiệt t&igrave;nh trong c&ocirc;ng việc v&agrave; ham học hỏi .&nbsp;<br />\r\n- Ưu ti&ecirc;n c&aacute;c ứng vi&ecirc;n c&oacute; kinh nghiệm l&agrave;m việc tại c&aacute;c đơn vị gi&aacute;o dục trực tuyến, c&oacute; kinh nghiệm giảng dạy tiếng Anh cho học sinh 4-12 tuổi&nbsp;<br />\r\n- C&oacute; hiểu biết về Excel, x&acirc;y dựng c&ocirc;ng cụ b&aacute;o c&aacute;o quản trị...l&agrave; 1 lợi thế</p>\r\n\r\n<h3>Quyền lợi được hưởng</h3>\r\n\r\n<p>- Lương cứng 8 - 12 triệu đồng/th&aacute;ng + thưởng&nbsp;</p>\r\n\r\n<p>- Định kỳ đ&aacute;nh gi&aacute; năng lực 2 lần/năm&nbsp;</p>\r\n\r\n<p>- Thưởng th&aacute;ng 13, thưởng cuối năm theo kết quả kinh doanh chung của C&ocirc;ng ty.&nbsp;</p>\r\n\r\n<p>- BHXH đầy đủ theo luật lao động, nghỉ ph&eacute;p 12 ng&agrave;y/năm v&agrave; c&aacute;c ng&agrave;y lễ theo quy định chung&nbsp;</p>\r\n\r\n<p>- M&ocirc;i trường l&agrave;m việc trẻ trung, năng động, nh&acirc;n văn v&agrave; văn minh</p>\r\n\r\n<p>- Du lịch h&agrave;ng năm, teambuilding v&agrave; c&aacute;c hoạt động văn ho&aacute; doanh nghiệp s&ocirc;i nổi.&nbsp;</p>', 'chuyen-vien-cham-soc-khach-hang-giao-vu', 10000000, 12000000, 'Full time', 2, 'Nhân viên', 'Dưới 1 năm', '3', '2021-12-20 04:14:45', '2021-12-20 05:32:36', 1, 14, 1),
(244, 'Kế Toán', 71, 'images/images/61c003b3aecf2-callout-1.jpg', '2021-12-30', '<h3>M&ocirc; tả c&ocirc;ng việc</h3>\r\n\r\n<p>- Kiểm tra bảng lương ph&ograve;ng Nh&acirc;n sự cung cấp, chi ph&iacute; BHXH h&agrave;ng th&aacute;ng.&nbsp;<br />\r\n- Hạch to&aacute;n chi ph&iacute; lương, thưởng, c&aacute;c khoản khấu trừ v&agrave; tr&iacute;ch theo lương.&nbsp;<br />\r\n- Theo d&otilde;i cập nhật c&aacute;c quyết định n&acirc;ng, hạ lương để l&agrave;m lương cho CBNV. Lập c&aacute;c bảng tiền thưởng khi ph&aacute;t sinh.<br />\r\n- Check, review hợp đồng của nh&acirc;n sự.&nbsp;<br />\r\n- Nắm r&otilde; quy tr&igrave;nh l&agrave;m việc với ng&acirc;n h&agrave;ng về thủ tục thanh to&aacute;n ra nước ngo&agrave;i, ngoại hối c&oacute; li&ecirc;n quan<br />\r\n- Chi tiết số dư c&aacute;c t&agrave;i khoản do m&igrave;nh quản l&yacute;.<br />\r\n- C&aacute;c c&ocirc;ng việc ph&aacute;t sinh kh&aacute;c quản l&yacute; trực tiếp giao ph&oacute;.&nbsp;<br />\r\n&nbsp;</p>\r\n\r\n<h3>Y&ecirc;u cầu ứng vi&ecirc;n</h3>\r\n\r\n<p>- Tốt nghiệp Đại Học chuy&ecirc;n ngh&agrave;nh Kế to&aacute;n - Kiểm to&aacute;n, T&agrave;i ch&iacute;nh ng&acirc;n h&agrave;ng...<br />\r\n- C&oacute; 1 năm Kinh nghiệm l&agrave;m kế to&aacute;n thanh to&aacute;n. Ưu ti&ecirc;n c&oacute; kinh nghiệm thanh to&aacute;n gi&aacute;o dục<br />\r\n- Sử dụng th&agrave;nh thạo tin học văn ph&ograve;ng, phần mềm kế to&aacute;n<br />\r\n- Nắm r&otilde; về luật thuế TNDN,thuế TNCN của người lao động VN v&agrave; NN<br />\r\n- Trung thực, nhiệt t&igrave;nh,chăm chỉ, chủ động trong c&ocirc;ng việc<br />\r\n- Tiếng Anh giao tiếp kh&aacute;</p>\r\n\r\n<h3>Quyền lợi được hưởng</h3>\r\n\r\n<p>- C&ocirc;ng ty số 1 tại thị trường Tiếng Anh online Việt Nam. C&aacute;c sản phẩm chủ lực gồm Edupia v&agrave; Babilala l&agrave; hai chương tr&igrave;nh tiếng anh online chất lượng cao đ&atilde; c&oacute; thương hiệu mạnh tr&ecirc;n thị trường với 5 triệu người d&ugrave;ng , 500.000+ học vi&ecirc;n đang theo học tại Việt Nam v&agrave; Đ&ocirc;ng Nam &Aacute;. &nbsp;<br />\r\n- Mức thu nhập cao hơn 20 - 50% so với c&aacute;c c&ocirc;ng ty c&ugrave;ng ng&agrave;nh<br />\r\n- Lộ tr&igrave;nh thăng tiến nhanh: c&oacute; cơ hội được l&ecirc;n c&aacute;c vị tr&iacute; quan trọng sau 6 th&aacute;ng l&agrave;m việc<br />\r\n- M&ocirc;i trường l&agrave;m việc hấp dẫn, đề cao gi&aacute; trị tập thể v&agrave; t&ocirc;n trọng sự ph&aacute;t triển của mỗi c&aacute; nh&acirc;n.</p>\r\n\r\n<p><strong>* Chế độ ph&uacute;c lợi:&nbsp;</strong><br />\r\n- Mức lương: 10 - 12M c&ugrave;ng c&aacute;c mức thưởng hấp dẫn (thưởng năng suất, thưởng hiệu quả, thưởng s&aacute;ng kiến,...).<br />\r\n- Đ&aacute;nh gi&aacute; điều chỉnh tăng lương: 2 th&aacute;ng/ lần<br />\r\n- Được hưởng c&aacute;c chế độ theo quy định của Luật Lao động: bảo hiểm, nghỉ ph&eacute;p, nghỉ Lễ Tết,...<br />\r\n- Được đ&agrave;o tạo n&acirc;ng cao về kiến thức chuy&ecirc;n m&ocirc;n, nghiệp vụ từ c&aacute;c chuy&ecirc;n gia v&agrave; đối t&aacute;c lớn.<br />\r\n- Ph&uacute;c lợi hấp dẫn: sinh nhật, Lễ Tết, du lịch h&agrave;ng năm, hoạt động thể dục thể thao (b&oacute;ng đ&aacute;, bi-a, CLB EducaRun)...<br />\r\n- M&ocirc;i trường trẻ, cởi mở, năng động, ch&uacute; trọng v&agrave;o việc ph&aacute;t triển nh&acirc;n t&agrave;i &amp; lộ tr&igrave;nh thăng tiến r&otilde; r&agrave;ng.</p>', 'ke-toan', 10000000, 15000000, 'Full time', 1, 'Nhân viên', 'Dưới 1 năm', '3', '2021-12-20 04:16:51', '2021-12-20 05:31:42', 1, 1, 1),
(245, 'Content Marketing (Phát Triển Cộng Đồng)', 71, 'images/images/61c0041bd454c-blog-single-post-01.jpg', '2021-12-30', '<h3>M&ocirc; tả c&ocirc;ng việc</h3>\r\n\r\n<p>- Li&ecirc;n hệ với c&aacute;c group facebook để đăng b&agrave;i tr&ecirc;n c&aacute;c group li&ecirc;n quan đến gi&aacute;o dục trẻ em.&nbsp;</p>\r\n\r\n<p>- Quản trị team CTV marketing để bảo đảm KPI lead mang về</p>\r\n\r\n<p>- Viết content seeding hội nh&oacute;m để thu h&uacute;t phụ huynh học thử chương tr&igrave;nh của edupia</p>\r\n\r\n<p>- Tuyển dụng v&agrave; đ&agrave;o tạo team CTV marketing</p>\r\n\r\n<p>- C&aacute;c c&ocirc;ng việc kh&aacute;c theo y&ecirc;u cầu của trưởng bộ phận</p>\r\n\r\n<h3>Y&ecirc;u cầu ứng vi&ecirc;n</h3>\r\n\r\n<p>- Tr&igrave;nh độ: Tốt nghiệp Đại học trở l&ecirc;n c&aacute;c chuy&ecirc;n ng&agrave;nh truyền th&ocirc;ng, marketing, b&aacute;o ch&iacute;</p>\r\n\r\n<p>- &Iacute;t nhất 1 năm kinh nghiệm ở lĩnh vực Content Marketing.&nbsp;</p>\r\n\r\n<p>- Ưu ti&ecirc;n ứng vi&ecirc;n đ&atilde; c&oacute; kinh nghiệm trong việc x&acirc;y dựng Content b&aacute;n c&aacute;c kho&aacute; học Online.&nbsp;</p>\r\n\r\n<h3>Quyền lợi được hưởng</h3>\r\n\r\n<p><strong>* Tinh thần:&nbsp;</strong></p>\r\n\r\n<p>- L&agrave;m việc trong doanh nghiệp c&ocirc;ng nghệ ưu &aacute;i nh&acirc;n t&agrave;i, ch&iacute;nh s&aacute;ch văn minh v&agrave; nh&acirc;n văn đối với người lao động</p>\r\n\r\n<p>- Được chia sẻ cơ hội học tập chất lượng cao đến trẻ em to&agrave;n Việt Nam, nhất l&agrave; trẻ em ở c&aacute;c tỉnh th&agrave;nh xa trung t&acirc;m, được tự h&agrave;o chứng kiến người d&ugrave;ng h&agrave;i l&ograve;ng, trẻ em Việt Nam học tập tiến bộ&nbsp;</p>\r\n\r\n<p>- Được chia sẻ thường xuy&ecirc;n với BLĐ v&agrave; Quản l&yacute; cấp cao, được lắng nghe v&agrave; thể hiện quan điểm&nbsp;</p>\r\n\r\n<p>- Được quan t&acirc;m, đ&agrave;o tạo kỹ năng v&agrave; c&oacute; lộ tr&igrave;nh ph&aacute;t triển cụ thể sau 3 - 6 th&aacute;ng đối với nh&acirc;n sự năng suất cao&nbsp;</p>\r\n\r\n<p><strong>* Thu nhập:</strong></p>\r\n\r\n<p>- Được hưởng thu nhập cạnh tranh: Lương 8 - 12 triệu đồng</p>\r\n\r\n<p>- Thử việc 2 th&aacute;ng hưởng 100% lương&nbsp;</p>\r\n\r\n<p>- Thưởng năng suất h&agrave;ng th&aacute;ng, thưởng n&oacute;ng... theo năng lực</p>\r\n\r\n<p><strong>* Chế độ ph&uacute;c lợi:&nbsp;</strong></p>\r\n\r\n<p>- Lương th&aacute;ng 13, thưởng cuối năm theo kết quả kinh doanh chung của C&ocirc;ng ty.&nbsp;</p>\r\n\r\n<p>- Được đ&oacute;ng BHXH đầy đủ theo luật lao động, nghỉ ph&eacute;p 12 ng&agrave;y/năm v&agrave; c&aacute;c ng&agrave;y lễ theo quy định chung</p>\r\n\r\n<p>- Được đi du lịch hằng năm với địa điểm hấp dẫn, thường xuy&ecirc;n tổ chức c&aacute;c hoạt động team building gắn kết cộng đồng, c&aacute;c hoạt động vui chơi giải tr&iacute; cho nh&acirc;n vi&ecirc;n.</p>\r\n\r\n<p>- Được tham gia c&aacute;c buổi li&ecirc;n hoan, sinh nhật h&agrave;ng th&aacute;ng, chương tr&igrave;nh gala cuối năm...</p>\r\n\r\n<p>- Được thử sức trong một m&ocirc;i trường l&agrave;m việc trẻ trung, năng động với ch&iacute;nh s&aacute;ch đ&atilde;i ngộ tốt, c&oacute; nhiều cơ hội n&acirc;ng cao năng lực bản th&acirc;n v&agrave; tăng th&ecirc;m thu nhập.&nbsp;</p>', 'content-marketing-phat-trien-cong-dong', 8000000, 12000000, 'Full time', 2, 'Nhân viên', 'Dưới 1 năm', '3', '2021-12-20 04:18:35', '2021-12-20 05:31:12', 1, 14, 1),
(246, 'Game Designer', 71, 'images/images/61c00481413ea-home-background-01.jpg', '2021-12-29', '<h3>M&ocirc; tả c&ocirc;ng việc</h3>\r\n\r\n<p>- L&ecirc;n &yacute; tưởng mới cho game, x&acirc;y dựng kịch bản cho c&aacute;c sản phẩm game: m&ocirc; tả chi tiết t&iacute;nh năng, nội dung của sản phẩm<br />\r\n- Tham gia c&aacute;c qu&aacute; tr&igrave;nh đ&aacute;nh gi&aacute;, ph&acirc;n t&iacute;ch, c&acirc;n bằng game. Theo d&otilde;i c&aacute;c chỉ số sản phẩm v&agrave; đ&aacute;nh gi&aacute; c&aacute;c chỉ số nhằm đưa ra gợi &yacute; về hướng ph&aacute;t triển sản phẩm<br />\r\n- Phối hợp với bộ phận Artist v&agrave; Developer để ph&aacute;t triển v&agrave; ho&agrave;n thiện c&aacute;c &yacute; tưởng cho Game.</p>\r\n\r\n<h3>Y&ecirc;u cầu ứng vi&ecirc;n</h3>\r\n\r\n<p>- Đ&atilde; c&oacute; 6 th&aacute;ng kinh nghiệm trở l&ecirc;n tại vị tr&iacute; tương đương.<br />\r\n- Am hiểu thị trường game, xu thế game, sở th&iacute;ch người chơi;<br />\r\n- C&oacute; khả năng nhận biết về mục đ&iacute;ch của c&aacute;c thiết kế trong tr&ograve; chơi.<br />\r\n- C&oacute; hiểu biết cơ bản về c&aacute;c chỉ số quan trọng của mobile game.<br />\r\n- C&oacute; kinh nghiệm về l&agrave;m việc tr&ecirc;n Unity.</p>\r\n\r\n<h3>Quyền lợi được hưởng</h3>\r\n\r\n<p><strong>* Tinh thần:&nbsp;</strong><br />\r\n- L&agrave;m việc trong m&ocirc;i trường start-up c&oacute; tốc độ tăng trưởng v&agrave; ph&aacute;t triển nhanh.<br />\r\n- Được chia sẻ cơ hội học tập chất lượng cao đến trẻ em to&agrave;n Việt Nam, hướng tới mục ti&ecirc;u &quot;&quot;chương tr&igrave;nh tiếng anh cho trẻ em phổ biến nhất Đ&ocirc;ng Nam &Aacute;&quot;&quot;<br />\r\n- M&ocirc;i trường l&agrave;m việc: Trẻ trung, năng động, kh&aacute;t vọng Go Global, tự do s&aacute;ng tạo, ch&uacute; trọng ph&aacute;t triển con người &amp; ph&aacute;t triển sự nghiệp của c&aacute;c th&agrave;nh vi&ecirc;n trong c&ocirc;ng ty.<br />\r\n- Được giải quyết c&aacute;c b&agrave;i to&aacute;n về hệ thống lớn, sản phẩm c&oacute; h&agrave;ng triệu người d&ugrave;ng.</p>\r\n\r\n<p><strong>* Chế độ ph&uacute;c lợi:&nbsp;</strong><br />\r\n- L&agrave;m việc tại C&ocirc;ng ty số 1 tại thị trường Tiếng Anh online Việt Nam. C&aacute;c sản phẩm chủ lực gồm Edupia v&agrave; Babilala l&agrave; hai chương tr&igrave;nh tiếng anh online chất lượng cao đ&atilde; c&oacute; thương hiệu mạnh tr&ecirc;n thị trường với 5 triệu người d&ugrave;ng , 500.000+ học vi&ecirc;n đang theo học tại Việt Nam v&agrave; Đ&ocirc;ng Nam &Aacute;. &nbsp;<br />\r\n- Mức thu nhập cao hơn 20 - 50% so với c&aacute;c c&ocirc;ng ty c&ugrave;ng ng&agrave;nh<br />\r\n- Lộ tr&igrave;nh thăng tiến nhanh: c&oacute; cơ hội được l&ecirc;n c&aacute;c vị tr&iacute; quan trọng sau 6 th&aacute;ng l&agrave;m việc<br />\r\n- M&ocirc;i trường l&agrave;m việc hấp dẫn, đề cao gi&aacute; trị tập thể v&agrave; t&ocirc;n trọng sự ph&aacute;t triển của mỗi c&aacute; nh&acirc;n.&nbsp;<br />\r\n- Lương th&aacute;ng 13, thưởng cuối năm theo kết quả kinh doanh chung của C&ocirc;ng ty.&nbsp;<br />\r\n- Du lịch hằng năm với địa điểm hấp dẫn, thường xuy&ecirc;n tổ chức c&aacute;c hoạt động team building gắn kết cộng đồng, c&aacute;c hoạt động vui chơi giải tr&iacute; cho nh&acirc;n vi&ecirc;n. &nbsp; &nbsp;&nbsp;</p>', 'game-designer', 20000000, 25000000, 'Full time', 1, 'Nhân viên', 'Trên 1 năm', '3', '2021-12-20 04:20:17', '2021-12-20 05:29:59', 1, 28, 1),
(248, 'Kế Toán Tiền Lương', 71, 'images/images/61c005635cae8-home-video-background.jpg', '2021-12-31', '<h3>M&ocirc; tả c&ocirc;ng việc</h3>\r\n\r\n<p>- Kiểm tra bảng lương ph&ograve;ng Nh&acirc;n sự cung cấp, chi ph&iacute; BHXH h&agrave;ng th&aacute;ng.&nbsp;<br />\r\n- Hạch to&aacute;n chi ph&iacute; lương, thưởng, c&aacute;c khoản khấu trừ v&agrave; tr&iacute;ch theo lương.&nbsp;<br />\r\n- Theo d&otilde;i cập nhật c&aacute;c quyết định n&acirc;ng, hạ lương để l&agrave;m lương cho CBNV. Lập c&aacute;c bảng tiền thưởng khi ph&aacute;t sinh.<br />\r\n- Check, review hợp đồng của nh&acirc;n sự.&nbsp;<br />\r\n- Nắm r&otilde; quy tr&igrave;nh l&agrave;m việc với ng&acirc;n h&agrave;ng về thủ tục thanh to&aacute;n ra nước ngo&agrave;i, ngoại hối c&oacute; li&ecirc;n quan<br />\r\n- Chi tiết số dư c&aacute;c t&agrave;i khoản do m&igrave;nh quản l&yacute;.</p>\r\n\r\n<h3>Y&ecirc;u cầu ứng vi&ecirc;n</h3>\r\n\r\n<p>- Tốt nghiệp Đại Học chuy&ecirc;n ngh&agrave;nh Kế to&aacute;n - Kiểm to&aacute;n, T&agrave;i ch&iacute;nh ng&acirc;n h&agrave;ng...<br />\r\n- C&oacute; tr&ecirc;n 1 năm Kinh nghiệm l&agrave;m kế to&aacute;n thanh to&aacute;n. Ưu ti&ecirc;n c&oacute; kinh nghiệm thanh to&aacute;n nước ngo&agrave;i&nbsp;<br />\r\n- Sử dụng th&agrave;nh thạo tin học văn ph&ograve;ng, phần mềm kế to&aacute;n<br />\r\n- Nắm r&otilde; về luật thuế TNDN,thuế TNCN của người lao động VN v&agrave; NN<br />\r\n- Trung thực, nhiệt t&igrave;nh,chăm chỉ, chủ động trong c&ocirc;ng việc<br />\r\n- Tiếng Anh giao tiếp kh&aacute;</p>\r\n\r\n<h3>Quyền lợi được hưởng</h3>\r\n\r\n<p>- C&ocirc;ng ty số 1 tại thị trường Tiếng Anh online Việt Nam. C&aacute;c sản phẩm chủ lực gồm Edupia v&agrave; Babilala l&agrave; hai chương tr&igrave;nh tiếng anh online chất lượng cao đ&atilde; c&oacute; thương hiệu mạnh tr&ecirc;n thị trường với 5 triệu người d&ugrave;ng , 500.000+ học vi&ecirc;n đang theo học tại Việt Nam v&agrave; Đ&ocirc;ng Nam &Aacute;. &nbsp;<br />\r\n- Mức thu nhập cao hơn 20 - 50% so với c&aacute;c c&ocirc;ng ty c&ugrave;ng ng&agrave;nh<br />\r\n- Lộ tr&igrave;nh thăng tiến nhanh: c&oacute; cơ hội được l&ecirc;n c&aacute;c vị tr&iacute; quan trọng sau 6 th&aacute;ng l&agrave;m việc<br />\r\n- M&ocirc;i trường l&agrave;m việc hấp dẫn, đề cao gi&aacute; trị tập thể v&agrave; t&ocirc;n trọng sự ph&aacute;t triển của mỗi c&aacute; nh&acirc;n.</p>\r\n\r\n<p><strong>* Chế độ ph&uacute;c lợi:&nbsp;</strong><br />\r\n- Mức lương: 10 - 15M c&ugrave;ng c&aacute;c mức thưởng hấp dẫn (thưởng năng suất, thưởng hiệu quả, thưởng s&aacute;ng kiến,...).<br />\r\n- Đ&aacute;nh gi&aacute; điều chỉnh tăng lương: 2 th&aacute;ng/ lần<br />\r\n- Được hưởng c&aacute;c chế độ theo quy định của Luật Lao động: bảo hiểm, nghỉ ph&eacute;p, nghỉ Lễ Tết,...<br />\r\n- Được đ&agrave;o tạo n&acirc;ng cao về kiến thức chuy&ecirc;n m&ocirc;n, nghiệp vụ từ c&aacute;c chuy&ecirc;n gia v&agrave; đối t&aacute;c lớn.<br />\r\n- Ph&uacute;c lợi hấp dẫn: sinh nhật, Lễ Tết, du lịch h&agrave;ng năm, hoạt động thể dục thể thao (b&oacute;ng đ&aacute;, bi-a, CLB EducaRun)...<br />\r\n- M&ocirc;i trường trẻ, cởi mở, năng động, ch&uacute; trọng v&agrave;o việc ph&aacute;t triển nh&acirc;n t&agrave;i &amp; lộ tr&igrave;nh thăng tiến r&otilde; r&agrave;ng.</p>\r\n\r\n<p>&nbsp;</p>\r\n\r\n<p>&nbsp;</p>', 'ke-toan-tien-luong', 10000000, 15000000, 'Full time', 1, 'Nhân viên', 'Trên 1 năm', '3', '2021-12-20 04:24:03', '2021-12-20 05:29:14', 1, 1, 1),
(249, 'Chuyên Viên Tư Vấn Tuyển Sinh', 71, 'images/images/61c005cf1f177-job-category-02.jpg', '2021-12-26', '<h3>M&ocirc; tả c&ocirc;ng việc</h3>\r\n\r\n<p>- Tư vấn tuyển sinh (li&ecirc;n quan đến c&aacute;c sản phẩm, dịch vụ, chương tr&igrave;nh học, lịch học v&agrave; c&aacute;c sự kiện tuyển sinh của C&ocirc;ng ty...)</p>\r\n\r\n<p>- T&igrave;m kiếm Kh&aacute;ch h&agrave;ng tiềm năng th&ocirc;ng qua c&aacute;c k&ecirc;nh đối t&aacute;c</p>\r\n\r\n<p>- Khảo s&aacute;t, nghi&ecirc;n cứu v&agrave; ph&acirc;n t&iacute;ch thị trường</p>\r\n\r\n<p>- Thực hiện c&aacute;c nhiệm vụ li&ecirc;n quan tới c&ocirc;ng t&aacute;c tuyển sinh của C&ocirc;ng ty</p>\r\n\r\n<p>- Hỗ trợ c&aacute;c sự kiện, hội thảo của C&ocirc;ng ty<br />\r\n- C&aacute;c c&ocirc;ng việc kh&aacute;c theo y&ecirc;u cầu của Trưởng bộ phận</p>\r\n\r\n<h3>Y&ecirc;u cầu ứng vi&ecirc;n</h3>\r\n\r\n<p>- C&oacute; từ 1 năm kinh nghiệm trở l&ecirc;n trong lĩnh vực Tư vấn tuyển sinh/ nh&acirc;n vi&ecirc;n kinh doanh/ tư vấn...</p>\r\n\r\n<p>- Kỹ năng Tin học văn ph&ograve;ng tốt</p>\r\n\r\n<p>- Nhanh nhẹn, năng động, ham học hỏi</p>\r\n\r\n<p>- Kỹ năng giao tiếp, thuyết phục tốt</p>\r\n\r\n<p>- Khả năng chịu &aacute;p lực c&ocirc;ng việc</p>\r\n\r\n<h3>Quyền lợi được hưởng</h3>\r\n\r\n<p><strong>* Tinh thần:&nbsp;</strong><br />\r\n- L&agrave;m việc trong m&ocirc;i trường start-up c&oacute; tốc độ tăng trưởng v&agrave; ph&aacute;t triển nhanh.<br />\r\n- Được chia sẻ cơ hội học tập chất lượng cao đến trẻ em to&agrave;n Việt Nam, hướng tới mục ti&ecirc;u &quot;chương tr&igrave;nh tiếng anh cho trẻ em phổ biến nhất Đ&ocirc;ng Nam &Aacute;&quot;<br />\r\n- M&ocirc;i trường l&agrave;m việc: Trẻ trung, năng động, kh&aacute;t vọng Go Global, tự do s&aacute;ng tạo, ch&uacute; trọng ph&aacute;t triển con người &amp; ph&aacute;t triển sự nghiệp của c&aacute;c th&agrave;nh vi&ecirc;n trong c&ocirc;ng ty.</p>\r\n\r\n<p><strong>* Chế độ ph&uacute;c lợi:&nbsp;</strong><br />\r\n- Lương cạnh tranh: 8-12M+ Hoa Hồng. Thu nhập cạnh tranh<br />\r\n- Định kỳ đ&aacute;nh gi&aacute; 02 th&aacute;ng/ lần.&nbsp;<br />\r\n- Cơ hội ph&aacute;t triển l&ecirc;n C&aacute;n bộ nguồn/ASM sau 2 th&aacute;ng thử th&aacute;ch.<br />\r\n- Lương th&aacute;ng 13, thưởng cuối năm theo kết quả kinh doanh chung của C&ocirc;ng ty.&nbsp;<br />\r\n- Được đ&oacute;ng BHXH đầy đủ theo luật lao động, nghỉ ph&eacute;p 12 ng&agrave;y/năm v&agrave; c&aacute;c ng&agrave;y lễ theo quy định chung<br />\r\n- Được đi du lịch hằng năm với địa điểm hấp dẫn, thường xuy&ecirc;n tổ chức c&aacute;c hoạt động team building gắn kết cộng đồng, c&aacute;c hoạt động vui chơi giải tr&iacute; cho nh&acirc;n vi&ecirc;n.<br />\r\n- Được tham gia c&aacute;c buổi li&ecirc;n hoan, sinh nhật h&agrave;ng th&aacute;ng, chương tr&igrave;nh gala cuối năm...<br />\r\n- Được thử sức trong một m&ocirc;i trường l&agrave;m việc trẻ trung, năng động với ch&iacute;nh s&aacute;ch đ&atilde;i ngộ tốt, c&oacute; nhiều cơ hội n&acirc;ng cao năng lực bản th&acirc;n v&agrave; tăng th&ecirc;m thu nhập. &quot;</p>', 'chuyen-vien-tu-van-tuyen-sinh', 10000000, 12000000, 'Full time', 3, 'Nhân viên', 'Dưới 1 năm', '3', '2021-12-20 04:25:51', '2021-12-20 05:28:45', 1, 14, 1),
(250, 'Graphic Designer', 71, 'images/images/61c0061e8040d-job-category-02.jpg', '2021-12-31', '<h3>M&ocirc; tả c&ocirc;ng việc</h3>\r\n\r\n<p>&bull; L&ecirc;n &yacute; tưởng v&agrave; thiết kế bộ sản phẩm Key visual phục vụ cho c&aacute;c chiến dịch truyền th&ocirc;ng, quảng c&aacute;o của Edupia&nbsp;<br />\r\n&bull; Xử l&yacute;, retouch h&igrave;nh ảnh th&ocirc; th&agrave;nh h&igrave;nh ảnh mẫu để sử dụng trong c&aacute;c sản phẩm thiết kế.&nbsp;<br />\r\n&bull; Nhận order c&aacute;c hạng mục thiết kế online/ offline từ c&aacute;c team Marketing Online: Hạng mục ch&iacute;nh bao gồm Landingpage, website, post Facebook v&agrave; một số hạng mục kh&aacute;c như banner GDN, banner b&aacute;o điện tử&hellip; Offline: Standee, backdrop, Salekit, vật phẩm POSM&hellip;&nbsp;<br />\r\n&bull; Thiết kế, kiếm so&aacute;t chất lượng về mặt giao diện của Landingpage. &nbsp;<br />\r\n&bull; Thực hiện c&aacute;c c&ocirc;ng việc chuy&ecirc;n m&ocirc;n kh&aacute;c theo y&ecirc;u cầu của Trưởng ph&ograve;ng Marketing.</p>\r\n\r\n<h3>Y&ecirc;u cầu ứng vi&ecirc;n</h3>\r\n\r\n<p>-Tốt nghiệp chuy&ecirc;n ng&agrave;nh đồ họa hoặc c&oacute; bằng cấp tương đương &nbsp;&nbsp;<br />\r\n- Sử dụng th&agrave;nh thạo After Effects, Adobe Premeire, Adobe Illustrator, Adobe Photoshop &nbsp;&nbsp;<br />\r\n- Ứng tuyển gửi CV đ&iacute;nh k&egrave;m portfolio &nbsp;&nbsp;<br />\r\n- Năng động, s&aacute;ng tạo, y&ecirc;u th&iacute;ch t&igrave;m t&ograve;i, nhạy b&eacute;n trong việc cập nhật th&ocirc;ng tin, c&aacute;c h&igrave;nh thức quảng c&aacute;o mới &nbsp;<br />\r\n- Chịu được &aacute;p lực c&ocirc;ng việc cao, c&oacute; khả năng quản l&yacute; thời gian tốt &nbsp;&nbsp;<br />\r\n- Tinh thần tr&aacute;ch nhiệm, cẩn thận, chủ động trong c&ocirc;ng việc</p>\r\n\r\n<h3>Quyền lợi được hưởng</h3>\r\n\r\n<p><strong>* Tinh thần:&nbsp;</strong></p>\r\n\r\n<p>- C&ocirc;ng ty số 1 tại thị trường Tiếng Anh online Việt Nam. C&aacute;c sản phẩm chủ lực gồm Edupia v&agrave; Babilala l&agrave; hai chương tr&igrave;nh tiếng anh online chất lượng cao đ&atilde; c&oacute; thương hiệu mạnh tr&ecirc;n thị trường với 5 triệu người d&ugrave;ng , 500.000+ học vi&ecirc;n đang theo học tại Việt Nam v&agrave; Đ&ocirc;ng Nam &Aacute;. &nbsp;<br />\r\n- Mức thu nhập cao hơn 20 - 50% so với c&aacute;c c&ocirc;ng ty c&ugrave;ng ng&agrave;nh<br />\r\n- Lộ tr&igrave;nh thăng tiến nhanh: c&oacute; cơ hội được l&ecirc;n c&aacute;c vị tr&iacute; quan trọng sau 6 th&aacute;ng l&agrave;m việc<br />\r\n- M&ocirc;i trường l&agrave;m việc hấp dẫn, đề cao gi&aacute; trị tập thể v&agrave; t&ocirc;n trọng sự ph&aacute;t triển của mỗi c&aacute; nh&acirc;n.</p>\r\n\r\n<p><strong>* Chế độ ph&uacute;c lợi:</strong></p>\r\n\r\n<p>- Lương thỏa thuận theo năng lực&nbsp;<br />\r\n- Lương th&aacute;ng 13<br />\r\n- Xem x&eacute;t n&acirc;ng lương: 6 th&aacute;ng/ lần.<br />\r\n- Được ph&aacute;t triển chuy&ecirc;n m&ocirc;n, kỹ năng, đề xuất &yacute; tưởng, n&acirc;ng cao kinh nghiệm<br />\r\n- Thưởng cuối năm theo kết quả kinh doanh,<br />\r\n- Thực hiện đầy đủ c&aacute;c chế độ theo Luật lao động v&agrave; BHXH hiện h&agrave;nh,<br />\r\n- 12 ng&agrave;y ph&eacute;p/ năm, nghỉ tất cả ng&agrave;y lễ theo quy định nh&agrave; nước,<br />\r\n- Sinh nhật, Party, Team Building,...<br />\r\n- M&ocirc;i trường l&agrave;m việc năng động, hỗ trợ v&agrave; c&ugrave;ng hướng tới mục ti&ecirc;u chung.</p>', 'graphic-designer', 10000000, 15000000, 'Full time', 1, 'Nhân viên', 'Trên 1 năm', '3', '2021-12-20 04:27:10', '2021-12-20 05:28:08', 1, 28, 1),
(251, 'Chuyên Viên Xây Dựng Bài Kiểm Tra, Đánh Giá', 71, 'images/images/61c006a8ab4f0-home-background-03.jpg', '2021-12-24', '<h3>M&ocirc; tả c&ocirc;ng việc</h3>\r\n\r\n<p>- Thiết kế b&agrave;i kiểm tra định kỳ, cuối kỳ, đ&aacute;nh gi&aacute; năng lực..cho c&aacute;c Chương tr&igrave;nh của Edupia.<br />\r\n- Phối hợp với c&aacute;c Bộ phận li&ecirc;n quan để chuyển h&oacute;a b&agrave;i Test qua Ứng dụng.<br />\r\n- X&acirc;y dựng quy tr&igrave;nh, quy chế thi; l&agrave;m việc với ph&ograve;ng ban li&ecirc;n quan tổ chức c&aacute;c k&igrave; thi cho c&aacute;c Chương tr&igrave;nh.<br />\r\n- Đ&aacute;nh gi&aacute; kết quả b&agrave;i thi để c&oacute; đề xuất cải tiến ph&ugrave; hợp cho B&agrave;i kiểm tra, Chương tr&igrave;nh.<br />\r\n- X&acirc;y dựng nội dung cho c&aacute;c cuộc thi tiếng Anh, kỹ năng, năng khiếu... của Học sinh của Edupia.<br />\r\n- R&agrave; so&aacute;t, nghi&ecirc;n cứu, đề nghị, v&agrave; chỉnh sửa c&aacute;c b&agrave;i đ&aacute;nh gi&aacute; hiện tại trong Chương tr&igrave;nh của Edupia.<br />\r\n- C&aacute;c c&ocirc;ng việc kh&aacute;c được giao bởi Gi&aacute;m đốc Khảo th&iacute;. &nbsp;</p>\r\n\r\n<h3>Y&ecirc;u cầu ứng vi&ecirc;n</h3>\r\n\r\n<p>- Tốt nghiệp Đại học c&aacute;c chuy&ecirc;n ngh&agrave;nh Sư phạm, Ng&ocirc;n ngữ Anh, hoặc c&aacute;c Chương tr&igrave;nh đ&agrave;o tạo Quốc Tế.<br />\r\n- C&oacute; &iacute;t nhất 1 năm kinh nghiệm trong lĩnh vực R&amp;D c&aacute;c Chương tr&igrave;nh đ&agrave;o tạo, đặc biệt thiết kế c&aacute;c B&agrave;i kiểm tra đ&aacute;nh gi&aacute; năng lực theo thang năng lực CEFR<br />\r\n- C&oacute; kỹ năng nghi&ecirc;n cứu v&agrave; ph&acirc;n t&iacute;ch dữ liệu&nbsp;<br />\r\n- C&oacute; kỹ năng lập kế hoạch v&agrave; ho&agrave;n th&agrave;nh c&ocirc;ng việc theo tiến độ đ&atilde; đề ra<br />\r\n- C&oacute; kỹ năng tư duy Logic v&agrave; l&acirc;p quy tr&igrave;nh<br />\r\n- C&oacute; &iacute;t nh&acirc;t 1 năm kinh nghiệm giảng dạy c&aacute;c Chương tr&igrave;nh cho lứa tuổi Mầm non, Tiểu học, THCS.&nbsp;<br />\r\n- C&oacute; kinh nghiệm l&agrave;m việc với c&aacute;c CT đ&agrave;o tạo trực tuyến hoặc App l&agrave; một lợi thế.&nbsp;</p>\r\n\r\n<h3>Quyền lợi được hưởng</h3>\r\n\r\n<p>- L&agrave;m việc tại c&ocirc;ng ty số 1 tại thị trường Tiếng Anh online Việt Nam. C&aacute;c sản phẩm chủ lực gồm Edupia v&agrave; Babilala l&agrave; hai chương tr&igrave;nh tiếng anh online chất lượng cao đ&atilde; c&oacute; thương hiệu mạnh tr&ecirc;n thị trường với 5 triệu người d&ugrave;ng , 500.000+ học vi&ecirc;n đang theo học tại Việt Nam v&agrave; Đ&ocirc;ng Nam &Aacute;. &nbsp;<br />\r\n- Mức thu nhập cao hơn 20 - 50% so với c&aacute;c c&ocirc;ng ty c&ugrave;ng ng&agrave;nh<br />\r\n- Lộ tr&igrave;nh thăng tiến nhanh: c&oacute; cơ hội được l&ecirc;n c&aacute;c vị tr&iacute; quan trọng sau 6 th&aacute;ng l&agrave;m việc<br />\r\n- M&ocirc;i trường l&agrave;m việc hấp dẫn, đề cao gi&aacute; trị tập thể v&agrave; t&ocirc;n trọng sự ph&aacute;t triển của mỗi c&aacute; nh&acirc;n.&nbsp;<br />\r\n- Lương th&aacute;ng 13, thưởng cuối năm theo kết quả kinh doanh chung của C&ocirc;ng ty.&nbsp;<br />\r\n- Du lịch hằng năm với địa điểm hấp dẫn, thường xuy&ecirc;n tổ chức c&aacute;c hoạt động team building gắn kết cộng đồng, c&aacute;c hoạt động vui chơi giải tr&iacute; cho nh&acirc;n vi&ecirc;n. &nbsp; &nbsp; &nbsp; &nbsp;&nbsp;</p>', 'chuyen-vien-xay-dung-bai-kiem-tra-danh-gia', 10000000, 15000000, 'Full time', 1, 'Nhân viên', 'Trên 1 năm', '3', '2021-12-20 04:29:28', '2021-12-20 05:27:16', 1, 23, 1),
(252, 'Nhân Viên Kiểm Thử - Tester', 71, 'images/images/61c007360cf12-quote_bg.jpg', '2021-12-27', '<h3>M&ocirc; tả c&ocirc;ng việc</h3>\r\n\r\n<p>- Nghi&ecirc;n cứu, ph&acirc;n t&iacute;ch y&ecirc;u cầu.<br />\r\n- Test web v&agrave; ứng dụng mobile.<br />\r\n- Viết t&agrave;i liệu cho sản phẩm.<br />\r\n- Theo d&otilde;i, tổng hợp v&agrave; b&aacute;o c&aacute;o kế hoạch ph&aacute;t triển, test.<br />\r\n- Thực hiện test v&agrave; phối hợp với developer fix bugs.</p>\r\n\r\n<h3>Y&ecirc;u cầu ứng vi&ecirc;n</h3>\r\n\r\n<p>- Kinh nghiệm từ 6 th&aacute;ng trở l&ecirc;n<br />\r\n- C&oacute; khả năng giao tiếp, ph&acirc;n t&iacute;ch v&agrave; tr&igrave;nh b&agrave;y c&aacute;c vấn đề nghiệp vụ.<br />\r\n- Hiểu biết về quy tr&igrave;nh test, kỹ thuật v&agrave; chiến lược test sản phẩm.<br />\r\n- Biết ph&acirc;n t&iacute;ch, lập kế hoạch.<br />\r\n- Chủ động, c&oacute; tr&aacute;ch nhiệm, c&oacute; khả năng l&agrave;m việc độc lập v&agrave; l&agrave;m việc nh&oacute;m.<br />\r\n- Chịu được &aacute;p lực cao trong c&ocirc;ng việc.</p>\r\n\r\n<h3>Quyền lợi được hưởng</h3>\r\n\r\n<p>- Thu nhập cạnh tranh<br />\r\n- Được l&agrave;m việc trong m&ocirc;i trường Startup năng động, trẻ trung;<br />\r\n- Được học hỏi, tiếp cận c&ocirc;ng nghệ mới v&agrave; coaching trực tiếp từ CTO<br />\r\n- Định kỳ đ&aacute;nh gi&aacute; năng lực 2 lần/năm&nbsp;<br />\r\n- Thưởng th&aacute;ng 13, thưởng cuối năm theo kết quả kinh doanh chung của C&ocirc;ng ty.&nbsp;<br />\r\n- BHXH đầy đủ theo luật lao động, nghỉ ph&eacute;p 12 ng&agrave;y/năm v&agrave; c&aacute;c ng&agrave;y lễ theo quy định chung<br />\r\n- M&ocirc;i trường l&agrave;m việc trẻ trung, năng động, nh&acirc;n văn v&agrave; văn minh.&nbsp;<br />\r\n- Du lịch h&agrave;ng năm, teambuilding v&agrave; c&aacute;c hoạt động văn ho&aacute; doanh nghiệp s&ocirc;i nổi.</p>', 'nhan-vien-kiem-thu-tester', 9000000, 15000000, 'Full time', 1, 'Nhân viên', 'Trên 1 năm', '3', '2021-12-20 04:31:50', '2021-12-20 05:26:28', 1, 4, 1),
(253, 'Web Developers ( PHP , Html5, Css, MySQL)', 57, 'images/images/61c01d3da56b8-imager_77660.jpg', '2021-12-31', '<h3>M&ocirc; tả c&ocirc;ng việc</h3>\r\n\r\n<ul>\r\n	<li>Tham gia v&agrave;o c&aacute;c dự &aacute;n ph&aacute;t triển phần mềm từ c&aacute;c kh&aacute;ch h&agrave;ng của c&ocirc;ng ty sau qu&aacute; tr&igrave;nh đ&agrave;o tạo</li>\r\n	<li>Nghi&ecirc;n cứu ph&aacute;t triển c&ocirc;ng nghệ mới</li>\r\n	<li>Thực hiện c&aacute;c task theo y&ecirc;u cầu&nbsp;</li>\r\n</ul>\r\n\r\n<h3>Y&ecirc;u cầu ứng vi&ecirc;n</h3>\r\n\r\n<ul>\r\n	<li>L&agrave; sinh vi&ecirc;n năm cuối hoặc đ&atilde; tốt nghiệp chuy&ecirc;n ng&agrave;nh CNTT, C&ocirc;ng ngh&ecirc;̣ ph&acirc;̀n m&ecirc;̀m, Khoa học máy tính,&hellip;tại c&aacute;c trường Đại Học. Sinh vi&ecirc;n tại c&aacute;c trung t&acirc;m đ&agrave;o tạo lập tr&igrave;nh</li>\r\n	<li>Nắm vững kiến thức về lập tr&igrave;nh v&agrave; mong muốn ph&aacute;t triển ở ng&ocirc;n ngữ: PHP</li>\r\n	<li>Đi làm được Full time (Thứ 2 &ndash; Thứ 6).</li>\r\n	<li>Y&ecirc;u th&iacute;ch c&ocirc;ng việc lập tr&igrave;nh, c&oacute; tư duy logic tốt, th&aacute;i độ cầu tiến, ham học hỏi, c&oacute; khả năng tự học.</li>\r\n</ul>\r\n\r\n<p>Ưu ti&ecirc;n</p>\r\n\r\n<ul>\r\n	<li>Đ&atilde; tham gia l&agrave;m đồ &aacute;n tại trường/ dự &aacute;n nh&oacute;m/ c&aacute;c dự &aacute;n thực tế</li>\r\n	<li>C&oacute; kinh nghiệm thực tập tại c&aacute;c c&ocirc;ng ty IT</li>\r\n	<li>C&oacute; ngoại ngữ tiếng Anh hoặc tiếng Nhật</li>\r\n	<li>C&oacute; th&agrave;nh t&iacute;ch học tập nổi bật, đạt giải trong c&aacute;c cuộc thi c&oacute; li&ecirc;n quan đến lập tr&igrave;nh,....</li>\r\n</ul>\r\n\r\n<h3>Quyền lợi</h3>\r\n\r\n<ul>\r\n	<li>Tham gia chương tr&igrave;nh đ&agrave;o tạo Fresher tại HBLAB, bạn sẽ được trải nghiệm lộ tr&igrave;nh đ&agrave;o tạo b&agrave;i bản c&ugrave;ng cơ hội tham gia dự &aacute;n thực tế:</li>\r\n</ul>\r\n\r\n<p>&nbsp; &nbsp; &nbsp; &nbsp; &nbsp;1. Đ&agrave;o tạo kỹ năng chuy&ecirc;n m&ocirc;n, được tối ưu ho&aacute; ph&ugrave; hợp với m&ocirc;i trường c&ocirc;ng ty, dưới sự đồng h&agrave;nh của instructor v&agrave; c&aacute;c huấn luyện vi&ecirc;n chuy&ecirc;n m&ocirc;n.</p>\r\n\r\n<p>&nbsp; &nbsp; &nbsp; &nbsp; &nbsp;2. Đ&agrave;o tạo kỹ năng mềm: kỹ năng giao tiếp, thuyết tr&igrave;nh, kỹ năng l&ecirc;n kế hoạch v&agrave; giải quyết vấn đề, kỹ năng tư duy, v.v..</p>\r\n\r\n<p>&nbsp; &nbsp; &nbsp; &nbsp; &nbsp;3. Đ&agrave;o tạo t&aacute;c phong, ứng xử v&agrave; quy c&aacute;ch l&agrave;m việc trong team dự &aacute;n mang đặc th&ugrave; Nhật Bản.</p>\r\n\r\n<ul>\r\n	<li>Trợ cấp đ&agrave;o tạo l&ecirc;n tới 5tr/học vi&ecirc;n</li>\r\n	<li>Sau kho&aacute; đ&agrave;o tạo sẽ được tuyển lựa về trực tiếp c&aacute;c bộ phận sản xuất, trực tiếp tham gia ph&aacute;t triển những dự &aacute;n lớn từ kh&aacute;ch h&agrave;ng Nhật, được l&agrave;m việc, học hỏi v&agrave; ph&aacute;t triển c&ugrave;ng đồng nghiệp l&agrave; những kỹ sư trẻ t&agrave;i năng, đầy đam m&ecirc; v&agrave; nhiệt huyết</li>\r\n	<li>Mức lương upto 10tr sau đ&agrave;o tạo + thưởng hiệu suất c&ocirc;ng việc v&agrave; hưởng đầy đủ chế độ quyền lợi</li>\r\n	<li>Cơ hội l&agrave;m việc tại Nhật Bản</li>\r\n</ul>\r\n\r\n<p>V&igrave; sao bạn y&ecirc;u th&iacute;ch l&agrave;m việc tại HBLAB</p>\r\n\r\n<ul>\r\n	<li>L&agrave;m việc c&ugrave;ng những đồng nghiệp trẻ t&agrave;i năng, đầy đam m&ecirc; v&agrave; nhiệt huyết.</li>\r\n	<li>M&ocirc;i trường thoải m&aacute;i, năng động, chuy&ecirc;n nghiệp</li>\r\n	<li>L&atilde;nh đạo quan t&acirc;m mọi mặt tới nh&acirc;n vi&ecirc;n</li>\r\n	<li>Được tư vấn v&agrave; định hướng về career-path r&otilde; r&agrave;ng.</li>\r\n	<li>Được chăm lo đ&agrave;o tạo kỹ năng mềm, c&aacute;c kỹ năng quản l&yacute; dự &aacute;n, quản l&yacute; chất lượng.</li>\r\n	<li>Cơ hội tiếp cận v&agrave; nắm bắt c&aacute;c xu hướng c&ocirc;ng nghệ (AI, IoT, VR, AR &hellip;).</li>\r\n</ul>\r\n\r\n<p>&nbsp;</p>\r\n\r\n<p>&nbsp;</p>', 'web-developers-php-html5-css-mysql', 5000000, 7000000, 'Full time', 2, 'Nhân viên', 'Dưới 1 năm', '3', '2021-12-20 06:05:49', '2021-12-20 06:08:28', 1, 4, 79),
(254, 'Wordpress Developer', 57, 'images/images/61c01ebbcbf5f-cong-nghe-thong-tin-la-gi-tn.jpg', '2022-01-12', '<h3>M&ocirc; tả c&ocirc;ng việc</h3>\r\n\r\n<p>- Ph&aacute;t triển c&aacute;c website thương mại điện tử, b&aacute;n h&agrave;ng, giới thiệu doanh nghiệp... dựa tr&ecirc;n c&aacute;c nền tảng PHP &amp; WordPress.</p>\r\n\r\n<p>- Tham gia ph&acirc;n t&iacute;ch, thiết kế, đ&aacute;nh gi&aacute; v&agrave; cải tiến c&aacute;c chức năng của hệ thống.</p>\r\n\r\n<p>- Phối hợp v&agrave; hỗ trợ bộ phận thiết kế (Design) của C&ocirc;ng ty để tối ưu giao diện Website, tối ưu hiển thị cho c&aacute;c sản phẩm website do c&ocirc;ng ty thiết kế v&agrave; x&acirc;y dựng tr&ecirc;n c&aacute;c phi&ecirc;n bản Web (PC/Mobile design, responsive design)</p>\r\n\r\n<p>- Thực hiện c&aacute;c y&ecirc;u cầu c&ocirc;ng việc kh&aacute;c li&ecirc;n quan tới lập tr&igrave;nh</p>\r\n\r\n<h3>Y&ecirc;u cầu ứng vi&ecirc;n</h3>\r\n\r\n<p><strong>- Kinh nghiệm lập tr&igrave;nh website với PHP &amp; MySQL</strong></p>\r\n\r\n<p>- Kiến thức về hệ thống m&atilde; nguồn mở WordPress, WooCommerce</p>\r\n\r\n<p>- Kinh nghiệm lập tr&igrave;nh plugin chức năng cho WordPress</p>\r\n\r\n<p>- Kiến thức tốt về HTML/CSS, kỹ năng d&agrave;n layout bằng DIV + CSS</p>\r\n\r\n<p>- Kiến thức tốt về Web standards v&agrave; kỹ năng viết code HTML/CSS tu&acirc;n thủ theo chuẩn W3C, đảm bảo website chạy tốt tr&ecirc;n c&aacute;c tr&igrave;nh duyệt</p>\r\n\r\n<p>- Kinh nghiệm về AJAX, JS/Jquery, Bootstraps</p>\r\n\r\n<p>- Khả năng l&agrave;m việc độc lập v&agrave; l&agrave;m việc theo nh&oacute;m</p>\r\n\r\n<p>- Y&Ecirc;U NGHỀ lập tr&igrave;nh, tư duy tốt, ham học hỏi</p>\r\n\r\n<h3>Quyền lợi</h3>\r\n\r\n<p>- L&agrave;m việc trong m&ocirc;i trường năng động, chuy&ecirc;n nghiệp c&oacute; nhiều cơ hội thăng tiến.</p>\r\n\r\n<p><strong>- Mức lương: Thoả thuận</strong></p>\r\n\r\n<p>- Thời gian l&agrave;m việc linh hoạt, nghỉ T7 v&agrave; Chủ nhật</p>\r\n\r\n<p>- Cung cấp trang thiết bị đầy đủ để phục vụ c&ocirc;ng việc.</p>\r\n\r\n<p>- Được đ&oacute;ng BHXH, BHYT, BHTN.</p>\r\n\r\n<p>- Được hưởng c&aacute;c ch&iacute;nh s&aacute;ch ph&uacute;c lợi theo quy định của c&ocirc;ng ty.</p>\r\n\r\n<p>- Được đ&agrave;o tạo, n&acirc;ng cao nghiệp vụ thường xuy&ecirc;n.</p>', 'wordpress-developer', 5000000, 8000000, 'Full time', 2, 'Nhân viên', 'Trên 1 năm', '3', '2021-12-20 06:12:11', '2021-12-20 06:12:11', 1, 4, 1);
INSERT INTO `blogs` (`id`, `title`, `user_recruitment_id`, `image`, `deadline`, `detail`, `slug`, `salary_min`, `salary_max`, `working_time`, `quantity`, `position`, `exp`, `gender`, `created_at`, `updated_at`, `enable`, `cate_id`, `location_id`) VALUES
(255, 'Java Backend Developer (Lập Trình Viên Backend - Java)', 57, 'images/images/61c01f8e29cca-3d765325ae135e1fcc4b3d1e130f794b.jpg', '2022-01-07', '<h3>M&ocirc; tả c&ocirc;ng việc</h3>\r\n\r\n<p>- Tham gia thiết kế, ph&aacute;t triển chức năng, tối ưu h&oacute;a hiệu suất cho c&aacute;c sản phẩm dự &aacute;n trong, ngo&agrave;i nước v&agrave; c&aacute;c sản phẩm của c&ocirc;ng ty</p>\r\n\r\n<p>- Nghi&ecirc;n cứu c&aacute;c c&ocirc;ng nghệ mới</p>\r\n\r\n<p>- Phối hợp c&ugrave;ng c&aacute;c th&agrave;nh vi&ecirc;n kh&aacute;c ho&agrave;n th&agrave;nh tiến độ c&ocirc;ng việc</p>\r\n\r\n<h3>Y&ecirc;u cầu ứng vi&ecirc;n</h3>\r\n\r\n<p>- C&oacute; kinh nghiệm về Java</p>\r\n\r\n<p>- C&oacute; kinh nghiệm sử dụng một trong c&aacute;c framework: Spring, Struts, Hibernate,&hellip;</p>\r\n\r\n<p>- C&oacute; kiến thức v&agrave; kinh nghiệm về: OOP, Design Pattern, Web service (RESTful, SOAP).</p>\r\n\r\n<p>- C&oacute; kinh nghiệm sử dụng một trong c&aacute;c hệ CSDL: Oracle, MySQL, PostgreSQL, ...</p>\r\n\r\n<p>- C&oacute; kinh nghiệm về Log framework (Logback, Log4j, ..)</p>\r\n\r\n<p>- Những hiểu biết sau l&agrave; một lợi thế:</p>\r\n\r\n<p>&nbsp;. CI/CD: Docker, Jenkins</p>\r\n\r\n<p>&nbsp;. Xử l&yacute; caching, Message Queuing</p>\r\n\r\n<p>&nbsp;. Docker, Kubernetes, Rancher.</p>\r\n\r\n<h3>Quyền lợi</h3>\r\n\r\n<p>- Quyền lợi d&agrave;nh ri&ecirc;ng cho nh&acirc;n sự onjob v&agrave;o th&aacute;ng 12.2021 v&agrave; 1.2022:</p>\r\n\r\n<p>Thử việc 100% lương</p>\r\n\r\n<p>&nbsp;Signing bonus l&ecirc;n tới 30 triệu đồng</p>\r\n\r\n<p>- Phỏng vấn trước, nh&acirc;n việc sau Tết</p>\r\n\r\n<p>- Thu nhập: lương + Thưởng c&ocirc;ng việc + thưởng dự &aacute;n</p>\r\n\r\n<p>-&nbsp;Đ&atilde;i ngộ lương cứng hấp dẫn l&ecirc;n tới 35 triệu/th&aacute;ng (tuỳ theo năng lực v&agrave; kinh nghiệm)</p>\r\n\r\n<p>- G&oacute;i thu nhập: 14 &ndash; 16 th&aacute;ng lương/năm</p>\r\n\r\n<p>- Được hướng dẫn v&agrave; đ&agrave;o tạo từ những người gi&agrave;u kinh nghiệm trong lĩnh vực</p>\r\n\r\n<p>- 12 ng&agrave;y nghỉ ph&eacute;p hưởng lương</p>\r\n\r\n<p>- Thưởng ng&agrave;y lễ, Tết; ph&uacute;c lợi ng&agrave;y sinh nhật</p>\r\n\r\n<p>- Lương th&aacute;ng thứ 13, thưởng hiệu suất</p>\r\n\r\n<p>- Tự chủ về c&ocirc;ng nghệ đối với c&aacute;c dự &aacute;n kh&ocirc;ng y&ecirc;u cầu về nền tảng sử dụng</p>\r\n\r\n<p>- Cơ hội thăng tiến v&agrave; ph&aacute;t triển nghề nghiệp;</p>\r\n\r\n<p>- M&ocirc;i trường l&agrave;m việc trẻ, chuy&ecirc;n nghiệp v&agrave; năng động;</p>\r\n\r\n<p>- Được đ&oacute;ng BHXH, BHYT v&agrave; hưởng c&aacute;c quyền lợi của người lao động đ&uacute;ng theo ph&aacute;p luật của nh&agrave; nước</p>\r\n\r\n<p>- Được tham gia du lịch, vui chơi, giải tr&iacute; v&agrave; c&aacute;c hoạt động x&atilde; hội m&agrave; c&ocirc;ng ty tổ chức</p>\r\n\r\n<p>- Thời gian: 08:30 AM - 18:00PM c&aacute;c ng&agrave;y trong tuần, nghỉ thứ 7 CN</p>', 'java-backend-developer-lap-trinh-vien-backend-java', 10000000, 35000000, 'Full time', 15, 'Nhân viên', 'Không yêu cầu', '3', '2021-12-20 06:15:42', '2021-12-20 06:15:42', 1, 4, 1),
(256, 'Lập Trình Viên Back-End', 57, 'images/images/61c02001e6137-tu-vung-cong-nghe-thong-tin-1-700x366.jpg', '2022-01-23', '<h3>M&ocirc; tả c&ocirc;ng việc</h3>\r\n\r\n<p>- Tham gia v&agrave;o to&agrave;n bộ v&ograve;ng đời của ứng dụng / hệ thống;</p>\r\n\r\n<p>- Thực hiện c&aacute;c sản phẩm web tr&ecirc;n nhiều nền tảng kh&aacute;c nhau, từ client đến server, cho cả hệ thống;</p>\r\n\r\n<p>- Bảo tr&igrave;, mở rộng website / hệ thống hiện c&oacute; của c&ocirc;ng ty v&agrave; ph&aacute;t triển c&aacute;c ứng dụng chức năng mới;</p>\r\n\r\n<p>- Ph&acirc;n t&iacute;ch t&iacute;nh năng, thiết kế cấu tr&uacute;c data, l&agrave;m report data theo y&ecirc;u cầu;</p>\r\n\r\n<p>- Phối hợp với Front-end để t&iacute;ch hợp c&aacute;c yếu tố người d&ugrave;ng tương th&iacute;ch với ph&iacute;a server;</p>\r\n\r\n<p>- C&aacute;c c&ocirc;ng việc kh&aacute;c theo sự ph&acirc;n c&ocirc;ng của cấp tr&ecirc;n khi c&oacute; y&ecirc;u cầu.<br />\r\n&nbsp;</p>\r\n\r\n<h3>Y&ecirc;u cầu ứng vi&ecirc;n</h3>\r\n\r\n<p>- Quen thuộc với C#, .NET Core Framework, Entity Framework;</p>\r\n\r\n<p>- C&oacute; kinh nghiệm về ph&acirc;n t&iacute;ch thiết kế database sử dụng SQL server ( hoặc c&aacute;c tr&igrave;nh quản trị cơ sở dữ liệu kh&aacute;c);</p>\r\n\r\n<p>- Biết về microservice v&agrave; scalling, Git v&agrave; GitFlow;</p>\r\n\r\n<p>- Biết phương ph&aacute;p l&agrave;m việc Agile/Scrum;</p>\r\n\r\n<p>- C&oacute; khả năng tự ph&acirc;n t&iacute;ch v&agrave; giải quyết vấn đề;</p>\r\n\r\n<p>- C&oacute; khả năng đọc hiểu v&agrave; nghi&ecirc;n cứu t&agrave;i liệu tiếng Anh;</p>\r\n\r\n<p>- Chủ động v&agrave; tr&aacute;ch nhiệm trong c&ocirc;ng việc;<br />\r\n&nbsp;</p>\r\n\r\n<h3>Quyền lợi</h3>\r\n\r\n<p>- Lương thỏa thuận theo năng lực;</p>\r\n\r\n<p>- Ch&iacute;nh s&aacute;ch thưởng KPI, thưởng dự &aacute;n, Lễ/Tết, thưởng năm;</p>\r\n\r\n<p>- Bảo hiểm v&agrave; c&aacute;c chế độ đ&atilde;i ngộ kh&aacute;c theo quy định khi k&yacute; Hợp đồng lao động ch&iacute;nh thức;</p>\r\n\r\n<p>- Được trang bị phương tiện l&agrave;m việc;</p>\r\n\r\n<p>- Sinh nhật, hiếu, hỉ, nghỉ m&aacute;t định kỳ theo chế độ C&ocirc;ng ty;</p>\r\n\r\n<p>- Thể dục thể thao n&acirc;ng cao sức khỏe;</p>\r\n\r\n<p>- Được tạo điều kiện v&agrave; hỗ trợ chi ph&iacute; tham gia c&aacute;c kh&oacute;a học n&acirc;ng cao kiến thức, kỹ năng chuy&ecirc;n m&ocirc;n theo ch&iacute;nh s&aacute;ch Đ&agrave;o tạo của C&ocirc;ng ty;</p>\r\n\r\n<p>- L&agrave;m việc trong m&ocirc;i trường trẻ trung, năng động theo kiểu team work,&hellip; tạo điều kiện cho nh&acirc;n vi&ecirc;n ph&aacute;t huy tốt nhất năng lực c&aacute; nh&acirc;n.</p>', 'lap-trinh-vien-back-end', 7000000, 13000000, 'Full time', 2, 'Nhân viên', 'Dưới 1 năm', '3', '2021-12-20 06:17:37', '2021-12-20 06:17:37', 1, 4, 79),
(257, 'Lập Trình Game 2D', 57, 'images/images/61c0206eb2f4d-hinh-nen-powerpoint-cong-nghe-thong-tin-258354ae13b87b_82d8a90ed39cc54817a4dde8cd978b6a.jpg', '2021-10-19', '<h3>M&ocirc; tả c&ocirc;ng việc</h3>\r\n\r\n<p>- Sử dụng Unity hoặc c&aacute;c c&ocirc;ng cụ phổ biến kh&aacute;c để ph&aacute;t triển game 2D tr&ecirc;n nền tảng Android, IOS, Web.</p>\r\n\r\n<p>- Lập tr&igrave;nh cho Game dựa tr&ecirc;n kịch bản Game c&oacute; sẵn.</p>\r\n\r\n<p>- Phối hợp với c&aacute;c team trong dự &aacute;n để x&acirc;y dựng Game</p>\r\n\r\n<p>- Đ&oacute;ng g&oacute;p &yacute; tưởng, Sửa lỗi v&agrave; cải tiến t&iacute;nh năng để thu h&uacute;t người chơi.</p>\r\n\r\n<p>- Ph&acirc;n c&ocirc;ng c&ocirc;ng việc, theo d&otilde;i tiến độ c&ocirc;ng việc cho c&aacute;c th&agrave;nh vi&ecirc;n trong team</p>\r\n\r\n<h3>Y&ecirc;u cầu ứng vi&ecirc;n</h3>\r\n\r\n<p>- C&oacute; kinh nghiệm &iacute;t nhất 2 năm lập tr&igrave;nh Game bằng Unity hoặc c&aacute;c c&ocirc;ng cụ phổ biến kh&aacute;c</p>\r\n\r\n<p>- Th&agrave;nh thạo một trong c&aacute;c ng&ocirc;n ngữ lập tr&igrave;nh phổ biến hiện nay.</p>\r\n\r\n<p>- C&oacute; kinh nghiệm lập tr&igrave;nh Game NFT l&agrave; một lợi thế</p>\r\n\r\n<p>- Nắm được c&aacute;c nguy&ecirc;n l&yacute; cơ bản về lập tr&igrave;nh, test lỗi&hellip;&hellip;&hellip;&hellip;&hellip;</p>\r\n\r\n<p>- Y&ecirc;u th&iacute;ch Game, đam m&ecirc; lập tr&igrave;nh Game, tư duy logic. đặc biệt c&oacute; hiểu biết về Blockchain l&agrave; một lợi thế</p>\r\n\r\n<p>- Đ&atilde; c&oacute; sản phẩm của c&aacute; nh&acirc;n hoặc c&oacute; kinh nghiệm l&agrave;m leader team lập tr&igrave;nh đưa sản phẩm l&ecirc;n store google, apple.</p>\r\n\r\n<p>- Năng động, s&aacute;ng tạo, tinh thần tr&aacute;ch nhiệm cao, đương đầu với thử th&aacute;ch, ham học hỏi.</p>\r\n\r\n<p>- Giờ h&agrave;nh ch&iacute;nh (09:00 - 18:00)</p>\r\n\r\n<h3>Quyền lợi</h3>\r\n\r\n<p>- Mức lương khỏi điểm hấp dẫn tuỳ thuộc v&agrave;o năng lực: Từ 30 triệu đến 60 triệu</p>\r\n\r\n<p>- Tham gia x&acirc;y dựng game từ giai đoạn đầu ti&ecirc;n của dự &aacute;n.</p>\r\n\r\n<p>- Ch&iacute;nh s&aacute;ch thưởng token sau khi tr&ograve; chơi ph&aacute;t h&agrave;nh.</p>\r\n\r\n<p>- Thưởng: lương th&aacute;ng 13, thưởng hiệu quả c&ocirc;ng việc, thưởng n&oacute;ng, thưởng th&agrave;nh t&iacute;ch, tiệc c&ocirc;ng ty&hellip;&hellip;..theo qui định của c&ocirc;ng ty</p>\r\n\r\n<p>- Tham gia BHXH</p>\r\n\r\n<p>- Ngo&agrave;i ra c&ograve;n nhiều ph&uacute;c lợi kh&aacute;c.&quot;</p>', 'lap-trinh-game-2d', 30000000, 60000000, 'Full time', 1, 'Nhân viên', 'Trên 1 năm', '3', '2021-12-20 06:19:26', '2021-12-20 06:40:49', 1, 4, 79),
(258, '.Net Backend Developer (Net Core)', 57, 'images/images/61c0210f275dd-tu-vung-cong-nghe-thong-tin.jpg', '2022-01-23', '<h3>M&ocirc; tả c&ocirc;ng việc</h3>\r\n\r\n<ul>\r\n	<li>Tham gia c&aacute;c dự &aacute;n ph&aacute;t triển phần mềm tr&ecirc;n nền tảng .NET, C#&hellip;</li>\r\n	<li>Nghi&ecirc;n cứu Frameworks, kiến tr&uacute;c hệ thống phần mềm khối t&agrave;i ch&iacute;nh doanh nghiệp/ thương mại.</li>\r\n	<li>.NET, Frameworks để ph&aacute;t triển chương tr&igrave;nh cho dự &aacute;n ERP. (C#)</li>\r\n	<li>Ph&acirc;n t&iacute;ch v&agrave; thiết kế chương tr&igrave;nh</li>\r\n	<li>Ph&aacute;t triển chương tr&igrave;nh ERP, ph&aacute;t triển chương tr&igrave;nh t&ugrave;y biến</li>\r\n	<li>Kiểm tra chương tr&igrave;nh v&agrave; sửa lỗi chương tr&igrave;nh</li>\r\n	<li>Bảo tr&igrave; chương tr&igrave;nh kh&aacute;ch h&agrave;ng</li>\r\n	<li>Cung cấp đ&agrave;o tạo ph&aacute;t triển v&agrave; tư vấn ERP.</li>\r\n</ul>\r\n\r\n<h3>Y&ecirc;u cầu ứng vi&ecirc;n</h3>\r\n\r\n<ul>\r\n	<li>C&oacute; &iacute;t nhất 01 năm kinh nghiệm trở l&ecirc;n</li>\r\n	<li>C&oacute; kiến thức về một trong c&aacute;c ng&ocirc;n ngữ lập tr&igrave;nh .NET (C#), TSQL, Java</li>\r\n	<li>C&oacute; kiến thức lập tr&igrave;nh &iacute;t nhất một trong c&aacute;c nền tảng sau: Web API, Services</li>\r\n	<li>C&oacute; kiến thức về hệ quản trị CSDL: MySQL, SQL Server</li>\r\n	<li>C&oacute; kiến thức về lập tr&igrave;nh web (HTML5, javascript, CSS)</li>\r\n</ul>\r\n\r\n<h3>Quyền lợi</h3>\r\n\r\n<ul>\r\n	<li>Mức thu nhập hấp dẫn thỏa thuận theo năng lực v&agrave; c&aacute;c khoản phụ cấp (ăn trưa, gửi xe)</li>\r\n	<li>Tham gia c&aacute;c &aacute;c hoạt động của c&ocirc;ng ty như: team building, annual trips, barbecues, &hellip;</li>\r\n	<li>Được hưởng đầy đủ c&aacute;c quyền lợi theo luật lao động, nghỉ ph&eacute;p, được tham gia đ&oacute;ng BHXH, BHYT</li>\r\n	<li>Thưởng v&agrave;o c&aacute;c ng&agrave;y lễ tết 30/04, 01/05, 08/03, tết &acirc;m lịch, dương lịch v&agrave; lương th&aacute;ng thứ 13</li>\r\n	<li>Được hưởng c&aacute;c ch&iacute;nh s&aacute;ch, ưu đ&atilde;i về dịch vụ của Tập đo&agrave;n đối với nh&acirc;n vi&ecirc;n như mua nh&agrave;, mua sắm S&rsquo;Mart, S&rsquo;Cafe, học tập S&rsquo;School, nghỉ dưỡng, chăm s&oacute;c sức khỏe, đi lại&hellip;.</li>\r\n	<li>Được l&agrave;m việc trong c&aacute;c hệ thống ứng dụng lớn v&agrave; ti&ecirc;n tiến</li>\r\n	<li>Tham gia v&agrave;o si&ecirc;u dự &aacute;n của Tập đo&agrave;n, ti&ecirc;n phong ứng dụng c&ocirc;ng nghệ 4.0</li>\r\n	<li>Trở th&agrave;nh một trong những keyperson c&oacute; sức ảnh hưởng trong c&aacute;c dự &aacute;n</li>\r\n	<li>Ph&aacute;t triển technical skills to&agrave;n diện với c&aacute;c b&agrave;i to&aacute;n phức tạp, y&ecirc;u cầu ch&iacute;nh x&aacute;c &ndash; tốc độ &ndash; bảo mật cao</li>\r\n	<li>M&ocirc;i trường l&agrave;m việc trẻ trung, th&acirc;n thiện, chuy&ecirc;n nghiệp, năng động</li>\r\n	<li>Đồng nghiệp th&acirc;n thiện, nhiệt t&igrave;nh, lu&ocirc;n lu&ocirc;n sẵn s&agrave;ng support nhau trong c&ocirc;ng việc</li>\r\n	<li>C&ocirc;ng việc ph&acirc;n chia r&otilde; r&agrave;ng, đảm bảo theo đ&uacute;ng năng lực v&agrave; đ&uacute;ng khối lượng cho mỗi c&aacute; nh&acirc;n</li>\r\n	<li>Thời gian l&agrave;m việc: từ thứ 02 đến thứ 5 (08h00 &ndash; 18h00), thứ 6 (08h00 &ndash; 17h00)</li>\r\n</ul>', 'net-backend-developer-net-core', 35000000, 40000000, 'Full time', 10, 'Nhân viên', 'Trên 1 năm', '3', '2021-12-20 06:22:07', '2021-12-20 06:22:07', 1, 4, 1),
(259, 'Ruby Developer (Sign On Bonus)', 57, 'images/images/61c02197af3fb-imager_77660.jpg', '2021-12-16', '<h3>M&ocirc; tả c&ocirc;ng việc</h3>\r\n\r\n<p>● Lập tr&igrave;nh ch&iacute;nh trong c&aacute;c dự &aacute;n gia c&ocirc;ng phần mềm sử dụng ng&ocirc;n ngữ Ruby cho kh&aacute;ch h&agrave;ng Nhật Bản;</p>\r\n\r\n<p>● Thực hiện details design, unit test, coding cho c&aacute;c dự &aacute;n sử dụng ng&ocirc;n ngữ Ruby;</p>\r\n\r\n<p>● Tham gia v&agrave;o tất cả c&aacute;c kh&acirc;u trong qu&aacute; tr&igrave;nh ph&aacute;t triển phần mềm, bao gồm: t&igrave;m hiểu y&ecirc;u cầu, ph&acirc;n t&iacute;ch, thiết kế, nghi&ecirc;n cứu c&ocirc;ng nghệ mới...</p>\r\n\r\n<p>● Phối hợp với c&aacute;c th&agrave;nh vi&ecirc;n nh&oacute;m dự &aacute;n kh&aacute;c dưới sự điều phối của Project Manager v&agrave; tiếp x&uacute;c trực tiếp với kh&aacute;ch h&agrave;ng Nhật Bản.</p>\r\n\r\n<h3>Y&ecirc;u cầu ứng vi&ecirc;n</h3>\r\n\r\n<p>● C&oacute; kinh nghiệm l&agrave;m việc với Ruby, Ruby on Rails frameworks.</p>\r\n\r\n<p>● Nắm vững kỹ năng ph&acirc;n t&iacute;ch v&agrave; lập tr&igrave;nh hướng đối tượng tốt; C&oacute; kinh nghiệm l&agrave;m việc v&agrave; xử l&yacute; c&aacute;c hệ thống lớn</p>\r\n\r\n<p>● Thao t&aacute;c tốt với một trong c&aacute;c Database: MySQL, PostgreSQL, Oracle</p>\r\n\r\n<p>● C&oacute; kinh nghiệm l&agrave;m việc với Cloud, Microservices, Big Data l&agrave; một lợi thế</p>\r\n\r\n<p>● Th&agrave;nh thạo AWS, Docker, c&aacute;c c&ocirc;ng cụ quản l&yacute; m&atilde; nguồn: GIT, SVN, v&agrave; dự &aacute;n Redmine, Jira.</p>\r\n\r\n<p>● C&oacute; kiến thức về Infrastructure, Deployment, CI/CD</p>\r\n\r\n<p>● Thao t&aacute;c tốt với HTML, CSS, JavaScript (Jquery, AngularJS, Ajax, ...), Bootstrap, JSON, XML, ReacJS</p>\r\n\r\n<p>● C&oacute; kinh nghiệm với OOP, MVC Framework, ORM, RESTful API, Design Patterns</p>\r\n\r\n<p>● Hiểu biết về TDD, Testing v&agrave; c&oacute; thể implements c&aacute;c requirement theo TDD, c&oacute; tư duy DRY</p>\r\n\r\n<p>● C&oacute; kinh nghiệm l&agrave;m việc trong c&aacute;c dự &aacute;n theo m&ocirc; h&igrave;nh Agile</p>\r\n\r\n<p>● C&oacute; khả năng l&agrave;m việc teamwork cũng như l&agrave;m việc độc lập</p>\r\n\r\n<p>● C&oacute; thể l&agrave;m việc dưới &aacute;p lực cao về deadline cũng như chất lượng sản phẩm</p>\r\n\r\n<p>● Khả năng tư duy tốt, chủ động trong c&ocirc;ng việc, c&oacute; tinh thần tr&aacute;ch nhiệm cao để ho&agrave;n th&agrave;nh c&ocirc;ng việc được giao.</p>\r\n\r\n<p>● Ưu ti&ecirc;n ứng vi&ecirc;n biết tiếng Nhật hoặc tiếng Anh</p>\r\n\r\n<h3>Quyền lợi</h3>\r\n\r\n<p>* 3 reasons muốn gia nhập c&ocirc;ng ty:</p>\r\n\r\n<p>- Lương: Up to USD2500</p>\r\n\r\n<p>- 100% lương thử việc</p>\r\n\r\n<p>- Sign on bonus: Up to 8M</p>\r\n\r\n<p>- Tăng lương h&agrave;ng năm</p>\r\n\r\n<p>- Th&aacute;ng lương 13 v&agrave; KPI bonus 2 lần/năm</p>\r\n\r\n<p>- Trợ cấp thi chứng chỉ c&ocirc;ng nghệ, trợ cấp tiếng Nhật</p>\r\n\r\n<p>- L&agrave;m việc từ thứ 2 đến thứ 6. Nghỉ T7 &amp; CN.</p>\r\n\r\n<p>- Đ&oacute;ng BHXH tr&ecirc;n lương full.</p>\r\n\r\n<p>- Bảo hiểm chăm s&oacute;c sức khỏe cao cấp, kh&aacute;m sức khỏe định k&igrave; h&agrave;ng năm</p>\r\n\r\n<p>- Qu&agrave; v&agrave; tiền mặt v&agrave;o c&aacute;c ng&agrave;y lễ tết.</p>', 'ruby-developer-sign-on-bonus', 10000000, 15000000, 'Full time', 3, 'Nhân viên', 'Dưới 1 năm', '3', '2021-12-20 06:24:23', '2021-12-20 06:40:10', 1, 4, 1),
(260, 'Lập Trình Viên Python', 57, 'images/images/61c024dc18eb3-cong-nghe-thong-tin-la-gi-tn.jpg', '2021-09-23', '<h2>M&ocirc; tả c&ocirc;ng việc</h2>\r\n\r\n<ul>\r\n	<li>Thiết kế v&agrave; ph&aacute;t triển c&aacute;c nền tảng, dịch vụ, hệ thống, t&iacute;nh năng cho c&aacute;c sản phẩm EdTech của c&ocirc;ng ty</li>\r\n	<li>Viết code đảm bảo hiệu năng, dễ đọc, dễ bảo tr&igrave;, c&oacute; t&iacute;nh kế thừa v&agrave; mở rộng</li>\r\n	<li>Ph&acirc;n t&iacute;ch y&ecirc;u cầu nghiệp vụ, thiết kế v&agrave; ph&aacute;t triển c&aacute;c t&iacute;nh năng dựa tr&ecirc;n y&ecirc;u cầu sản phẩm</li>\r\n	<li>Hiểu sản phẩm, li&ecirc;n tục tối ưu sản phẩm, nhận định v&agrave; xử l&yacute; c&aacute;c lỗi, cải tiến độ ổn định v&agrave; trải nghiệm người d&ugrave;ng</li>\r\n	<li>X&acirc;y dựng c&aacute;c thư viện, module sử dụng chung giữa c&aacute;c sản phẩm EdTech</li>\r\n	<li>Thiết kế v&agrave; triển khai c&aacute;c c&ocirc;ng cụ hỗ trợ khi cần thiết</li>\r\n	<li>Phối hợp với c&aacute;c lập tr&igrave;nh vi&ecirc;n, thiết kế sản phẩm, tester, quản l&yacute; sản phẩm để x&acirc;y dựng c&aacute;c t&iacute;nh năng</li>\r\n	<li><strong>C&aacute;c dự &aacute;n c&ocirc;ng nghệ của Teky:</strong><br />\r\n	<strong>TOPPY</strong>&nbsp;- Hệ thống Personalized learning d&agrave;nh cho học sinh K12 v&agrave; luyện thi IELTS, TOEIC&nbsp;<br />\r\n	C&ocirc;ng nghệ sử dụng: Web + API: Python Django, Mobile: Flutter. Database: MySQL, MongoDB<br />\r\n	<strong>TEKY EdTech&nbsp;</strong>- Hệ thống quản l&yacute; học tập kết hợp Gamification, Social&nbsp;<br />\r\n	C&ocirc;ng nghệ sử dụng: &nbsp;Web + API: Python Django, KnockoutJS. Database: PostgreSQL, MongoD<br />\r\n	<strong>CodeKitten -</strong>&nbsp;Nền tảng lập tr&igrave;nh tương t&aacute;c - Backend: Python Django, Web Client: ReactJS<br />\r\n	<strong>TutorO&nbsp;</strong>- App quản l&yacute; học tập cho giảng vi&ecirc;n: Backend: Python Django, App: Flutter<br />\r\n	<strong>ERP -</strong>&nbsp;Quản trị nội bộ: &nbsp;Python, ph&aacute;t triển tr&ecirc;n nền tảng Odoo. C&aacute;c hệ thống kh&aacute;c: PHP, Ruby on Rails</li>\r\n</ul>\r\n\r\n<h2>Y&ecirc;u cầu ứng vi&ecirc;n</h2>\r\n\r\n<ul>\r\n	<li>Tốt nghiệp Trung cấp, Cao đẳng, Đại học hoặc cao hơn chuy&ecirc;n ng&agrave;nh Khoa học m&aacute;y t&iacute;nh/C&ocirc;ng nghệ th&ocirc;ng tin/Hệ thống th&ocirc;ng tin/C&ocirc;ng nghệ phần mềm hoặc c&aacute;c chuy&ecirc;n ng&agrave;nh tương tự.</li>\r\n	<li>Kinh nghiệm lập tr&igrave;nh Back-end (Python Django/ Ruby on Rails/ PHP/ Odoo)</li>\r\n	<li>Hiểu biết s&acirc;u sắc về c&aacute;c kiến thức nền tảng của khoa học m&aacute;y t&iacute;nh (cấu tr&uacute;c dữ liệu v&agrave; giải thuật, hệ điều h&agrave;nh, cơ sở dữ liệu,&hellip;),</li>\r\n	<li>L&agrave;m việc thực tế v&agrave; hiểu biết s&acirc;u sắc về c&aacute;c hệ cơ sở dữ liệu như MySQL, PostgreSQL, MongoDB,&hellip;</li>\r\n	<li>C&oacute; năng lực thiết kế hệ thống, thiết kế cơ sở dữ liệu.</li>\r\n	<li>Tư duy logic mạch lạc, r&otilde; r&agrave;ng</li>\r\n</ul>\r\n\r\n<h2>Quyền lợi được hưởng</h2>\r\n\r\n<p>Được l&agrave;m việc c&ugrave;ng đội ngũ số 1 Việt Nam trong mảng STEAM cho K12: nh&acirc;n sự tại TEKY l&agrave; những người đang tạo v&agrave; dẫn dắt xu hướng STEAM cho K12 ở Việt Nam</p>\r\n\r\n<p>Thu nhập cạnh tranh: lương, thưởng theo kết quả c&ocirc;ng việc, c&oacute; cơ hội ESOP</p>\r\n\r\n<p>Lương khởi điểm: 23 &ndash; 28 triệu /th&aacute;ng , c&oacute; thể thỏa thuận theo năng lực</p>\r\n\r\n<p>Thử việc 02 th&aacute;ng hưởng 85 - 100% mức lương.</p>\r\n\r\n<p>Lương th&aacute;ng 13; thưởng hiệu quả kinh doanh theo qu&yacute;, năm; thưởng lễ-tết theo quy định c&ocirc;ng ty</p>\r\n\r\n<p>Được l&agrave;m việc trong m&ocirc;i trường Gi&aacute;o dục năng động, chuy&ecirc;n nghiệp, cơ sở vật chất hiện đại, gi&agrave;u &yacute; nghĩa x&atilde; hội.</p>\r\n\r\n<p>Được hưởng đầy đủ c&aacute;c chế độ theo quy định của nh&agrave; nước (BHXH, BHYT, BHTN,&hellip;)</p>\r\n\r\n<p>Được đi du lịch &iacute;t nhất 1 lần 1 năm, li&ecirc;n tục tham gia Teambuilding</p>\r\n\r\n<p>Hưởng c&aacute;c chế độ kh&aacute;c ngo&agrave;i lương theo định kỳ hoặc kh&ocirc;ng định kỳ</p>\r\n\r\n<p>Địa điểm l&agrave;m việc: Tầng 5, t&ograve;a MAC Plaza, số 10 Trần Ph&uacute;, H&agrave; Đ&ocirc;ng</p>\r\n\r\n<p>Thời gian l&agrave;m việc: Từ thứ 2 - S&aacute;ng thứ 7</p>\r\n\r\n<p>&nbsp;</p>', 'lap-trinh-vien-python', 23000000, 28000000, 'Full time', 3, 'Nhân viên', 'Trên 3 năm', '3', '2021-12-20 06:38:20', '2021-12-20 06:40:26', 1, 4, 1),
(261, 'Quản Lý Sàn Thương Mại Điện Tử Shopee', 70, 'images/images/61c028cfd1eb7-1ba31bbb212a2c927d3cc75fcf74beef.jpg', '2022-01-20', '<h3>M&ocirc; tả c&ocirc;ng việc</h3>\r\n\r\n<p>- Quản l&yacute; s&agrave;n Shopee, Lazada.</p>\r\n\r\n<p>- X&acirc;y dựng kế hoạch, nội dung, giải ph&aacute;p số h&oacute;a v&agrave; tối ưu h&oacute;a nhằm th&uacute;c đẩy doanh số b&aacute;n h&agrave;ng theo định hướng TMĐT.</p>\r\n\r\n<p>- Ph&acirc;n t&iacute;ch, khảo s&aacute;t v&agrave; đ&aacute;nh gi&aacute; t&igrave;nh h&igrave;nh thị trường v&agrave; c&aacute;c đối thủ cạnh trạnh để đưa ra c&aacute;c chương tr&igrave;nh khuyến m&atilde;i hấp dẫn để thu h&uacute;t kh&aacute;ch h&agrave;ng.</p>\r\n\r\n<p>- Quản l&yacute; kết quả b&aacute;n h&agrave;ng của s&agrave;n shopee.</p>\r\n\r\n<p>- Phối hợp với c&aacute;c bộ phận li&ecirc;n quan triển khai chương tr&igrave;nh để đạt mục ti&ecirc;u gia tăng doanh số, ph&aacute;t triển thương hiệu.</p>\r\n\r\n<p>- L&agrave;m b&aacute;o c&aacute;o kết quả b&aacute;n h&agrave;ng tr&ecirc;n c&aacute;c k&ecirc;nh TMĐT</p>\r\n\r\n<h3>Y&ecirc;u cầu ứng vi&ecirc;n</h3>\r\n\r\n<p><strong>- C&oacute; kinh nghiệm ở vị tr&iacute; tương từ 6 th&aacute;ng trong mảng thương mại điện tử ng&agrave;nh b&aacute;n lẻ, dịch vụ.</strong></p>\r\n\r\n<p>- C&oacute; khả năng l&agrave;m việc v&agrave; hỗ trợ nh&oacute;m tốt.</p>\r\n\r\n<p>- C&oacute; tinh thần tr&aacute;ch nhiệm cao trong c&ocirc;ng việc</p>\r\n\r\n<h3>Quyền lợi</h3>\r\n\r\n<p>- Lương cứng: &nbsp;Lương từ &nbsp;7tr5 + phụ cấp + %doanh thu (Tổng thu nhập hấp dẫn)</p>\r\n\r\n<p>- Được l&agrave;m việc trong mội trường năng động chuy&ecirc;n nghiệp, h&ograve;a đồng.</p>\r\n\r\n<p>- C&oacute; lộ tr&igrave;nh thăng tiến r&otilde; r&agrave;ng.</p>\r\n\r\n<p>- Được tham gia đầy đủ c&aacute;c chế độ BHXH, BHTN, BHYT theo quy định của nh&agrave; nước v&agrave; c&ocirc;ng ty, nếu gắn b&oacute; l&acirc;u d&agrave;i.</p>', 'quan-ly-san-thuong-mai-dien-tu-shopee', 10000000, 15000000, 'Full time', 1, 'Quản lý / Giám sát', 'Dưới 1 năm', '3', '2021-12-20 06:55:11', '2021-12-20 06:55:11', 1, 1, 1),
(262, 'Leader Marketing', 70, 'images/images/61c02950ab352-How-to-Grow-Your-New-Business-Using-Digital-Marketing.jpg', '2022-01-15', '<h3>M&ocirc; tả c&ocirc;ng việc</h3>\r\n\r\n<p>- Điều h&agrave;nh hoạt động h&agrave;ng ng&agrave;y của team MKT.</p>\r\n\r\n<p>- Buid team, tuyển dụng v&agrave; đ&agrave;o tạo nh&acirc;n vi&ecirc;n trong nh&oacute;m. Quy m&ocirc; team từ 3 - 7 nh&acirc;n sự</p>\r\n\r\n<p>- Thiết lập, triển khai, tối ưu v&agrave; chăm s&oacute;c c&aacute;c k&ecirc;nh quảng c&aacute;o, Facebook, Zalo, Google Ads&hellip;</p>\r\n\r\n<p>- X&acirc;y dựng v&agrave; tổ chức triển khai kế hoạch marketing h&agrave;ng th&aacute;ng.</p>\r\n\r\n<p>- Tổng hợp, thống k&ecirc;, ph&acirc;n t&iacute;ch dữ liệu.</p>\r\n\r\n<p>- Phối hợp với c&aacute;c ph&ograve;ng ban xử l&yacute; th&ocirc;ng tin, &yacute; kiến g&oacute;p &yacute;, giải đ&aacute;p thắc mắc của kh&aacute;ch h&agrave;ng</p>\r\n\r\n<p>- C&aacute;c c&ocirc;ng t&aacute;c kh&aacute;c theo ph&acirc;n c&ocirc;ng của cấp tr&ecirc;n.</p>\r\n\r\n<h3>Y&ecirc;u cầu ứng vi&ecirc;n</h3>\r\n\r\n<p>- Y&ecirc;u cầu độ tuổi tr&ecirc;n 25 tuổi</p>\r\n\r\n<p>- Am hiểu về MKT chung</p>\r\n\r\n<p>- C&oacute; &iacute;t nhất 1 năm kinh nghiệm ở vị tr&iacute; tương đương</p>\r\n\r\n<p>- C&oacute; kiến thức chuy&ecirc;n s&acirc;u về MKT online, Digital Ads (Facebook ads, google ads). Ưu ti&ecirc;n đa k&ecirc;nh.</p>\r\n\r\n<p>- Kh&ocirc;ng cần kinh nghiệm quản l&yacute; từ trước. Hỗ trợ đ&agrave;o tạo kỹ năng quản l&yacute;</p>\r\n\r\n<p>- Tinh thần m&aacute;u lửa, nhiệt t&igrave;nh</p>\r\n\r\n<p>- Y&ecirc;u th&iacute;ch v&agrave; c&oacute; kiến thức hoạch định kinh doanh l&agrave; một ưu ti&ecirc;n</p>\r\n\r\n<p>- Ưu ti&ecirc;n c&oacute; kinh nghiệm về ng&agrave;nh dược, kh&aacute;m chữa bệnh.</p>\r\n\r\n<h3>Quyền lợi</h3>\r\n\r\n<p>- Lương cứng từ 13-15triệu (fulltime) + Thưởng Hoa Hồng.</p>\r\n\r\n<p>Thu Nhập từ 15 &ndash; 30 Triệu/Th&aacute;ng</p>\r\n\r\n<p>- Thưởng % doanh thu của c&ocirc;ng ty dược v&agrave; ph&ograve;ng kh&aacute;m (thỏa thuận khi phỏng vấn)</p>\r\n\r\n<p>- Được hưởng mọi quyền lợi của người lao động theo quy định của c&ocirc;ng ty.</p>\r\n\r\n<p>- Được đi du lịch c&ugrave;ng c&ocirc;ng ty.</p>\r\n\r\n<p>- Được tham gia tiệc vinh danh của c&ocirc;ng ty.</p>', 'leader-marketing', 15000000, 30000000, 'Full time', 2, 'Trưởng nhóm', 'Trên 1 năm', '3', '2021-12-20 06:57:20', '2021-12-20 06:57:20', 1, 1, 1),
(263, 'Marketing Manager', 70, 'images/images/61c02a354a302-fbwrbo119t0qva4nms9lmyxzense.jpg', '2021-12-09', '<h3>M&ocirc; tả c&ocirc;ng việc</h3>\r\n\r\n<p>- X&acirc;y dựng kế hoạch marketing, branding cho c&ocirc;ng ty</p>\r\n\r\n<p>- Thực hiện, kiểm so&aacute;t v&agrave; đo lường hiệu quả c&aacute;c hoạt động Marketing</p>\r\n\r\n<p>- Thực hiện hoạt động Digital Marketing; theo d&otilde;i v&agrave; ph&acirc;n t&iacute;ch số liệu để x&aacute;c định kh&aacute;ch h&agrave;ng tiềm năng, đề xuất kế hoạch ph&aacute;t triển sản phẩm, xu hướng kh&aacute;ch h&agrave;ng v&agrave; nền tảng quảng c&aacute;o hiệu quả..</p>\r\n\r\n<p>- Quản l&yacute; ng&acirc;n s&aacute;ch v&agrave; chi ph&iacute; hoạt động Marketing đ&atilde; được duyệt, quản l&yacute; nh&acirc;n sự</p>\r\n\r\n<p>- Quản trị chặt chẽ c&aacute;c k&ecirc;nh Social Media, bắt kịp xu hướng người d&ugrave;ng, x&acirc;y dựng chiến lược content thu h&uacute;t</p>\r\n\r\n<p>- Tham gia tổ chức sự kiện c&ocirc;ng ty, tham gia c&aacute;c hoạt động trong ng&agrave;nh, x&acirc;y dựng mối quan hệ với đối t&aacute;c.</p>\r\n\r\n<p>- Đại diện của c&ocirc;ng ty trong việc đưa ra c&aacute;c th&ocirc;ng điệp với b&ecirc;n ngo&agrave;i qua b&aacute;o ch&iacute;, truyền th&ocirc;ng (nếu c&oacute;)</p>\r\n\r\n<p>- B&aacute;o c&aacute;o trực tiếp với Ban Gi&aacute;m đốc về tổng kết hoạt động thuộc phạm vi tr&aacute;ch nhiệm</p>\r\n\r\n<h3>Y&ecirc;u cầu ứng vi&ecirc;n</h3>\r\n\r\n<p>- Tr&igrave;nh độ học vấn: tốt nghiệp ng&agrave;nh Marketing c&aacute;c trường Đại học &amp; Cao Đẳng</p>\r\n\r\n<p>- Kiến thức chuy&ecirc;n m&ocirc;n: Marketing, Branding, Digital Marketing, Content Marketing</p>\r\n\r\n<p>- Kinh nghiệm 01 năm với vị tr&iacute; tương đương v&agrave; từng l&agrave;m marketing cho dịch vụ/sản phẩm cao cấp l&agrave; lợi thế</p>\r\n\r\n<p>- Kỹ năng: thuyết tr&igrave;nh, đ&agrave;m ph&aacute;n, xử l&yacute; t&igrave;nh huống, khả năng duy tr&igrave; c&aacute;c mối quan hệ, hoạch định chiến lược, lập v&agrave; triển khai kế hoạch, thực hiện mục ti&ecirc;u; tổng hợp v&agrave; b&aacute;o c&aacute;o</p>\r\n\r\n<p>- X&acirc;y dựng h&igrave;nh ảnh c&aacute; nh&acirc;n tốt, phong th&aacute;i chuy&ecirc;n nghiệp, tự tin</p>\r\n\r\n<p>- Quan t&acirc;m đến nghệ thuật, thời trang, thiết kế; cập nhật xu hướng mới</p>\r\n\r\n<p>- Th&aacute;i độ t&iacute;ch cực, cống hiến v&agrave; tư duy c&ugrave;ng thắng</p>\r\n\r\n<h3>Quyền lợi</h3>\r\n\r\n<p>- Lương thỏa thuận t&ugrave;y theo năng lực, x&eacute;t thưởng v&agrave; tăng lương theo hiệu suất c&ocirc;ng việc</p>\r\n\r\n<p>- Được hưởng đầy đủ tất cả c&aacute;c chế độ ch&iacute;nh s&aacute;ch của c&ocirc;ng ty</p>\r\n\r\n<p>- Được đ&oacute;ng BHXH, BHYT, BHTN theo quy định nh&agrave; nước hiện h&agrave;nh.</p>\r\n\r\n<p>- M&ocirc;i trường l&agrave;m việc năng động, c&oacute; nhiều cơ hội thăng tiến, ph&aacute;t triển bản th&acirc;n v&agrave; sự nghiệp</p>', 'marketing-manager', 15000000, 20000000, 'Full time', 1, 'Trưởng/Phó phòng', 'Trên 1 năm', '3', '2021-12-20 07:01:09', '2021-12-20 07:01:09', 1, 1, 1),
(264, 'Sales Manager', 70, 'images/images/61c02aad78650-digital-marketing-banner (1).jpg', '2021-12-25', '<h3>M&ocirc; tả c&ocirc;ng việc</h3>\r\n\r\n<p>- X&acirc;y dựng kế hoạch v&agrave; gi&aacute;m s&aacute;t qu&aacute; tr&igrave;nh triển khai c&aacute;c dự &aacute;n nhằm đạt được c&aacute;c mục ti&ecirc;u v&agrave; kết quả b&aacute;n h&agrave;ng đ&atilde; thỏa thuận</p>\r\n\r\n<p>- T&igrave;m kiếm, ph&aacute;t triển mối quan hệ bền vững, li&ecirc;n tục với kh&aacute;ch h&agrave;ng v&agrave; đối t&aacute;c</p>\r\n\r\n<p>- Quản trị, điều phối ph&acirc;n c&ocirc;ng c&ocirc;ng việc cho đội ngũ nh&acirc;n vi&ecirc;n kinh doanh</p>\r\n\r\n<p>- Nghi&ecirc;n cứu nhu cầu thị trường v&agrave; c&aacute;c đối thủ cạnh tranh để c&oacute; chiến lược ph&aacute;t triển c&aacute;c sản phẩm ph&ugrave; hợp.</p>\r\n\r\n<p>- B&aacute;o c&aacute;o trực tiếp với Ban Gi&aacute;m đốc về tổng kết hoạt động kinh doanh thuộc phạm vi tr&aacute;ch nhiệm</p>\r\n\r\n<h3>Y&ecirc;u cầu ứng vi&ecirc;n</h3>\r\n\r\n<p>- Tốt nghiệp Đại học/Cao đẳng chuy&ecirc;n ng&agrave;nh quản trị kinh doanh; hoặc c&aacute;ch ng&agrave;nh nghề li&ecirc;n quan.</p>\r\n\r\n<p>- C&oacute; kinh nghiệm Sales Manager hoặc ở vị tr&iacute; tương đương &iacute;t nhất 2 năm</p>\r\n\r\n<p>- C&oacute; kinh nghiệm trong ng&agrave;nh cưới v&agrave; sự kiện l&agrave; lợi thế.</p>\r\n\r\n<p>- Kỹ năng đ&agrave;m ph&aacute;n, chốt sales tốt.</p>\r\n\r\n<p>- Kỹ năng quản l&yacute;, l&atilde;nh đạo đội nh&oacute;m, kỹ năng thuyết tr&igrave;nh, giao tiếp</p>\r\n\r\n<p>- C&oacute; khả năng l&ecirc;n mục ti&ecirc;u, kế hoạch v&agrave; triển khai cho bộ phận</p>\r\n\r\n<p>- Ϲ&oacute; tinh thần tr&aacute;ch nhiệm cɑo. Nhạy b&eacute;n với c&aacute;c cơ hội kinh doanh hoặc ph&aacute;t triển thị trường.</p>\r\n\r\n<p>- Th&agrave;nh thạo m&aacute;y t&iacute;nh, tin học văn ph&ograve;ng.</p>\r\n\r\n<p>- Ngoại ngữ: Tiếng Anh giao tiếp</p>\r\n\r\n<h3>Quyền lợi</h3>\r\n\r\n<p>- Lương thỏa thuận t&ugrave;y theo năng lực, x&eacute;t thưởng v&agrave; tăng lương theo hiệu suất c&ocirc;ng việc</p>\r\n\r\n<p>- Được hưởng đầy đủ tất cả c&aacute;c chế độ ch&iacute;nh s&aacute;ch của c&ocirc;ng ty</p>\r\n\r\n<p>- Được đ&oacute;ng BHXH, BHYT, BHTN theo quy định nh&agrave; nước hiện h&agrave;nh.</p>\r\n\r\n<p>- M&ocirc;i trường l&agrave;m việc năng động, c&oacute; nhiều cơ hội thăng tiến, ph&aacute;t triển bản th&acirc;n v&agrave; sự nghiệp.</p>', 'sales-manager', 15000000, 18000000, 'Full time', 1, 'Trưởng/Phó phòng', 'Trên 1 năm', '3', '2021-12-20 07:03:09', '2021-12-20 07:03:09', 1, 1, 1),
(265, 'Trưởng Phòng Marketing', 70, 'images/images/61c02b4fab1a2-digital-marketing-banner.jpg', '2022-01-14', '<h3>M&ocirc; tả c&ocirc;ng việc</h3>\r\n\r\n<p>&nbsp;&bull;X&acirc;y dựng chiến lượng Marketing ph&ugrave; hợp với tầm nh&igrave;n của c&ocirc;ng ty</p>\r\n\r\n<p>&nbsp;&bull;L&ecirc;n kế hoạch thực hiện v&agrave; gi&aacute;m s&aacute;t c&aacute;c hoạt động Marketing tổng thể đồng nhất với chiến lượng của c&ocirc;ng ty</p>\r\n\r\n<p>&nbsp;&bull; X&acirc;y dựng, ph&aacute;t triển c&aacute;c k&ecirc;nh online để l&agrave;m nền tảng truyền th&ocirc;ng b&aacute;n h&agrave;ng: Fanpage, Website, Tiktok, Shopee, Youtube, Zalo.</p>\r\n\r\n<p>&nbsp;&bull; Quản l&yacute; v&agrave; ph&acirc;n bổ ng&acirc;n s&aacute;ch hoạt động marketing, chịu tr&aacute;ch nhiệm về t&iacute;nh hiệu quả với ng&acirc;n s&aacute;ch triển khai</p>\r\n\r\n<p>&nbsp;&bull; Tổ chức thực hiện, theo d&otilde;i, ph&acirc;n t&iacute;ch v&agrave; đ&aacute;nh gi&aacute; hiệu quả c&aacute;c chương tr&igrave;nh Marketing online v&agrave; offline (quảng c&aacute;o, khuyến mại, upsell, truyền th&ocirc;ng, đối t&aacute;c, CSKH, &hellip;) để đưa ra định hướng v&agrave; giải ph&aacute;p cho c&aacute;c chương tr&igrave;nh tiếp theo.</p>\r\n\r\n<p>&bull; Chịu trách nhi&ecirc;̣m t&ocirc;̉ chức nghi&ecirc;n cứu thị trường, thăm dò nhu c&acirc;̀u khách hàng và đ&ecirc;̀ xu&acirc;́t các phương án marketing mới nhằm n&acirc;ng cao hi&ecirc;̣u quả của hoạt đ&ocirc;̣ng marketing .</p>\r\n\r\n<p>&nbsp;</p>\r\n\r\n<h3>Y&ecirc;u cầu ứng vi&ecirc;n</h3>\r\n\r\n<p><strong>&nbsp;&bull;C&oacute; 3 năm kinh nghiệm l&agrave;m quản l&yacute; trong lĩnh vực marketing</strong></p>\r\n\r\n<p>&nbsp;&bull;Am hiểu v&agrave; c&oacute; kinh nghiệm triển khai thực tế c&aacute;c k&ecirc;nh Digital Marketing (SEO/SEM, Online Advertising, Mobile Marketing, Social Media, Affiliate Marketing, s&agrave;n TMDT)</p>\r\n\r\n<p>&nbsp;&bull; Tốt nghiệp chuy&ecirc;n ng&agrave;nh quản trị kinh doanh, marketing, kinh tế.</p>\r\n\r\n<p>&nbsp;&bull; C&oacute; mối quan hệ s&acirc;u rộng với c&aacute;c agency trong lĩnh vực marketing.</p>\r\n\r\n<p>&nbsp;</p>\r\n\r\n<h3>Quyền lợi</h3>\r\n\r\n<p>&nbsp;&bull; Lương thỏa thuận + Thưởng theo kết quả hoạt động kinh doanh.</p>\r\n\r\n<p>&nbsp;&bull;Được tham gia đ&agrave;o tạo c&aacute;c lớp để ho&agrave;n thiện kỹ năng, nghiệp vụ nghề nghiệp.</p>\r\n\r\n<p>&nbsp;&bull;Được hưởng đầy đủ c&aacute;c chế độ, quyền lợi của người lao động theo quy định của Luật lao động: ch&iacute;nh s&aacute;ch BHXH, BHYT, BHTN, nghỉ ph&eacute;p năm&hellip;</p>\r\n\r\n<p>&nbsp;&bull; Được hưởng c&aacute;c chế độ ph&uacute;c lợi nội bộ: Kiểm tra sức khỏe định kỳ, ph&aacute;t triển c&aacute; nh&acirc;n</p>\r\n\r\n<p>&nbsp;&bull; Tham gia c&aacute;c hoạt động ngoại kh&oacute;a của c&ocirc;ng ty h&agrave;ng th&aacute;ng, qu&yacute;, h&agrave;ng năm cho tất cả c&aacute;c th&agrave;nh vi&ecirc;n như: team building, du xu&acirc;n, nghỉ m&aacute;t&hellip;</p>\r\n\r\n<p>&nbsp;&bull; Được l&agrave;m việc trong m&ocirc;i trường năng động, th&acirc;n thiện. Thay đổi, ph&aacute;t triển con người b&ecirc;n cạnh ph&aacute;t triển về nghề nghiệp, chuy&ecirc;n m&ocirc;n.</p>', 'truong-phong-marketing', 15000000, 25000000, 'Full time', 1, 'Trưởng/Phó phòng', 'Trên 3 năm', '3', '2021-12-20 07:05:51', '2021-12-20 07:05:51', 1, 1, 79),
(266, 'Sale Team Leader', 70, 'images/images/61c02ba234239-iStock-629383254.jpg', '2022-01-05', '<h3>M&ocirc; tả c&ocirc;ng việc</h3>\r\n\r\n<p>1.1. Quản trị nh&acirc;n sự</p>\r\n\r\n<p>- Điều phối, quản l&yacute; hoạt động vận h&agrave;nh h&agrave;ng ng&agrave;y của team: ph&acirc;n c&ocirc;ng c&ocirc;ng việc, đảm bảo hoạt động vận h&agrave;nh của team được thực hiện hiệu quả, tr&ocirc;i chảy.</p>\r\n\r\n<p>- X&acirc;y dựng quy tr&igrave;nh l&agrave;m việc v&agrave; kịch bản tư vấn.</p>\r\n\r\n<p>- Tuyển dung v&agrave; đ&agrave;o tạo n&acirc;ng cao kỹ năng của nh&acirc;n vi&ecirc;n sales, đồng thời tạo động lực cho c&aacute;c th&agrave;nh vi&ecirc;n trong team đạt được mục ti&ecirc;u c&aacute; nh&acirc;n, kh&ocirc;ng ngừng ph&aacute;t triển bản th&acirc;n.</p>\r\n\r\n<p>1.2. Quản trị doanh số</p>\r\n\r\n<p>- X&acirc;y dựng chỉ ti&ecirc;u doanh số cho từng th&agrave;nh vi&ecirc;n trong team nhằm đảm bảo chỉ ti&ecirc;u cấp tr&ecirc;n đề ra, đồng thời khuyến kh&iacute;ch vượt chỉ ti&ecirc;u doanh số.</p>\r\n\r\n<p>- Quản l&yacute; đội ngũ, gi&aacute;m s&aacute;t thực hiện c&aacute;c chỉ ti&ecirc;u kế hoạch kinh doanh, chất lượng cuộc gọi, đồng thời c&oacute; biện ph&aacute;p điều chỉnh kịp thời nhằm đạt mục ti&ecirc;u đề ra về cuộc gọi &amp; doanh số.</p>\r\n\r\n<p>- Nguồn data từ bộ phận Marketing chuyển về đ&atilde; c&oacute; sẵn đầy đủ th&ocirc;ng tin v&agrave; nhu cầu, tối ưu kịch bản gọi điện để tăng tỷ lệ chốt kh&aacute;ch.</p>\r\n\r\n<p>- Lập kế hoạch v&agrave; triển khai c&aacute;c hoạt động kinh doanh, chương tr&igrave;nh truyền th&ocirc;ng qua c&aacute;c k&ecirc;nh online (Website, Fanpage, Zalo, Tik tok...) v&agrave; qua điện thoại nhằm th&uacute;c đẩy doanh số.</p>\r\n\r\n<p>- Tổng kết b&aacute;o c&aacute;o doanh thu h&agrave;ng ng&agrave;y, th&aacute;ng, qu&yacute; v&agrave; năm.</p>\r\n\r\n<p>1.3. Quản trị data v&agrave; kh&aacute;ch h&agrave;ng</p>\r\n\r\n<p>- Quản l&yacute; v&agrave; ph&acirc;n chia dữ liệu data ph&ugrave; hợp tới từng th&agrave;nh vi&ecirc;n trong team.</p>\r\n\r\n<p>- Đưa ra những chiến lược tiếp cận với list data kh&aacute;ch h&agrave;ng cũ, thu h&uacute;t v&agrave; gi&agrave;nh niềm tin đối với kh&aacute;ch h&agrave;ng mới.</p>\r\n\r\n<p>- X&acirc;y dựng v&agrave; quản l&yacute; ch&iacute;nh s&aacute;ch v&agrave; c&aacute;c chương tr&igrave;nh ưu đ&atilde;i ph&ugrave; hợp với từng đối tượng kh&aacute;ch h&agrave;ng.</p>\r\n\r\n<p>&nbsp;</p>\r\n\r\n<h3>Y&ecirc;u cầu ứng vi&ecirc;n</h3>\r\n\r\n<p>2.1. Ngoại h&igrave;nh</p>\r\n\r\n<p>- Độ tuổi: 23-30 tuổi</p>\r\n\r\n<p>- Ưa nh&igrave;n, nhanh nhẹn v&agrave; linh động</p>\r\n\r\n<p>2.2. Kinh nghiệm:</p>\r\n\r\n<p>- &Iacute;t nhất 1 năm kinh nghiệm ở vị tr&iacute; tương đương (li&ecirc;n quan đến c&aacute;c sản phẩm về gi&aacute;o dục l&agrave; ưu thế)</p>\r\n\r\n<p>- C&oacute; kinh nghiệm quản l&yacute; team từ 5 người trở l&ecirc;n</p>\r\n\r\n<p>2.3. Kĩ năng:</p>\r\n\r\n<p>- Quản l&yacute; &amp; gi&aacute;m s&aacute;t vận h&agrave;nh đội nh&oacute;m.</p>\r\n\r\n<p>- C&oacute; khả năng đ&agrave;o tạo nh&acirc;n vi&ecirc;n, x&acirc;y dựng quy tr&igrave;nh l&agrave;m việc</p>\r\n\r\n<p>- Kỹ năng tư duy logic, quản l&yacute; &amp; định hướng tốt.</p>\r\n\r\n<p>- Kỹ năng giao tiếp tốt, tự tin, nhanh nhẹn</p>\r\n\r\n<p>- B&aacute;o c&aacute;o</p>\r\n\r\n<p>- Sử dụng th&agrave;nh thạo MS Office, tiếp cận nhanh với c&aacute;c phần mềm quản l&yacute;.</p>\r\n\r\n<p>2.4. Th&aacute;i độ:</p>\r\n\r\n<p>- Chủ động,quyết liệt, t&iacute;ch cực, c&oacute; tinh thần tr&aacute;ch nhiệm cao.</p>\r\n\r\n<p>- Chịu được &aacute;p lực c&ocirc;ng việc, ho&agrave;n th&agrave;nh kế hoạch được giao.</p>\r\n\r\n<p>2.5. Y&ecirc;u cầu kh&aacute;c:</p>\r\n\r\n<p>- C&oacute; Laptop c&aacute; nh&acirc;n để thực hiện c&ocirc;ng việc.</p>\r\n\r\n<p>&nbsp;</p>\r\n\r\n<h3>Quyền lợi</h3>\r\n\r\n<p>- Ng&agrave;y l&agrave;m việc h&agrave;nh ch&iacute;nh: từ thứ 2 đến s&aacute;ng thứ 7 hằng tuần</p>\r\n\r\n<p>- Lương cứng: 10,000,000</p>\r\n\r\n<p>- Thu nhập: 20,000,000- 30,000,000- kh&ocirc;ng giới hạn</p>\r\n\r\n<p>- Hưởng đầy đủ c&aacute;c chế độ BHXH, BHYT, BHTN, nghỉ ph&eacute;p, nghỉ lễ tết theo quy định của Luật Lao Động.</p>\r\n\r\n<p>- Chế độ c&ocirc;ng đo&agrave;n: qu&agrave; 8/3, 20/10, qu&agrave; tết thiếu nhi 1/6, qu&agrave; trung thu, qu&agrave; sinh nhật, tiệc tr&agrave; cuối tuần hằng tuần, tiệc sinh nhật hằng th&aacute;ng, teambuidling, thăm hỏi ốm đau, du lịch h&egrave;, hiếu hỷ, ốm đau, thai sản&hellip;</p>\r\n\r\n<p>- M&ocirc;i trường l&agrave;m việc năng động, trẻ trung, chuy&ecirc;n nghiệp, nhiều cơ hội thăng tiến, ph&aacute;t triển bản th&acirc;n, v&agrave; mở rộng được mối quan hệ.</p>\r\n\r\n<p>- Được đ&agrave;o tạo tất cả c&aacute;c kỹ năng l&agrave;m việc: Kinh doanh, Marketing, Nh&acirc;n sự&hellip; v&agrave; c&aacute;c kh&oacute;a đ&agrave;o tạo kỹ năng mềm được c&aacute;c chuy&ecirc;n gia h&agrave;ng đầu tại Vitus.</p>', 'sale-team-leader', 20000000, 30000000, 'Full time', 2, 'Trưởng nhóm', 'Trên 1 năm', '3', '2021-12-20 07:07:14', '2021-12-20 07:07:14', 1, 1, 1),
(267, 'Trưởng Phòng Marketing Sales', 70, 'images/images/61c02c187f5f0-Banner-1000x400-1.jpg', '2022-02-04', '<h3>M&ocirc; tả c&ocirc;ng việc</h3>\r\n\r\n<p>&bull; Lên kế hoạch v&agrave; triển khai thực hiện nhằm phát triển sản phẩm và Marketing phân phối sản phẩm của Công ty trên c&aacute;c web Online v&agrave; app mua h&agrave;ng c&oacute; sẵn của C&ocirc;ng ty;<br />\r\n&bull; Xây dựng các chính sách đối với sản phẩm và khách hàng, nâng cao trải nghiệm khách hàng (Online &amp; Offline);<br />\r\n&bull; Quản lý vận hành phòng marketing; định hướng tuyển dụng, đào tạo, quản lý giám sát, chịu trách nhiệm về kết quả hoạt động của nhân viên phòng marketing<br />\r\n&bull; Phối hợp với Sales điều chỉnh kế hoạch kinh doanh Online và Offline của Công ty (sản phẩm mới, chạy khuyến mãi, livestream, &hellip;)<br />\r\n&bull; Tham gia quá trình nghiên cứu, hoàn thiện, phát triển sản phẩm mới (R&amp;D) của Công ty;<br />\r\n&bull; Xây dựng mạng lưới đối tác, hệ thống kinh doanh của Công ty;<br />\r\n&bull; Báo cáo công việc đầy đủ, định kỳ theo yêu cầu của Ban gi&aacute;m đốc. Dự đoán nhu cầu, theo dõi ngân sách Marketing, QC hàng năm; lập kế hoạch chi tiêu; phân tích các biến động; khởi xướng các hành động khắc phục.<br />\r\n&bull; C&aacute;c nhiệm vụ kh&aacute;c theo sự ph&acirc;n c&ocirc;ng của Ban Gi&aacute;m đốc;<br />\r\n&bull; M&ocirc; tả c&ocirc;ng việc được trao đổi chi tiết hơn khi ứng vi&ecirc;n tham gia phỏng vấn v&agrave; thử việc</p>\r\n\r\n<h3>Y&ecirc;u cầu ứng vi&ecirc;n</h3>\r\n\r\n<p>&bull; Tr&igrave;nh độ: Tốt nghiệp Cao đẳng, Đại học.<br />\r\n&bull; Am hiểu sản phẩm, đối tượng khách hàng nữ giới và có kinh nghiệm thực chiến Marketing bán hàng Online trên các platform (Fb, GG, Youtube, Tiktok,&hellip;), Offline hệ thống, thương mại điện tử (sản phẩm ti&ecirc;u d&ugrave;ng)<br />\r\n&bull; Có kinh nghiệm trong ngành quản lý, vận hành Marketing Online, hệ thống. Ưu tiên từng làm tại các công ty lớn;<br />\r\n&bull; Tác phong làm việc chuyên nghiệp; teamwork tốt, năng động, khả năng thuyết trình, giao tiếp tốt, có tinh thần trách nhiệm trong công việc; có khả năng chịu &aacute;p lực công việc.</p>\r\n\r\n<h3>Quyền lợi</h3>\r\n\r\n<p>- Lương: 10-20 triệu / th&aacute;ng</p>\r\n\r\n<p>- Lương th&aacute;ng 13.</p>\r\n\r\n<p>- Thưởng theo năng suất v&agrave; thưởng lễ.</p>\r\n\r\n<p>- M&ocirc;i trường trẻ trung, năng động, linh hoạt thời gian</p>', 'truong-phong-marketing-sales', 12000000, 20000000, 'Full time', 1, 'Trưởng/Phó phòng', 'Trên 1 năm', '3', '2021-12-20 07:09:12', '2021-12-20 07:09:12', 1, 1, 79),
(268, 'Trưởng Nhóm Tư Vấn Chăm Sóc Khách Hàng', 70, 'images/images/61c02c928cd15-1ba31bbb212a2c927d3cc75fcf74beef.jpg', '2021-12-12', '<h3>M&ocirc; tả c&ocirc;ng việc</h3>\r\n\r\n<p>&bull; Chịu tr&aacute;ch nhiệm về tiến độ, kết quả ho&agrave;n th&agrave;nh c&ocirc;ng việc của nh&oacute;m</p>\r\n\r\n<p>&bull; L&agrave; đại diện l&agrave;m việc duy nhất của nh&oacute;m với cấp tr&ecirc;n, c&aacute;c ph&ograve;ng ban, bộ phận kh&aacute;c trong c&aacute;c trao đổi về c&ocirc;ng việc, phối hợp l&agrave;m việc khi chưa c&oacute; sự ph&acirc;n c&ocirc;ng nh&acirc;n sự thay thế</p>\r\n\r\n<p>&bull; Chịu tr&aacute;ch nhiệm truyền đạt c&aacute;c th&ocirc;ng tin ch&iacute;nh thống từ ban l&atilde;nh đạo v&agrave; cấp tr&ecirc;n, c&aacute;c y&ecirc;u cầu v&agrave; c&ocirc;ng việc tới từng th&agrave;nh vi&ecirc;n trong đội nh&oacute;m</p>\r\n\r\n<p>&bull; Chịu tr&aacute;ch nhiệm hướng dẫn, gi&aacute;m s&aacute;t, nghiệm thu kết quả l&agrave;m việc của nh&oacute;m về đơn h&agrave;ng, c&aacute;c khoản thưởng, c&aacute;c b&aacute;o c&aacute;o từ dữ liệu của kh&aacute;ch h&agrave;ng trong hệ thống</p>\r\n\r\n<p>&bull; Chịu tr&aacute;ch nhiệm hướng dẫn, gi&aacute;m s&aacute;t, nghiệm thu kết quả l&agrave;m việc của nh&oacute;m về chăm s&oacute;c kh&aacute;ch h&agrave;ng trong hệ thống, thụ l&yacute;, xử l&yacute; khiếu nại v&agrave; giải đ&aacute;p c&aacute;c thắc mắc của kh&aacute;ch h&agrave;ng</p>\r\n\r\n<p>&bull; Chịu tr&aacute;ch nhiệm phối hợp với c&aacute;c ph&ograve;ng ban li&ecirc;n tục cải tiến c&aacute;c quy tr&igrave;nh, hoạt động nhằm tối ưu hiệu suất l&agrave;m việc của nội bộ nh&oacute;m v&agrave; hiệu quả l&agrave;m việc với c&aacute;c ph&ograve;ng bạn, gia tăng trải nghiệm kh&aacute;ch h&agrave;ng trong to&agrave;n hệ thống</p>\r\n\r\n<p>&bull; Quản l&yacute; c&aacute;c phần mềm về đơn h&agrave;ng v&agrave; dữ liệu kh&aacute;ch h&agrave;ng</p>\r\n\r\n<p>&bull; Định hướng, l&ecirc;n kế hoạch hoạt động v&agrave; ph&aacute;t triển của bộ phận. Đề xuất l&ecirc;n Ban Gi&aacute;m đốc để thảo luận v&agrave; triển khai thực hiện.</p>\r\n\r\n<p>&bull; Đảm bảo số liệu b&aacute;o c&aacute;o l&ecirc;n Ban Gi&aacute;m Đốc ch&iacute;nh x&aacute;c, đầy đủ, kịp thời.</p>\r\n\r\n<p>&bull; Đảm bảo c&aacute;c y&ecirc;u cầu ch&iacute;nh đ&aacute;ng của CBNV khối kinh doanh được tiếp nhận v&agrave; giải quyết đầy đủ, kịp thời.</p>\r\n\r\n<p>&bull; Hỗ trợ hoạt động kinh doanh kịp thời v&agrave; hiệu quả.</p>\r\n\r\n<p>&bull; T&iacute;nh to&aacute;n lương, thưởng kinh doanh cho c&aacute;c nh&acirc;n vi&ecirc;n kinh doanh</p>\r\n\r\n<p>&bull; C&aacute;c c&ocirc;ng việc kh&aacute;c theo chỉ đạo của Quản l&yacute; trực tiếp.</p>\r\n\r\n<p>&bull; Quản l&yacute; v&agrave; lưu trữ t&agrave;i liệu, hợp đồng kinh doanh</p>\r\n\r\n<p>&bull; Theo d&otilde;i tổng hợp v&agrave; ph&acirc;n t&iacute;ch dữ liệu kinh doanh</p>\r\n\r\n<p>&bull; Chịu tr&aacute;ch nhiệm c&aacute;c đơn h&agrave;ng của Idol</p>\r\n\r\n<p>&nbsp;</p>\r\n\r\n<h3>Y&ecirc;u cầu ứng vi&ecirc;n</h3>\r\n\r\n<p>&bull; Nữ từ 25 - 35 tuổi.&nbsp;</p>\r\n\r\n<p>&bull; Tr&igrave;nh độ Cao Đẳng/Đại học hoặc tương đương trở l&ecirc;n</p>\r\n\r\n<p>Chuy&ecirc;n ng&agrave;nh Kinh tế, quản trị kinh doanh, y khoa,...</p>\r\n\r\n<p>&bull; Kinh nghiệm &ge; 2 năm, tối thiểu 2 năm đảm nhiệm vị tr&iacute; tương đương, ưu ti&ecirc;n ứng vi&ecirc;n c&oacute; kinh nghiệm về mảng thẩm mỹ, nha khoa, y tế...</p>\r\n\r\n<p>&bull; Kiến thức chốt sale, chăm s&oacute;c KH, tư vấn KH;</p>\r\n\r\n<p>&bull; Kỹ năng Giao tiếp, tư vấn, quản l&yacute;, đ&agrave;o tạo, ph&acirc;n t&iacute;ch, đ&aacute;nh gi&aacute;, dự b&aacute;o</p>\r\n\r\n<p>&nbsp;</p>\r\n\r\n<p>&nbsp;</p>\r\n\r\n<p>&nbsp;</p>\r\n\r\n<p>&nbsp;</p>\r\n\r\n<h3>Quyền lợi</h3>\r\n\r\n<p>-12 triệu &ndash; 15 triệu + Thưởng doanh số -&gt; 18 triệu &ndash; 20 triệu</p>\r\n\r\n<p>- M&ocirc;i trường chuy&ecirc;n nghiệp, năng động.</p>\r\n\r\n<p>- Thưởng doanh số.</p>\r\n\r\n<p>- Thưởng th&aacute;ng lương thứ 13.</p>\r\n\r\n<p>- Trong t&igrave;nh h&igrave;nh nếu dịch phải d&atilde;n c&aacute;ch x&atilde; hội th&igrave; việc l&agrave;m của cty vẫn hoạt động b&igrave;nh thường, lương v&agrave; chế độ kh&ocirc;ng bị ảnh hưởng</p>\r\n\r\n<p>- Chế độ được đi tham quan du lịch nghỉ m&aacute;t h&agrave;ng năm.</p>\r\n\r\n<p>- Chế độ được đ&oacute;ng bảo hiểm .</p>\r\n\r\n<p>- Chế độ được đ&agrave;o tạo, Huấn luy&ecirc;n chuy&ecirc;n m&ocirc;n v&agrave; kỹ năng kh&aacute;c.</p>', 'truong-nhom-tu-van-cham-soc-khach-hang', 18000000, 20000000, 'Full time', 1, 'Trưởng nhóm', 'Trên 1 năm', '2', '2021-12-20 07:11:14', '2021-12-20 07:11:14', 1, 1, 1),
(269, 'Phó Phòng Marketing - Truyền Thông', 70, 'images/images/61c02ced1d594-How-to-Grow-Your-New-Business-Using-Digital-Marketing.jpg', '2022-01-14', '<h3>M&ocirc; tả c&ocirc;ng việc</h3>\r\n\r\n<p>- X&acirc;y dựng chiến lược marketing đảm bảo t&iacute;nh nhất qu&aacute;n của thương hiệu v&agrave; n&acirc;ng tầm h&igrave;nh ảnh sản phẩm, củng cố niềm tin của kh&aacute;ch h&agrave;ng đối với thương hiệu</p>\r\n\r\n<p>- X&acirc;y dựng v&agrave; triển khai c&aacute;c chiến dịch marketing tiếp cận mở rộng độ phủ của thương hiệu tới tập kh&aacute;ch h&agrave;ng mục ti&ecirc;u</p>\r\n\r\n<p>- X&acirc;y dựng kế hoạch, triển khai c&aacute;c hoạt động PR truyền th&ocirc;ng tr&ecirc;n đa nền tảng ph&ugrave; hợp với chiến lược Marketing tổng thể của c&ocirc;ng ty</p>\r\n\r\n<p>- Chịu tr&aacute;ch nhiệm nội dung: Bi&ecirc;n tập, viết b&agrave;i, đưa tin c&aacute;c hoạt động v&agrave; h&igrave;nh ảnh về sản phẩm, b&agrave;i viết thương hiệu, c&aacute;c hoạt động v&agrave; chiến dịch truyền th&ocirc;ng tr&ecirc;n c&aacute;c k&ecirc;nh th&ocirc;ng tin của c&ocirc;ng ty</p>\r\n\r\n<p>- Ph&aacute;t triển c&aacute;c chiến dịch truyền th&ocirc;ng phối hợp c&ugrave;ng c&aacute;c đối t&aacute;c chiến lược</p>\r\n\r\n<p>- Thực hiện c&aacute;c c&ocirc;ng việc kh&aacute;c theo sự chỉ đạo của trưởng ph&ograve;ng v&agrave; Ban gi&aacute;m đốc.</p>\r\n\r\n<h3>Y&ecirc;u cầu ứng vi&ecirc;n</h3>\r\n\r\n<p>- Tốt nghiệp Đại học</p>\r\n\r\n<p>- Th&agrave;nh thạo c&aacute;c kỹ năng tin học văn ph&ograve;ng</p>\r\n\r\n<p>- C&oacute; &iacute;t nhất 3 năm kinh nghiệm l&agrave;m tại c&aacute;c vị tr&iacute; li&ecirc;n quan về tư vấn, marketing, truyền th&ocirc;ng, s&aacute;ng tạo, chiến lược</p>\r\n\r\n<p>- Ham học hỏi, nghi&ecirc;m t&uacute;c trong c&ocirc;ng việc, chịu được &aacute;p lực c&ocirc;ng việc</p>\r\n\r\n<p>- Kỹ năng Tiếng Anh nghe n&oacute;i đọc viết tốt</p>\r\n\r\n<h3>Quyền lợi</h3>\r\n\r\n<p>- Lương cứng 16-24 triệu/th&aacute;ng</p>\r\n\r\n<p>- M&ocirc;i trường l&agrave;m việc trẻ, năng động, chuy&ecirc;n nghiệp</p>\r\n\r\n<p>- Nhiều cơ hội học hỏi, trau dồi kỹ năng, thăng tiến trong c&ocirc;ng việc</p>\r\n\r\n<p>- Được mở rộng mối quan hệ qua việc tiếp x&uacute;c với c&aacute;c đối t&aacute;c trong lĩnh vực b&aacute;n lẻ, gi&aacute;o dục, truyền th&ocirc;ng,&hellip;</p>\r\n\r\n<p>- C&oacute; cơ hội l&agrave;m việc với c&aacute;c đối t&aacute;c nước ngo&agrave;i</p>\r\n\r\n<p>- L&agrave;m việc theo giờ h&agrave;nh ch&iacute;nh (T2-T6 v&agrave; &frac12; ng&agrave;y T7)</p>\r\n\r\n<p>- Lương , thưởng hấp dẫn theo năng lực l&agrave;m việc</p>\r\n\r\n<p>- C&aacute;c chế độ ph&uacute;c lợi, BHXH đầy đủ</p>\r\n\r\n<p>- Nghỉ ph&eacute;p 12 ng&agrave;y/năm v&agrave; c&aacute;c ng&agrave;y lễ tết</p>\r\n\r\n<p>- Phụ cấp ăn trưa, gửi xe</p>', 'pho-phong-marketing-truyen-thong', 16000000, 24000000, 'Full time', 1, 'Trưởng/Phó phòng', 'Trên 3 năm', '3', '2021-12-20 07:12:45', '2021-12-20 07:12:45', 1, 1, 1);
INSERT INTO `blogs` (`id`, `title`, `user_recruitment_id`, `image`, `deadline`, `detail`, `slug`, `salary_min`, `salary_max`, `working_time`, `quantity`, `position`, `exp`, `gender`, `created_at`, `updated_at`, `enable`, `cate_id`, `location_id`) VALUES
(270, 'Trưởng Nhóm Kiểm Toán', 70, 'images/images/61c02d459c995-fbwrbo119t0qva4nms9lmyxzense.jpg', '2022-01-23', '<h3>M&ocirc; tả c&ocirc;ng việc</h3>\r\n\r\n<p>&bull; Kiểm to&aacute;n/so&aacute;t x&eacute;t BCTC của kh&aacute;ch h&agrave;ng;</p>\r\n\r\n<p>&bull; Lập kế hoạch v&agrave; sắp xếp lịch kiểm to&aacute;n với kh&aacute;ch h&agrave;ng;</p>\r\n\r\n<p>&bull; Quản l&yacute; nh&oacute;m kiểm to&aacute;n, ph&acirc;n c&ocirc;ng c&ocirc;ng việc cho c&aacute;c th&agrave;nh vi&ecirc;n trong nh&oacute;m;</p>\r\n\r\n<p>&bull; Quản l&yacute; kế hoạch, chiến lược v&agrave; so&aacute;t x&eacute;t hồ sơ kiểm to&aacute;n;</p>\r\n\r\n<p>&bull; Đ&agrave;o tạo cho trợ l&yacute; kiểm to&aacute;n;</p>\r\n\r\n<p>&bull; Trao đổi, l&agrave;m việc trực tiếp với kh&aacute;ch h&agrave;ng;</p>\r\n\r\n<p>&bull; Lập b&aacute;o c&aacute;o kiểm to&aacute;n/so&aacute;t x&eacute;t tu&acirc;n thủ theo quy định của c&aacute;c chuẩn mực kiểm to&aacute;n Việt Nam v&agrave; ph&aacute;p luật hiện h&agrave;nh.</p>\r\n\r\n<h3>Y&ecirc;u cầu ứng vi&ecirc;n</h3>\r\n\r\n<p>&bull; Tốt nghiệp Đại học ch&iacute;nh quy loại kh&aacute;, giỏi chuy&ecirc;n ng&agrave;nh: Kiểm to&aacute;n, Kế to&aacute;n, T&agrave;i ch&iacute;nh. Ưu ti&ecirc;n c&aacute;c ứng vi&ecirc;n c&oacute; kinh nghiệm trong lĩnh vực Kiểm to&aacute;n, Kế to&aacute;n, T&agrave;i ch&iacute;nh, Thuế;</p>\r\n\r\n<p>&bull; C&oacute; kỹ năng l&agrave;m việc theo nh&oacute;m.</p>\r\n\r\n<p>&bull; Si&ecirc;ng năng, nhiệt t&igrave;nh v&agrave; c&oacute; thể l&agrave;m việc dưới &aacute;p lực cao;</p>\r\n\r\n<p>&bull; C&oacute; kỹ năng giao tiếp v&agrave; tr&igrave;nh b&agrave;y tốt;</p>\r\n\r\n<p>&bull; Sử dụng th&agrave;nh thạo c&aacute;c phần mềm Winword, Excel. Biết sử dụng một số phần mềm kế to&aacute;n th&ocirc;ng dụng l&agrave; một lợi thế;</p>\r\n\r\n<p>&bull; Sức khỏe tốt, nam cao từ 1,65m trở l&ecirc;n, nữ cao từ 1,55m trở l&ecirc;n;</p>\r\n\r\n<p>&bull; Có kinh nghi&ecirc;̣m t&ocirc;́i thi&ecirc;̉u 2 năm từ vị tr&iacute; trợ l&yacute; kiểm to&aacute;n vi&ecirc;n, k&ecirc;́ toán vi&ecirc;n hoặc vị tr&iacute; tương đương trở l&ecirc;n;</p>\r\n\r\n<p>&bull; C&oacute; định hướng nghề nghiệp trong tương lai.</p>\r\n\r\n<h3>Quyền lợi</h3>\r\n\r\n<p>&bull; Lương theo thỏa thuận dựa tr&ecirc;n năng lực v&agrave; kinh nghiệm;</p>\r\n\r\n<p>&bull; Được hưởng c&aacute;c quyền lợi về chế độ BHXH, BHYT, BHTN v&agrave; c&aacute;c chế độ kh&aacute;c theo quy định của C&ocirc;ng ty ph&ugrave; hợp với luật lao động v&agrave; luật BHXH hiện h&agrave;nh;</p>\r\n\r\n<p>&bull; Được hỗ trợ tiền ăn trưa, c&ocirc;ng t&aacute;c ph&iacute;, phụ cấp kiểm k&ecirc;, phụ cấp ng&agrave;y nghỉ lễ, thưởng cuối năm theo quy chế của C&ocirc;ng ty;</p>\r\n\r\n<p>&bull; Được tham gia cập nhật thường xuy&ecirc;n c&aacute;c quy định mới về chế độ kế to&aacute;n, chuẩn mực kế to&aacute;n Việt Nam v&agrave; Chuẩn mực lập B&aacute;o c&aacute;o t&agrave;i ch&iacute;nh Quốc tế, chuẩn mực kiểm to&aacute;n, ph&aacute;p luật về thuế,&hellip;</p>\r\n\r\n<p>&bull; Được t&agrave;i trợ tham gia c&aacute;c kh&oacute;a đ&agrave;o tạo c&aacute;c chứng chỉ quốc tế về ng&agrave;nh nghề theo Quy chế của C&ocirc;ng ty;</p>\r\n\r\n<p>&bull; Được kh&aacute;m sức khỏe định kỳ h&agrave;ng năm;</p>\r\n\r\n<p>&bull; Được tham gia c&aacute;c hoạt động đo&agrave;n thể, nghỉ m&aacute;t thường ni&ecirc;n,&hellip;.</p>', 'truong-nhom-kiem-toan', 15000000, 20000000, 'Full time', 1, 'Trưởng nhóm', 'Trên 1 năm', '3', '2021-12-20 07:14:13', '2021-12-20 07:14:13', 1, 1, 1),
(271, 'Trưởng Phòng Hành Chính Nhân Sự', 70, 'images/images/61c02da3cd9fb-digital-marketing-banner (1).jpg', '2021-12-26', '<h3>M&ocirc; tả c&ocirc;ng việc</h3>\r\n\r\n<p>1. X&acirc;y dựng , thiết lập mục ti&ecirc;u , kế hoạch thực hiện ph&ograve;ng , quản l&yacute; nh&acirc;n sự thuộc ph&ograve;ng.</p>\r\n\r\n<p>2. Chịu tr&aacute;ch nhiệm trước Ban Gi&aacute;m Đốc về c&aacute;c hoạt động h&agrave;nh ch&iacute;nh &ndash; nh&acirc;n sự, năng lực v&agrave; hiệu quả l&agrave;m việc của nh&acirc;n vi&ecirc;n ph&ograve;ng HC-NS.</p>\r\n\r\n<p>3. Gi&aacute;m s&aacute;t, kiểm tra, đ&ocirc;n đốc c&ocirc;ng việc của nh&acirc;n vi&ecirc;n ph&ograve;ng kinh doanh do m&igrave;nh phụ tr&aacute;ch , đ&aacute;nh gi&aacute; kết quả thử việc của nh&acirc;n vi&ecirc;n ph&ograve;ng.</p>\r\n\r\n<p>4. Quản l&yacute; to&agrave;n c&ocirc;ng ty về an ninh trật tự, PCCC, An to&agrave;n lao động.</p>\r\n\r\n<p>5. Chủ tr&igrave; tổ chức c&aacute;c cuộc họp, sự kiện của C&ocirc;ng ty.</p>\r\n\r\n<p>6. X&acirc;y dựng , soạn thảo c&aacute;c quy định, nội quy, ch&iacute;nh s&aacute;ch li&ecirc;n quan đến c&aacute;c hoạt động của c&ocirc;ng ty.</p>\r\n\r\n<p>7. Soạn thảo c&aacute;c t&agrave;i liệu, b&aacute;o c&aacute;o, biểu mẫu về c&ocirc;ng t&aacute;c h&agrave;nh ch&iacute;nh-nh&acirc;n sự, soạn thảo t&agrave;i liệu huấn luyện đ&agrave;o tạo ph&ugrave; hợp với c&ocirc;ng việc thực tế v&agrave; đ&uacute;ng quy định của ph&aacute;p luật.</p>\r\n\r\n<p>8. Phối hợp c&aacute;c ph&ograve;ng ban x&acirc;y dựng định hướng, kế hoạch huấn luyện, đ&agrave;o tạo nh&acirc;n vi&ecirc;n (thời gian , số lượng,&hellip; ) theo mục ti&ecirc;u của C&ocirc;ng ty.</p>\r\n\r\n<p>9. Tham gia đ&aacute;nh gi&aacute; chất lượng sau đ&agrave;o tạo v&agrave; đ&aacute;nh gi&aacute; chất lượng nội bộ của C&ocirc;ng ty.</p>\r\n\r\n<p>10. Phối hợp c&aacute;c trưởng ph&ograve;ng tuyển dụng t&igrave;m kiếm nguồn nh&acirc;n lực để tuyển dụng theo mục ti&ecirc;u, kế hoạch của c&ocirc;ng ty &nbsp;v&agrave; theo y&ecirc;u cầu c&ocirc;ng việc của từng bộ phận.</p>\r\n\r\n<p>11. Phối hợp với c&aacute;c ph&ograve;ng ban trong c&ocirc;ng ty: x&acirc;y dựng bảng MTCV ph&ugrave; hợp với từng chức danh c&ocirc;ng việc, nghi&ecirc;n cứu tổ chức v&agrave; sắp xếp nh&acirc;n sự một c&aacute;ch khoa học nhằm n&acirc;ng cao hiệu quả lao động.</p>\r\n\r\n<p>12. Phổ biến, hướng dẫn, kiểm tra v&agrave; gi&aacute;m s&aacute;t &nbsp;CBNV &nbsp;thực hiện đ&uacute;ng nội quy, quy định của C&ocirc;ng ty v&agrave; c&aacute;c văn bản Nh&agrave; nước li&ecirc;n quan đến chế độ ch&iacute;nh s&aacute;ch đối với người lao động trong qu&aacute; tr&igrave;nh l&agrave;m việc.</p>\r\n\r\n<p>13. B&aacute;o c&aacute;o Ban gi&aacute;m đốc theo kế hoạch định kỳ về c&aacute;c c&ocirc;ng việc h&agrave;nh ch&iacute;nh &ndash; nh&acirc;n sự do m&igrave;nh phụ tr&aacute;ch .&nbsp;</p>\r\n\r\n<p>14. Tham gia giải quyết c&aacute;c c&ocirc;ng việc kh&aacute;c do Ban Gi&aacute;m đốc y&ecirc;u cầu.</p>\r\n\r\n<h3>Y&ecirc;u cầu ứng vi&ecirc;n</h3>\r\n\r\n<ul>\r\n	<li>C&oacute; 2 năm kinh nghiệm trở l&ecirc;n&nbsp;</li>\r\n	<li>Ưu ti&ecirc;n l&agrave;m trong lĩnh vực phần mềm, c&ocirc;ng nghệ th&ocirc;ng tin v&agrave; c&aacute;c lĩnh vực tương đương.</li>\r\n	<li>Tr&igrave;nh độ: Tốt nghiệp Đại học Quản trị nh&acirc;n lực, Luật, H&agrave;nh ch&iacute;nh Nh&acirc;n sự hoặc c&aacute;c ng&agrave;nh c&oacute; li&ecirc;n quan.</li>\r\n</ul>\r\n\r\n<h3>Quyền lợi</h3>\r\n\r\n<ul>\r\n	<li>THU NHẬP: 18.000.000 - 25.000.000 VNĐ</li>\r\n	<li>Được l&agrave;m việc trong m&ocirc;i trường chuy&ecirc;n nghiệp, th&acirc;n thiện, trẻ trung v&agrave; năng động</li>\r\n	<li>Được hưởng đầy đủ c&aacute;c chế độ, quyền lợi của người lao động theo quy định của Bộ Luật lao động hiện h&agrave;nh ( BHXH, nghỉ Lễ, Tết, ...)</li>\r\n	<li>Được hưởng c&aacute;c chế độ ph&uacute;c lợi kh&aacute;c d&agrave;nh cho CBNV theo quy định của C&ocirc;ng ty.</li>\r\n	<li>Được tham gia c&aacute;c hoạt động đ&agrave;o tạo ph&aacute;t triển chuy&ecirc;n m&ocirc;n/ kỹ năng, c&aacute;c hoạt động ngoại kh&oacute;a của c&ocirc;ng ty h&agrave;ng qu&yacute;, h&agrave;ng năm cho tất cả c&aacute;c CBNV như Team building, Year End Part, du lịch....</li>\r\n</ul>', 'truong-phong-hanh-chinh-nhan-su', 18000000, 25000000, 'Full time', 1, 'Trưởng/Phó phòng', 'Trên 1 năm', '2', '2021-12-20 07:15:47', '2021-12-20 07:15:47', 1, 1, 1),
(272, 'Quản Lý Kinh Doanh', 70, 'images/images/61c02df0a1841-digital-marketing-banner.jpg', '2022-01-22', '<h3>M&ocirc; tả c&ocirc;ng việc</h3>\r\n\r\n<p>- B&aacute;n h&agrave;ng thuộc lĩnh vực chuy&ecirc;n ng&agrave;nh kỹ thuật HVAC v&agrave; cơ điện M&amp;E n&oacute;i chung.&nbsp;<br />\r\n- B&aacute;n van c&ocirc;ng nghiệp cho hệ HVAC, PCCC, Cấp tho&aacute;t nước, hơi v&agrave; kh&iacute;; c&aacute;c loại van điều khiển, van c&acirc;n bằng, BTU meter, Cảm biến, khớp nối mềm, l&ograve; xo chống rung, b&igrave;nh gi&atilde;n nở, lọc t&aacute;ch cặn khử kh&iacute;, điều &aacute;p t&aacute;ch kh&iacute;</p>\r\n\r\n<h3>Y&ecirc;u cầu ứng vi&ecirc;n</h3>\r\n\r\n<p>- Tốt nghiệp c&aacute;c trường đại học chuy&ecirc;n ng&agrave;nh kinh tế v&agrave; c&aacute;c trường chuy&ecirc;n ng&agrave;nh kỹ thuật X&acirc;y Dựng, B&aacute;ch Khoa, C&ocirc;ng nghiệp, Kiến tr&uacute;c ( Ưu ti&ecirc;n ứng vi&ecirc;n tốt nghiệp từ c&aacute;c trường kỹ thuật).&nbsp;<br />\r\n- C&oacute; kinh nghiệm b&aacute;n h&agrave;ng thuộc lĩnh vực chuy&ecirc;n ng&agrave;nh kỹ thuật HVAC v&agrave; cơ điện M&amp;E n&oacute;i chung. Am hiểu hệ thống HVAC, M&amp;E. (C&oacute; kinh nghiệm b&aacute;n van c&ocirc;ng nghiệp cho hệ HVAC, PCCC, Cấp tho&aacute;t nước, hơi v&agrave; kh&iacute;; c&aacute;c loại van điều khiển, van c&acirc;n bằng, BTU meter, Cảm biến, khớp nối mềm, l&ograve; xo chống rung, b&igrave;nh gi&atilde;n nở, lọc t&aacute;ch cặn khử kh&iacute;, điều &aacute;p t&aacute;ch kh&iacute;&hellip;l&agrave; 1 ưu thế).<br />\r\n- C&oacute; kinh nghiệm l&agrave;m việc v&agrave; c&aacute;c mối quan hệ với c&aacute;c chủ đầu tư lĩnh vực x&acirc;y dựng, c&aacute;c nh&agrave; thầu cơ điện M&amp;E, kinh nghiệm l&agrave;m việc với c&aacute;c nh&agrave; tư vấn thiết kế cơ điện, giải ph&aacute;p tự động h&oacute;a.<br />\r\n- C&oacute; khả năng l&agrave;m việc độc lập, theo thầu v&agrave; tư vấn c&aacute;c giải ph&aacute;p hệ cơ điện cho dự &aacute;n, phối hợp hiệu quả với đội Sales để triển khai dự &aacute;n.<br />\r\n- Nhanh nhẹn, trung thực, lu&ocirc;n học hỏi để n&acirc;ng cao năng lực cũng như c&aacute;c k&yacute; năng mềm kh&aacute;c ngo&agrave;i chuy&ecirc;n m&ocirc;n, c&oacute; khả năng chịu &aacute;p lực c&ocirc;ng việc.<br />\r\n- C&oacute; khả năng nghi&ecirc;n cứu, đọc hiểu được t&agrave;i liệu kỹ thuật bằng Tiếng Anh.<br />\r\n- C&oacute; khả năng giao tiếp, thuyết phục, linh hoạt trong c&aacute;ch thương thảo với kh&aacute;ch h&agrave;ng.<br />\r\n- Kinh nghiệm từ 5 năm trong lĩnh vực trở l&ecirc;n<br />\r\n(mức lương: thỏa thuận khi phỏng vấn)</p>\r\n\r\n<h3>Quyền lợi</h3>\r\n\r\n<p>- Được hưởng mức lương xứng đ&aacute;ng với năng lực l&agrave;m việc, được hưởng phần trăm kinh doanh theo doanh số.<br />\r\n- C&ocirc;ng việc ổn định, l&agrave;m việc trong m&ocirc;i trường năng động, nhiều cơ hội để thử th&aacute;ch v&agrave; ph&aacute;t triển bản th&acirc;n.<br />\r\n- Chế độ ph&uacute;c lợi, bảo hiểm đầy đủ.</p>', 'quan-ly-kinh-doanh', 10000000, 15000000, 'Full time', 1, 'Quản lý / Giám sát', 'Trên 1 năm', '1', '2021-12-20 07:17:04', '2021-12-20 07:17:04', 1, 1, 1),
(273, 'Nhân Viên Telesales', 70, 'images/images/61c02e711c698-iStock-629383254.jpg', '2022-01-15', '<h2>M&ocirc; tả c&ocirc;ng việc</h2>\r\n\r\n<p>- Gọi điện thoại cho c&aacute;c kh&aacute;ch h&agrave;ng (phụ huynh) t&igrave;m hiểu nhu cầu t&igrave;m kiếm c&aacute;c kho&aacute; học c&ocirc;ng nghệ (Lập tr&igrave;nh v&agrave; ph&aacute;t triển ứng dụng, robotics v&agrave; điện tử tự động, c&ocirc;ng nghệ 3D v&agrave; multimedia,.....) theo chương tr&igrave;nh giảng dạy STEAM cho trẻ em với kịch bản c&oacute; sẵn.</p>\r\n\r\n<p>- Đặt lịch hẹn trải nghiệm c&aacute;c bộ m&ocirc;n của học viện cho c&aacute;c b&eacute; v&agrave; phụ huynh.</p>\r\n\r\n<p>- C&oacute; thể l&agrave;m việc online tại nh&agrave;</p>\r\n\r\n<p>- Chi tiết hơn trao đổi khi phỏng vấn</p>\r\n\r\n<h2>Y&ecirc;u cầu ứng vi&ecirc;n</h2>\r\n\r\n<p>&bull; Đ&atilde; c&oacute; kinh nghiệm l&agrave;m b&aacute;n h&agrave;ng, tư vấn, CSKH tại c&aacute;c trung t&acirc;m Tin học, to&aacute;n học, tiếng Anh... thuộc lĩnh vực gi&aacute;o dục l&agrave; 1 lợi thế.&nbsp;</p>\r\n\r\n<p>&bull;&nbsp; Ph&ugrave; hợp với c&aacute;c bạn sinh vi&ecirc;n mới tốt nghiệp, c&oacute; kinh nghiệm telesales, tư vấn, b&aacute;n h&agrave;ng, chăm s&oacute;c kh&aacute;ch h&agrave;ng qua điện thoại,....</p>\r\n\r\n<p>&bull; Giọng n&oacute;i tốt. C&oacute; Laptop c&aacute; nh&acirc;n. Ph&ugrave; hợp l&agrave;m tại nh&agrave; trong thời k&igrave; dịch bệnh chưa ổn định.</p>\r\n\r\n<p>&bull; Chăm chỉ, chịu kh&oacute;. Sẵn s&agrave;ng cống hiến hết m&igrave;nh để c&oacute; thu nhập cao, ổn định.</p>\r\n\r\n<p>&bull;&nbsp; KPI c&ocirc;ng việc bao gồm: Số meeting, số lượng v&agrave; thời lượng cuộc gọi trong ng&agrave;y.</p>\r\n\r\n<p>Kỹ năng:</p>\r\n\r\n<p>-&nbsp; Kỹ năng giao tiếp tốt</p>\r\n\r\n<p>-&nbsp; Kỹ năng tổ chức v&agrave; quản l&yacute; c&ocirc;ng việc</p>\r\n\r\n<p>-&nbsp; Kỹ năng xử l&yacute; t&igrave;nh huống</p>\r\n\r\n<p>&bull; Kinh nghiệm: Ưu ti&ecirc;n ứng vi&ecirc;n đ&atilde; c&oacute; kinh nghiệm l&agrave;m Telesales từ&nbsp; 4 th&aacute;ng trở l&ecirc;n&nbsp;&nbsp;</p>\r\n\r\n<h2>Quyền lợi được hưởng</h2>\r\n\r\n<p><strong>- Thu nhập:&nbsp; 4 - 8 triệu/th&aacute;ng + Bonus meeting (Số cuộc hẹn th&agrave;nh c&ocirc;ng). Lộ tr&igrave;nh l&ecirc;n c&aacute;c vị tr&iacute; Nh&acirc;n vi&ecirc;n/Chuy&ecirc;n vi&ecirc;n tư vấn gi&aacute;o dục ch&iacute;nh thức sau 02 - 03 th&aacute;ng, thu nhập trung b&igrave;nh ( 8 - 15 triệu/th&aacute;ng; lương cứng + % hoa hồng)</strong></p>\r\n\r\n<p>- Được l&agrave;m việc trong m&ocirc;i trường Gi&aacute;o dục năng động, chuy&ecirc;n nghiệp, cơ sở vật chất hiện đại.</p>\r\n\r\n<p>- Thưởng th&aacute;ng, thưởng qu&yacute;, thưởng n&oacute;ng theo th&agrave;nh t&iacute;ch kinh doanh.</p>\r\n\r\n<p>- Thường xuy&ecirc;n tham gia c&aacute;c buổi đ&agrave;o tạo kĩ năng chuy&ecirc;n m&ocirc;n v&agrave; kiến thức sản phẩm h&agrave;ng th&aacute;ng</p>\r\n\r\n<p>- Được học hỏi, trau dồi kiến thức về b&aacute;n h&agrave;ng v&agrave; kinh doanh</p>\r\n\r\n<p>- Được r&egrave;n luyện kỹ năng đ&aacute;nh gi&aacute; Target v&agrave; Insight kh&aacute;ch h&agrave;ng.</p>\r\n\r\n<p>- Được trang bị c&ocirc;ng nghệ hiện đại: hệ thống quản trị kh&aacute;ch h&agrave;ng &ldquo;hỏi l&agrave; c&oacute; th&ocirc;ng tin&rdquo;, được huấn luyện kỹ lưỡng, li&ecirc;n tục.</p>\r\n\r\n<p>- Được cung cấp h&agrave;ng ng&agrave;y nguồn học vi&ecirc;n dồi d&agrave;o, kh&ocirc;ng hạn chế, từ nhiều k&ecirc;nh.</p>\r\n\r\n<p>- Cơ hội l&agrave;m việc trực tiếp tham gia c&aacute;c dự &aacute;n gi&aacute;o dục mang t&iacute;nh quốc tế cao, c&oacute; sự tham gia của c&aacute;c doanh nghiệp h&agrave;ng đầu về gi&aacute;o dục tại Mĩ, H&agrave;n Quốc, Nhật Bản &hellip;</p>\r\n\r\n<p>Hưởng c&aacute;c chế độ kh&aacute;c ngo&agrave;i lương theo định kỳ hoặc kh&ocirc;ng định kỳ.</p>', 'nhan-vien-telesales', 5000000, 7000000, 'Full time', 7, 'Nhân viên', 'Dưới 1 năm', '3', '2021-12-20 07:19:13', '2021-12-20 07:19:13', 1, 1, 1),
(274, 'Nhân Viên Chốt Đơn', 70, 'images/images/61c02ed515097-Banner-1000x400-1.jpg', '2022-01-21', '<h3>M&ocirc; tả c&ocirc;ng việc</h3>\r\n\r\n<p><strong>- Gọi điện thoại chốt đơn cho kh&aacute;ch theo Data c&oacute; sẵn (kh&aacute;ch h&agrave;ng đ&atilde; đặt h&agrave;ng v&agrave; để lại th&ocirc;ng tin).</strong></p>\r\n\r\n<p>- Tư vấn, giải đ&aacute;p c&aacute;c thắc mắc của kh&aacute;ch h&agrave;ng về sản phẩm</p>\r\n\r\n<p>- Tiếp nhận v&agrave; xử l&yacute; những đơn h&agrave;ng từ nh&agrave; vận chuyển v&agrave; kh&aacute;ch h&agrave;ng khi c&oacute; vấn đề ph&aacute;t sinh.</p>\r\n\r\n<p>- Sản phẩm: mặt h&agrave;ng gia dụng</p>\r\n\r\n<p>&nbsp;</p>\r\n\r\n<p>&nbsp;</p>\r\n\r\n<h3>Y&ecirc;u cầu ứng vi&ecirc;n</h3>\r\n\r\n<p>. Kh&ocirc;ng y&ecirc;u cầu kinh nghiệm, đ&agrave;o tạo từ đầu</p>\r\n\r\n<p>&bull; Ưu ti&ecirc;n c&oacute; kinh nghiệm l&agrave;m việc</p>\r\n\r\n<p>&bull; B&igrave;nh tĩnh, kh&eacute;o l&eacute;o, nhanh nhẹn</p>\r\n\r\n<p>. Giới t&iacute;nh: Nữ</p>\r\n\r\n<p>&nbsp;</p>\r\n\r\n<p>&nbsp;</p>\r\n\r\n<p>&nbsp;</p>\r\n\r\n<h3>Quyền lợi</h3>\r\n\r\n<p><strong>. Lương cứng 6,5 - 7,5 triệu + phụ cấp + % hoa hồng , lương x1,5 ngo&agrave;i giờ. Thu nhập từ 8-15triệu</strong></p>\r\n\r\n<p>&bull; L&agrave;m việc trong m&ocirc;i trường năng động, chuy&ecirc;n nghiệp c&oacute; nhiều cơ hội thăng tiến</p>\r\n\r\n<p>&bull; Cung cấp trang thiết bị đầy đủ để phục vụ c&ocirc;ng việc</p>\r\n\r\n<p>&bull; Được hưởng c&aacute;c ch&iacute;nh s&aacute;ch ph&uacute;c lợi theo quy định của c&ocirc;ng ty</p>\r\n\r\n<p>&bull; C&aacute;c chương tr&igrave;nh teambuilding, nghỉ m&aacute;t được tổ chức h&agrave;ng năm tại c&ocirc;ng ty</p>', 'nhan-vien-chot-don', 8000000, 15000000, 'Full time', 5, 'Nhân viên', 'Trên 1 năm', '3', '2021-12-20 07:20:53', '2021-12-20 07:26:06', 1, 1, 1),
(275, 'Nhân Viên Telesales khách hàng', 70, 'images/images/61c02fd8ac00c-1ba31bbb212a2c927d3cc75fcf74beef.jpg', '2021-12-25', '<h3>M&ocirc; tả c&ocirc;ng việc</h3>\r\n\r\n<p>- Được C&ocirc;ng ty cung cấp m&aacute;y t&iacute;nh, line điện thoại (headphone) v&agrave; danh s&aacute;ch kh&aacute;ch h&agrave;ng tiềm năng c&oacute; sẵn</p>\r\n\r\n<p>- Gọi đến kh&aacute;ch h&agrave;ng để giới thiệu về c&aacute;c g&oacute;i chăm s&oacute;c sức khỏe v&agrave; lợi &iacute;ch của mỗi g&oacute;i</p>\r\n\r\n<p>- Tư vấn, giải đ&aacute;p c&aacute;c th&ocirc;ng tin cần thiết cho kh&aacute;ch h&agrave;ng</p>\r\n\r\n<p>- Hướng dẫn, thuyết phục kh&aacute;ch h&agrave;ng đăng k&yacute; c&aacute;c g&oacute;i kh&aacute;m</p>\r\n\r\n<p>- Theo d&otilde;i g&oacute;i kh&aacute;m của kh&aacute;ch, hỗ trợ kh&aacute;ch h&agrave;ng sau khi đăng k&yacute;</p>\r\n\r\n<p>ĐỊA ĐIỂM L&Agrave;M VIỆC:</p>\r\n\r\n<p>Văn ph&ograve;ng C&ocirc;ng ty Transcosmos Việt Nam, tầng 8 &amp; tầng 20 t&ograve;a nh&agrave; VTC Online, 18 Tam Trinh, Hai B&agrave; Trưng, H&agrave; Nội</p>\r\n\r\n<p>THỜI GIAN L&Agrave;M VIỆC:</p>\r\n\r\n<p>Thời gian l&agrave;m việc: 08h00~17h00, từ thứ 2 đến thứ 7</p>\r\n\r\n<h3>Y&ecirc;u cầu ứng vi&ecirc;n</h3>\r\n\r\n<p>- Giọng n&oacute;i dễ nghe, truyền cảm v&agrave; tự tin.</p>\r\n\r\n<p>- Si&ecirc;ng năng, chịu kh&oacute;, ham học hỏi.</p>\r\n\r\n<p>- Nhanh nhẹn, c&oacute; quyết t&acirc;m v&agrave; th&iacute;ch ứng nhanh với c&ocirc;ng việc mới.</p>\r\n\r\n<p>- Chịu &aacute;p lực c&ocirc;ng việc tốt.</p>\r\n\r\n<p>- Khả năng l&agrave;m việc độc lập, ki&ecirc;n nhẫn, nắm bắt t&acirc;m l&iacute;, xử l&iacute; t&igrave;nh huống tốt.</p>\r\n\r\n<h3>Quyền lợi</h3>\r\n\r\n<p>- Thu nhập: Lương cứng 6.500.000 VND/th&aacute;ng + thưởng KPI kh&ocirc;ng giới hạn</p>\r\n\r\n<p>- X&eacute;t thăng tiến, tăng lương 1 lần/năm</p>\r\n\r\n<p>- Lương th&aacute;ng thứ 13</p>\r\n\r\n<p>- Bảo hiểm đầy đủ sau 2 th&aacute;ng thử việc</p>\r\n\r\n<p>- Tặng qu&agrave; v&agrave;o c&aacute;c dịp Lễ, Tết trong năm</p>\r\n\r\n<p>- Kh&aacute;m sức khỏe thường ni&ecirc;n, team building, du lịch h&agrave;ng năm, tặng qu&agrave; kết h&ocirc;n, sinh con.</p>', 'nhan-vien-telesales-khach-hang', 15000000, 20000000, 'Full time', 20, 'Nhân viên', 'Trên 1 năm', '3', '2021-12-20 07:25:12', '2021-12-20 07:25:12', 1, 1, 1),
(276, 'Nhân Viên Kinh Doanh (Sales B2B)', 70, 'images/images/61c030cfa31db-How-to-Grow-Your-New-Business-Using-Digital-Marketing.jpg', '2022-01-22', '<h3>M&ocirc; tả c&ocirc;ng việc</h3>\r\n\r\n<p>&bull; Thực hiện c&ocirc;ng t&aacute;c b&aacute;n h&agrave;ng theo c&aacute;c chỉ ti&ecirc;u kế hoạch được giao từ cấp Quản l&yacute; trực tiếp.<br />\r\n&bull; Chủ động t&igrave;m kiếm v&agrave; tiếp cận kh&aacute;ch h&agrave;ng trong phạm vi khu vực v&agrave; ph&acirc;n kh&uacute;c kh&aacute;ch h&agrave;ng được ph&acirc;n c&ocirc;ng (Ng&acirc;n h&agrave;ng, T&agrave;i ch&iacute;nh, Bảo hiểm, C&aacute;c doanh nghiệp đa quốc gia&hellip;);<br />\r\n&bull; Nghi&ecirc;n cứu t&igrave;m hiểu, nắm bắt c&aacute;c sản phẩm/giải ph&aacute;p CNTT của c&ocirc;ng ty;<br />\r\n&bull; Tạo lập quan hệ v&agrave; chăm s&oacute;c kh&aacute;ch h&agrave;ng: Nghi&ecirc;n cứu, khai th&aacute;c v&agrave; ph&acirc;n t&iacute;ch th&ocirc;ng tin kh&aacute;ch h&agrave;ng, ph&aacute;t triển quan hệ v&agrave; t&igrave;m kiếm kh&aacute;ch h&agrave;ng, thị trường mới.</p>\r\n\r\n<h3>Y&ecirc;u cầu ứng vi&ecirc;n</h3>\r\n\r\n<p>Y&Ecirc;U CẦU:<br />\r\n&bull; Tốt nghiệp cao đẳng, đại học thuộc tất cả c&aacute;c chuy&ecirc;n ng&agrave;nh;<br />\r\n&bull; C&oacute; kinh nghiệm kinh doanh B2B từ 01 năm trở l&ecirc;n;<br />\r\n&bull; C&oacute; kiến thức về kinh doanh trong ng&agrave;nh CNTT hoặc c&oacute; kiến thức nghiệp vụ về mảng thị trường được ph&acirc;n c&ocirc;ng (T&agrave;i ch&iacute;nh ng&acirc;n h&agrave;ng, chứng kho&aacute;n, bảo hiểm, c&aacute;c doanh nghiệp đa quốc gia);<br />\r\n&bull; Ưu ti&ecirc;n c&oacute; tr&ecirc;n 1 năm kinh nghiệm trong lĩnh vực kinh doanh CNTT mảng t&iacute;ch hợp hệ thống v&agrave; c&oacute; sẵn mối quan hệ với c&aacute;c dự &aacute;n tương tự;<br />\r\n&bull; Ngoại h&igrave;nh kh&aacute;, kỹ năng giao tiếp v&agrave; thuyết tr&igrave;nh tốt, c&oacute; ch&iacute; tiến thủ, đam m&ecirc; kinh doanh, kh&ocirc;ng ngại kh&oacute;;<br />\r\n&bull; C&oacute; thể tự quản l&yacute; để đạt mục ti&ecirc;u KPI h&agrave;ng qu&yacute;;<br />\r\n&bull; C&oacute; động lực v&agrave; mong muốn ph&aacute;t triển bản th&acirc;n;<br />\r\n&bull; Chịu kh&oacute;, si&ecirc;ng năng, h&ograve;a đồng, c&oacute; khả năng l&agrave;m việc độc lập, l&agrave;m việc theo nh&oacute;m.</p>\r\n\r\n<h3>Quyền lợi</h3>\r\n\r\n<p>CH&Iacute;NH S&Aacute;CH PH&Uacute;C LỢI:<br />\r\n&bull; Lương: 500 &ndash; 700 $ lương cứng + lương theo doanh số.<br />\r\n&bull; Thời gian l&agrave;m việc: 8:15 &ndash; 5:30 thứ 2 đến thứ 6.<br />\r\n&bull; Được hưởng c&aacute;c g&oacute;i bảo hiểm sức khỏe 24/7, bảo hiểm tai nạn v&agrave; c&aacute;c loại bảo hiểm kh&aacute;c theo quy định của nh&agrave; nước;<br />\r\n&bull; Kh&aacute;m sức khỏe định kỳ h&agrave;ng năm tại c&aacute;c ph&ograve;ng kh&aacute;m đa khoa quốc tế, ti&ecirc;m ph&ograve;ng vacxin ph&ograve;ng ngừa c&uacute;m;<br />\r\n&bull; C&aacute;c hoạt động thể thao như đ&aacute; b&oacute;ng, chạy bộ;<br />\r\n&bull; &Iacute;t nhất một chuyến du lịch nước ngo&agrave;i; 1 chuyến teambuilding trong nước, c&aacute;c hoạt động T&acirc;n Ni&ecirc;n, Tất Ni&ecirc;n;<br />\r\n&bull; Thưởng lễ, tết, lương th&aacute;ng 13 v&agrave; nghỉ ph&eacute;p theo quy định;<br />\r\n&bull; Phụ cấp cơm trưa, được cấp laptop v&agrave; giữ xe miễn ph&iacute;;<br />\r\n&bull; Cơ hội thăng tiến, ph&aacute;t triển, lộ tr&igrave;nh nghề nghiệp r&otilde; r&agrave;ng.</p>', 'nhan-vien-kinh-doanh-sales-b2b', 9000000, 14000000, 'Full time', 4, 'Nhân viên', 'Trên 1 năm', '3', '2021-12-20 07:29:19', '2021-12-20 07:29:19', 1, 1, 1),
(277, 'Trưởng Nhóm Telesales / Telesales Leader', 70, 'images/images/61c031b81ba22-fbwrbo119t0qva4nms9lmyxzense.jpg', '2022-01-14', '<h3>M&ocirc; tả c&ocirc;ng việc</h3>\r\n\r\n<p><strong>1. Quản trị nh&acirc;n sự&nbsp;</strong><br />\r\n- Điều phối, quản l&yacute; hoạt động vận h&agrave;nh h&agrave;ng ng&agrave;y của team: ph&acirc;n c&ocirc;ng c&ocirc;ng việc, quản l&yacute; quy tr&igrave;nh l&agrave;m việc v&agrave; kịch bản tư vấn.&nbsp;<br />\r\n- Đ&agrave;o tạo, gi&uacute;p đỡ c&aacute;c bạn nh&acirc;n vi&ecirc;n trong nh&oacute;m để đạt được hiệu quả c&ocirc;ng việc&nbsp;<br />\r\n<strong>2. Quản trị doanh số v&agrave; kh&aacute;ch h&agrave;ng&nbsp;</strong><br />\r\n- X&acirc;y dựng doanh số v&agrave; đảm bảo thực hiện được doanh số của nh&oacute;m&nbsp;<br />\r\n- Quản l&yacute; c&aacute;c c&ocirc;ng việc của nh&oacute;m: Chất lượng cuộc gọi, tư vấn cho kh&aacute;ch h&agrave;ng&nbsp;<br />\r\n- Quản l&yacute; v&agrave; ph&acirc;n chia kh&aacute;ch h&agrave;ng mới cho th&agrave;nh vi&ecirc;n trong nh&oacute;m&nbsp;<br />\r\n- Lập kế hoạch v&agrave; triển khai c&aacute;c hoạt động b&aacute;n h&agrave;ng, chương tr&igrave;nh khuyến m&atilde;i th&ocirc;ng qua c&aacute;c k&ecirc;nh online (Website, Fanpage, Zalo,...) đối với c&aacute;c kh&aacute;ch h&agrave;ng mới v&agrave; cũ&nbsp;<br />\r\n- Quản l&yacute; ch&iacute;nh s&aacute;ch gi&aacute; b&aacute;n v&agrave; c&aacute;c chương tr&igrave;nh ưu đ&atilde;i ph&ugrave; hợp với từng đối tượng kh&aacute;ch h&agrave;ng.<br />\r\n- Tổng kết b&aacute;o c&aacute;o doanh thu h&agrave;ng ng&agrave;y, th&aacute;ng, qu&yacute; v&agrave; năm.&nbsp;<br />\r\n<strong>3. Phối hợp với ph&ograve;ng ban&nbsp;</strong><br />\r\n- Phối hợp c&ugrave;ng Marketing v&agrave; bộ phận kho: Phối hợp thực hiện c&aacute;c chương tr&igrave;nh quảng c&aacute;o, truyền th&ocirc;ng. Theo d&otilde;i đ&uacute;ng tiến độ giao h&agrave;ng&nbsp;<br />\r\n<strong>4. Thực hiện c&aacute;c c&ocirc;ng việc kh&aacute;c do cấp tr&ecirc;n giao</strong></p>\r\n\r\n<h3>Y&ecirc;u cầu ứng vi&ecirc;n</h3>\r\n\r\n<p><strong>1. Bằng cấp:&nbsp;</strong><br />\r\n- Tốt nghiệp Trung cấp, Cao đẳng, Đại học&nbsp;<br />\r\n<strong>2. Kinh nghiệm:&nbsp;</strong><br />\r\n- &Iacute;t nhất 1 năm kinh nghiệm ở vị tr&iacute; tương đương. C&oacute; kinh nghiệm ở vị tr&iacute; li&ecirc;n quan đến c&aacute;c sản phẩm l&agrave;m đẹp, thực phẩm chức năng, mỹ phẩm,.. l&agrave; một lợi thế<br />\r\n- C&oacute; kinh nghiệm quản l&yacute; team từ 05 người trở l&ecirc;n&nbsp;<br />\r\n<strong>3. Kĩ năng:&nbsp;</strong><br />\r\n- Quản l&yacute; &amp; vận h&agrave;nh đội nh&oacute;m.&nbsp;<br />\r\n- C&oacute; khả năng đ&agrave;o tạo nh&acirc;n vi&ecirc;n,&nbsp;<br />\r\n- Kỹ năng tư duy logic, giao tiếp tự tin, nhanh nhẹn&nbsp;<br />\r\n- Sử dụng th&agrave;nh thạo MS Office, tiếp cận nhanh với c&aacute;c phần mềm quản l&yacute;.&nbsp;<br />\r\n- Chủ động, c&oacute; tinh thần tr&aacute;ch nhiệm cao.&nbsp;<br />\r\n- Chịu được &aacute;p lực c&ocirc;ng việc, ho&agrave;n th&agrave;nh kế hoạch được giao</p>\r\n\r\n<h3>Quyền lợi</h3>\r\n\r\n<p><strong>1. Thời gian l&agrave;m việc:&nbsp;</strong><br />\r\nL&agrave;m việc h&agrave;nh ch&iacute;nh: từ thứ 2 đến s&aacute;ng thứ 7 hằng tuần.&nbsp;<br />\r\n<strong>2. Thu nhập v&agrave; chế độ ph&uacute;c lợi&nbsp;</strong><br />\r\n<strong>- Tổng thu nhập: &gt; 20 triệu: Mức lương: 10.000.000đ - 12.000.000đ + Tr&aacute;ch nhiệm + Hoa hồng tr&ecirc;n tổng doanh thu ph&ograve;ng&nbsp;</strong><br />\r\n- Phụ cấp ăn trưa: 30.000đ/ ng&agrave;y&nbsp;<br />\r\n- Phụ cấp m&aacute;y t&iacute;nh: 200.000đ/ th&aacute;ng<br />\r\n- Thưởng theo doanh số; thưởng c&aacute;c ng&agrave;y lễ tết, thưởng th&aacute;ng 13.&nbsp;<br />\r\n- Hưởng đầy đủ c&aacute;c chế độ BHXH, BHYT, BHTN, nghỉ ph&eacute;p, nghỉ lễ tết theo quy định của Luật Lao Động.&nbsp;<br />\r\n- Chế độ c&ocirc;ng đo&agrave;n: qu&agrave; 8/3, 20/10, qu&agrave; tết thiếu nhi 1/6, qu&agrave; trung thu, qu&agrave; sinh nhật, tiệc tr&agrave; cuối tuần hằng tuần, tiệc sinh nhật hằng th&aacute;ng, teambuidling, thăm hỏi ốm đau, du lịch h&egrave;, hiếu hỷ, ốm đau, thai sản&hellip;&nbsp;<br />\r\n- M&ocirc;i trường l&agrave;m việc năng động, trẻ trung, chuy&ecirc;n nghiệp, nhiều cơ hội thăng tiến, ph&aacute;t triển bản th&acirc;n.</p>', 'truong-nhom-telesales-telesales-leader', 15000000, 20000000, 'Full time', 1, 'Trưởng nhóm', 'Trên 1 năm', '3', '2021-12-20 07:33:12', '2021-12-20 07:33:12', 1, 1, 1),
(278, 'Nhân Viên Kinh Doanh sale', 70, 'images/images/61c033a669054-digital-marketing-banner (1).jpg', '2022-01-07', '<h3>M&ocirc; tả c&ocirc;ng việc</h3>\r\n\r\n<p>- T&igrave;m kiếm, tư vấn kh&aacute;ch h&agrave;ng v&agrave; b&aacute;n c&aacute;c sản phẩm nh&agrave; phố thuộc c&aacute;c khu đ&ocirc; thị tiềm năng, c&aacute;c loại Bất động sản nghỉ dưỡng theo chiến lược ph&aacute;t triển của c&ocirc;ng ty.<br />\r\n- Cung cấp, tư vấn đầy đủ ch&iacute;nh x&aacute;c th&ocirc;ng tin sản phẩm đ&aacute;p ứng nhu cầu kh&aacute;ch h&agrave;ng;&nbsp;<br />\r\n- Chăm s&oacute;c kh&aacute;ch h&agrave;ng hiện tại v&agrave; kh&aacute;ch h&agrave;ng tiềm năng<br />\r\n- Cập nhật th&ocirc;ng tin thị trường Bất động sản<br />\r\n- Thời gian l&agrave;m việc: từ Thứ 2 &ndash; Thứ 6: 8h30-17h30; Thứ 7: 8h30-12h00</p>\r\n\r\n<h3>Y&ecirc;u cầu ứng vi&ecirc;n</h3>\r\n\r\n<p>- Dưới 35 tuổi, kh&ocirc;ng y&ecirc;u cầu kinh nghiệm<br />\r\n- Y&ecirc;u th&iacute;ch lĩnh vực kinh doanh Bất động sản<br />\r\n- C&oacute; kỹ năng l&agrave;m việc độc lập, tự tin, h&ograve;a đồng, c&oacute; tinh thần hỗ trợ đồng đội.<br />\r\n- C&oacute; laptop, điện thoại trong qu&aacute; tr&igrave;nh l&agrave;m việc.</p>\r\n\r\n<h3>Quyền lợi</h3>\r\n\r\n<p>- Lương cứng&nbsp;5.000.000 &ndash; 15.000.000Đ/th&aacute;ng+ Hoa hồng + Thưởng n&oacute;ng theo giao dịch</p>\r\n\r\n<p>=&gt; THU NHẬP L&Ecirc;N TỚI 100TR/TH&Aacute;NG<br />\r\n- Phụ cấp con nhỏ dưới 6 tuổi: 500.000Đ/th&aacute;ng (đối với nh&acirc;n vi&ecirc;n ch&iacute;nh thức)<br />\r\n- Được tham gia c&aacute;c chương tr&igrave;nh đ&agrave;o tạo tại TPI Land<br />\r\n- Hỗ trợ kh&aacute;ch h&agrave;ng từ nguồn Marketing c&ocirc;ng ty v&agrave; hỗ trợ chi ph&iacute; Marketing c&aacute; nh&acirc;n.<br />\r\n- Chế độ thưởng th&aacute;ng, qu&yacute;, năm v&agrave; thưởng hiệu quả&hellip;<br />\r\n- Được đ&oacute;ng BHXH, BHYT, BHTN v&agrave; hưởng c&aacute;c chế độ ph&uacute;c lợi theo Bộ Luật Lao động.<br />\r\n- Hưởng c&aacute;c chế độ lễ tết, hiểu hỷ, sinh nhật&hellip; theo quy định chung của C&ocirc;ng ty.<br />\r\n- M&ocirc;i trường l&agrave;m việc hiện đại, năng động, chuy&ecirc;n nghiệp v&agrave; nhiều cơ hội thăng tiến.<br />\r\n- Được tham gia c&aacute;c hoạt động hội thao, teambuiliding, du lịch trong v&agrave; ngo&agrave;i nước&hellip;<br />\r\n- Đ&aacute;nh gi&aacute; định kỳ h&agrave;ng qu&yacute;, cơ chế mở, cơ hội thăng tiến r&otilde; r&agrave;ng.</p>', 'nhan-vien-kinh-doanh-sale', 5000000, 15000000, 'Full time', 30, 'Nhân viên', 'Không yêu cầu', '3', '2021-12-20 07:41:26', '2021-12-20 07:41:26', 1, 1, 1),
(279, 'Nhân Viên Kinh Doanh (Toàn Quốc)', 70, 'images/images/61c0340fd359e-digital-marketing-banner (1).jpg', '2022-01-16', '<h3>M&ocirc; tả c&ocirc;ng việc</h3>\r\n\r\n<p>- Lập kế hoạch triển khai việc b&aacute;n h&agrave;ng, khuyến m&atilde;i, ti&ecirc;u thụ c&aacute;c sản phẩm của c&ocirc;ng ty tại điểm b&aacute;n.</p>\r\n\r\n<p>- Thực hiện kế hoạch thăm kh&aacute;ch h&agrave;ng v&agrave; cập nhật c&aacute;c th&ocirc;ng tin l&ecirc;n hệ thống.</p>\r\n\r\n<p>- Thương lượng với chủ điểm b&aacute;n về điều khoản v&agrave; điều kiện hợp đồng kinh doanh của c&ocirc;ng ty</p>\r\n\r\n<p>- Thu thập v&agrave; b&aacute;o c&aacute;o c&aacute;c th&ocirc;ng tin về t&igrave;nh h&igrave;nh kinh doanh của điểm b&aacute;n, thị trường v&agrave; đối thủ.</p>\r\n\r\n<p>- Thực hiện c&aacute;c ti&ecirc;u chuẩn b&aacute;n h&agrave;ng tại điểm b&aacute;n theo ch&iacute;nh s&aacute;ch của c&ocirc;ng ty.</p>\r\n\r\n<p>- Thực hiện c&aacute;c hoạt động quảng b&aacute; v&agrave; x&acirc;y dựng h&igrave;nh ảnh nh&atilde;n hiệu tại c&aacute;c điểm b&aacute;n.</p>\r\n\r\n<p>- L&agrave;m việc với nh&agrave; cung cấp bảng hiệu để l&ecirc;n bảng hiệu cho qu&aacute;n.</p>\r\n\r\n<p>- T&igrave;m kiếm c&aacute;c điểm b&aacute;n mới trong địa b&agrave;n được giao.</p>\r\n\r\n<p>- Thực hiện c&aacute;c c&ocirc;ng việc giấy tờ c&oacute; li&ecirc;n quan.</p>\r\n\r\n<p>&nbsp;</p>\r\n\r\n<h3>ĐỊA&nbsp;ĐIỂM L&Agrave;M VIỆC:</h3>\r\n\r\n<p>&nbsp;Tất cả tại c&aacute;c tỉnh th&agrave;nh, quận, huyện tr&ecirc;n to&agrave;n quốc (Ứng vi&ecirc;n vui l&ograve;ng ghi r&otilde; địa điểm l&agrave;m việc khi gửi hồ sơ ứng tuyển đến nh&agrave; tuyển dụng).</p>\r\n\r\n<p><strong>1. MIỀN BẮC</strong><br />\r\n- H&agrave; Nam<br />\r\n- Ninh B&igrave;nh<br />\r\n- Hưng Y&ecirc;n<br />\r\n- Hải Dương<br />\r\n- Vĩnh Ph&uacute;c<br />\r\n- Quảng Ninh (Ti&ecirc;n Y&ecirc;n)<br />\r\n- H&ograve;a B&igrave;nh</p>\r\n\r\n<p><br />\r\n<strong>2. MIỀN TRUNG</strong><br />\r\n- Thanh H&oacute;a (N&ocirc;ng Cống)<br />\r\n- Gia Lai (Chư S&ecirc;)<br />\r\n- Cam Ranh &ndash; Kh&aacute;nh H&ograve;a</p>\r\n\r\n<p><br />\r\n<strong>3. HỒ CH&Iacute; MINH</strong><br />\r\n- Quận 1 - 4 - 7 &ndash; 2<br />\r\n- Quận 5 - 6 - 8 - 10 &ndash; 11<br />\r\n- B&igrave;nh Thạnh<br />\r\n- B&igrave;nh Ch&aacute;nh<br />\r\n- H&oacute;c M&ocirc;n&nbsp;</p>\r\n\r\n<p><br />\r\n<strong>4. MIỀN TRUNG</strong><br />\r\n- Thanh H&oacute;a (N&ocirc;ng Cống)<br />\r\n- Gia Lai (Chư S&ecirc;)<br />\r\n- Cam Ranh &ndash; Kh&aacute;nh H&ograve;a</p>\r\n\r\n<p><br />\r\n<strong>5. MIỀN Đ&Ocirc;NG</strong><br />\r\n- B&igrave;nh Dương (Thủ Dầu Một)<br />\r\n- Đồng Nai (Bi&ecirc;n H&ograve;a)<br />\r\n- T&acirc;y Ninh<br />\r\n- Vũng T&agrave;u</p>\r\n\r\n<p><br />\r\n<strong>6. MEKONG</strong><br />\r\n- Long An<br />\r\n- Tiền Giang<br />\r\n- Bến Tre<br />\r\n- S&oacute;c Trăng&nbsp;<br />\r\n- C&agrave; Mau<br />\r\n- Ki&ecirc;n Giang</p>\r\n\r\n<p>&nbsp;</p>\r\n\r\n<h3>Y&ecirc;u cầu ứng vi&ecirc;n</h3>\r\n\r\n<p>- Nam/ nữ từ 20 tuổi.</p>\r\n\r\n<p>- Ứng vi&ecirc;n c&oacute; kinh nghiệm b&aacute;n h&agrave;ng sản phẩm h&agrave;ng ti&ecirc;u d&ugrave;ng nhanh l&agrave; một lợi thế.</p>\r\n\r\n<p>- Ưu ti&ecirc;n ứng vi&ecirc;n c&oacute; kinh nghiệm b&aacute;n h&agrave;ng ng&agrave;nh t&atilde;, sữa. Chưa có kinh nghi&ecirc;̣m sẽ được đào tạo.</p>\r\n\r\n<p>- Am hiểu địa b&agrave;n ứng tuyển, c&oacute; tinh thần kỹ luật cao, trung thực v&agrave; nhiệt t&igrave;nh trong c&ocirc;ng việc.</p>\r\n\r\n<p>- Có phương ti&ecirc;̣n đi lại bằng xe m&aacute;y.</p>\r\n\r\n<h3>Quyền lợi</h3>\r\n\r\n<p>- Được hưởng đầy đủ c&aacute;c chế độ BHXH, BHYT, BHTN theo quy định.</p>\r\n\r\n<p>- Được hưởng c&aacute;c ch&iacute;nh s&aacute;ch đ&atilde;i ngộ xứng đ&aacute;ng, ph&ugrave; hợp với năng lực.</p>\r\n\r\n<p>- Được tham gia c&aacute;c chương tr&igrave;nh đạo tạo chuy&ecirc;n m&ocirc;n, kỹ thuật v&agrave; những kỹ năng mềm.</p>\r\n\r\n<p>- C&oacute; cơ hội ph&aacute;t triển bản th&acirc;n v&agrave; ph&aacute;t triển nghề nghiệp trong m&ocirc;i trường đa quốc gia chuy&ecirc;n nghiệp.</p>\r\n\r\n<p>- M&ocirc;i trường làm vi&ecirc;̣c hòa đ&ocirc;̀ng, trẻ trung, năng đ&ocirc;̣ng.</p>', 'nhan-vien-kinh-doanh-toàn-quóc', 7000000, 15000000, 'Full time', 50, 'Nhân viên', 'Trên 1 năm', '3', '2021-12-20 07:43:11', '2021-12-20 07:43:11', 1, 1, 1),
(280, 'Nhân Viên Kinh Doanh Logistics', 70, 'images/images/61c0368b254bf-Banner-1000x400-1.jpg', '2021-12-08', '<h3>M&ocirc; tả c&ocirc;ng việc</h3>\r\n\r\n<ul>\r\n	<li>T&igrave;m kiếm kh&aacute;ch h&agrave;ng sử dụng dịch vụ Logistics - chuyển ph&aacute;t nhanh (Gồm một trong c&aacute;c dịch vụ sau: Chuyển ph&aacute;t nhanh quốc tế (air) gửi h&agrave;ng từ Việt Nam đi Nhật, Mỹ, Taiwan, H&agrave;n Quốc&hellip;)</li>\r\n	<li>B&aacute;o gi&aacute;, chốt, k&yacute; kết hợp đồng với kh&aacute;ch h&agrave;ng</li>\r\n	<li>Duy tr&igrave; c&aacute;c mối quan hệ với kh&aacute;ch h&agrave;ng cũ v&agrave; ph&aacute;t triển c&aacute;c mối quan hệ mới.</li>\r\n	<li>X&acirc;y dựng, thực hiện, b&aacute;o c&aacute;o kế hoạch v&agrave; kết quả l&agrave;m việc theo ng&agrave;y, tuần.</li>\r\n	<li>Một số c&ocirc;ng việc kh&aacute;c sẽ trao đổi cụ thể khi phỏng vấn</li>\r\n</ul>\r\n\r\n<h3>Y&ecirc;u cầu ứng vi&ecirc;n</h3>\r\n\r\n<ul>\r\n	<li>Tốt nghiệp Đại học, Cao đẳng (ưu ti&ecirc;n ứng vi&ecirc;n c&oacute; chuy&ecirc;n ng&agrave;nh li&ecirc;n quan : kinh doanh quốc tế, logistics, kinh tế quốc tế, marketing, sale tr&ecirc;n nền tảng mạng x&atilde; hội)</li>\r\n	<li>Ưu ti&ecirc;n ứng vi&ecirc;n &ge; 1 năm kinh nghiệm sales, đặc biệt l&agrave; sales về logistics, xuất nhập khẩu, ngoại thương. Chưa c&oacute; Kinh nghiệm được đ&agrave;o tạo.</li>\r\n	<li>Ưu ti&ecirc;n c&aacute;c bạn; Nhanh nhẹn, giao tiếp tốt.</li>\r\n	<li>Ưu ti&ecirc;n c&aacute;c bạn biết tiếng Nhật, H&agrave;n hoặc từng c&oacute; thời gian đi Nhật, H&agrave;n.</li>\r\n</ul>\r\n\r\n<h3>Quyền lợi</h3>\r\n\r\n<ul>\r\n	<li>Tổng thu nhập : Trung b&igrave;nh &gt; 10 triệu (thu nhập kh&ocirc;ng giới hạn t&ugrave;y khả năng: bao gồm lương CB 7tr + % doanh số KPI ) &ndash; cơ chế tốt trong thị trường.</li>\r\n	<li>Thưởng n&oacute;ng khi đạt vượt chỉ ti&ecirc;u lớn.</li>\r\n	<li>Thưởng doanh thu, thưởng doanh số, thưởng KPI kh&ocirc;ng giới hạn.</li>\r\n	<li>Thưởng c&aacute;c ng&agrave;y lễ, sinh nhật, trợ cấp&hellip;</li>\r\n	<li>Thưởng lương th&aacute;ng 13</li>\r\n</ul>', 'nhan-vien-kinh-doanh-logistics', 10000000, 15000000, 'Full time', 5, 'Nhân viên', 'Trên 1 năm', '3', '2021-12-20 07:53:47', '2021-12-20 07:53:47', 1, 1, 79),
(281, 'PHP Developer (Up To 1500$, Có Sign On Bonus)', 73, 'images/images/61c2bfa7a678f-8422057429743972959-1585274850-2469-1585274984.jpg', '2021-12-28', '<h3>M&ocirc; tả c&ocirc;ng việc</h3>\r\n\r\n<p>BSS l&agrave; nh&agrave; cung cấp sản phẩm v&agrave; giải ph&aacute;p Top 3 thế giới tr&ecirc;n nền tảng Magento thuộc Adobe Commerce.</p>\r\n\r\n<p>BSS sở hữu bộ sản phẩm B2B Top 1 thế giới tr&ecirc;n nền tảng Magento &amp; Shopify</p>\r\n\r\n<p>BSS sở hữu nhiều nh&acirc;n sự l&agrave; chuy&ecirc;n gia về lĩnh vực thương mại điện tử v&agrave; l&agrave; đối t&aacute;c chiến lược của Adobe Commerce.</p>\r\n\r\n<p><strong>1. Gia nhập BSS Group, bạn sẽ:</strong></p>\r\n\r\n<ul>\r\n	<li>Ph&aacute;t triển c&aacute;c sản phẩm thương mại điện tử sử dụng PHP (v&iacute; dụ: Magento, Shopware)</li>\r\n	<li>Tham gia lập tr&igrave;nh cả back-end, front-end cho c&aacute;c dự &aacute;n.</li>\r\n	<li>Tham gia nghi&ecirc;n cứu, ph&aacute;t triển c&aacute;c giải ph&aacute;p t&iacute;ch hợp website thương mại điện tử với CRM, ERP.</li>\r\n	<li>Tham gia nghi&ecirc;n cứu c&aacute;c c&ocirc;ng nghệ mới li&ecirc;n quan tới WEB, ph&aacute;t triển t&iacute;nh năng v&agrave; tối ưu sản phẩm phục vụ số lượng người d&ugrave;ng lớn.</li>\r\n	<li>L&agrave;m việc với c&aacute;c th&agrave;nh vi&ecirc;n kh&aacute;c của dự &aacute;n. Tham gia v&agrave;o qu&aacute; tr&igrave;nh ph&acirc;n t&iacute;ch v&agrave; thiết kế hệ thống</li>\r\n	<li>Lu&ocirc;n đảm bảo c&ocirc;ng việc với chất lượng cao v&agrave; đ&aacute;p ứng c&aacute;c y&ecirc;u cầu của kh&aacute;ch h&agrave;ng</li>\r\n	<li>C&oacute; khả năng l&agrave;m việc độc lập cũng như l&agrave;m việc nh&oacute;m tốt</li>\r\n	<li>C&oacute; thể đưa ra c&aacute;c giải ph&aacute;p, kỹ thuật giải quyết vấn đề kh&oacute; khi cần thiết</li>\r\n</ul>\r\n\r\n<h3>Y&ecirc;u cầu ứng vi&ecirc;n</h3>\r\n\r\n<p><strong>2. Ứng tuyển v&agrave;o BSS nếu bạn:</strong></p>\r\n\r\n<ul>\r\n	<li>Tốt nghiệp đại học lĩnh vực khoa học m&aacute;y t&iacute;nh, c&ocirc;ng nghệ phần mềm hoặc li&ecirc;n quan</li>\r\n	<li>&Iacute;t nhất 1.5 năm kinh nghiệm thực tế trong việc ph&aacute;t triển WEB sử dụng PHP</li>\r\n	<li>Th&agrave;nh thạo PHP OOP.</li>\r\n	<li>Th&agrave;nh thạo Javascript căn bản, c&oacute; kinh nghiệm với JQuery.</li>\r\n	<li>Th&agrave;nh thạo GIT, BITBUCKET.</li>\r\n	<li>C&oacute; kinh nghiệm l&agrave;m việc với quy tr&igrave;nh Agile (Scrum, Kanban)</li>\r\n	<li>Giao tiếp tốt v&agrave; chịu được &aacute;p lực c&ocirc;ng việc cao.</li>\r\n	<li>Th&aacute;i độ t&iacute;ch cực v&agrave; trung thực trong c&ocirc;ng việc.<br />\r\n	<strong>* Ưu ti&ecirc;n ứng vi&ecirc;n c&oacute; th&ecirc;m kỹ năng</strong></li>\r\n	<li>Kinh nghiệm thực tế với dự &aacute;n sử dụng Magento 2</li>\r\n	<li>C&oacute; chứng chỉ PHP hoặc Magento 2</li>\r\n	<li>C&oacute; kinh nghiệm với Zend, Symfony frameworks.</li>\r\n	<li>C&oacute; kinh nghiệm với React, NodeJS</li>\r\n</ul>\r\n\r\n<h3>Quyền lợi</h3>\r\n\r\n<p><strong>3. Quyền lợi của bạn khi trở th&agrave;nh BSSer:</strong></p>\r\n\r\n<ul>\r\n	<li><strong>Lương net up to 1500$. X&eacute;t tăng lương 2 lần/năm.</strong></li>\r\n	<li><strong>Thưởng gia nh&acirc;̣p c&ocirc;ng ty: 50% tháng lương với ứng vi&ecirc;n level Middle, 100% tháng lương với ứng vi&ecirc;n level Senior.&nbsp;</strong></li>\r\n	<li>Thưởng hấp dẫn: lương th&aacute;ng thứ 13, thưởng qu&yacute; v&agrave; thưởng năm dựa v&agrave;o hiệu quả c&ocirc;ng việc.</li>\r\n	<li>L&agrave;m việc tại một trong những c&ocirc;ng ty Magento h&agrave;ng đầu tại Việt Nam. L&agrave; đối t&aacute;c Technology Partner của Magento v&agrave; Solution Provider cho nhiều kh&aacute;ch h&agrave;ng</li>\r\n	<li>Magento Enterprise tr&ecirc;n thế giới (100% kh&aacute;ch h&agrave;ng nước ngo&agrave;i). Cơ hội l&agrave;m việc với c&aacute;c dự &aacute;n mới, nhiều thử th&aacute;ch, c&aacute;c c&ocirc;ng nghệ mới trong ng&agrave;nh e-commerce</li>\r\n	<li>C&oacute; 13.5 ng&agrave;y nghỉ ph&eacute;p/năm, hiếu hỉ, thưởng th&acirc;m ni&ecirc;n, qu&agrave; sinh nhật v&agrave; c&aacute;c ph&uacute;c lợi kh&aacute;c theo quy định của ph&aacute;p luật</li>\r\n	<li>Thời gian l&agrave;m việc 5 ng&agrave;y/tuần, từ 8h30 đến 17h45.</li>\r\n	<li>M&ocirc;i trường l&agrave;m việc trẻ trung (95% l&agrave; 9x). Văn ph&ograve;ng l&agrave;m việc tiện nghi. Free tr&agrave;, cafe v&agrave; c&oacute; tủ đồ uống..</li>\r\n	<li>Tham gia c&aacute;c chương tr&igrave;nh team building, d&atilde; ngoại, sinh nhật th&agrave;nh vi&ecirc;n, du lịch, từ thiện&hellip; do BSS tổ chức thường xuy&ecirc;n.</li>\r\n	<li>Tham gia c&aacute;c CLB chạy, đ&aacute; b&oacute;ng, boardgame, văn nghệ &hellip; sau giờ l&agrave;m việc</li>\r\n	<li>Đ&oacute;ng BHXH c&aacute;c ph&uacute;c lợi kh&aacute;c theo quy định của ph&aacute;p luật</li>\r\n</ul>', 'php-developer-up-to-1500-có-sign-on-bonus', 30000000, 35000000, 'Full time,Part time', 40, 'Nhân viên', 'Trên 1 năm', '3', '2021-12-22 01:25:14', '2021-12-22 06:03:19', 1, 4, 1),
(282, 'Senior Marketing Executive (Up To 1000$)', 73, 'images/images/61c2bf9c0d39a-8422057429743972959-1585274850-2469-1585274984.jpg', '2021-12-26', '<h3>M&ocirc; tả c&ocirc;ng việc</h3>\r\n\r\n<p>- Analyze data and customer behavior to boost website traffics and get leads.</p>\r\n\r\n<p>- Work with other departments (design, development, support) to implement strategies.</p>\r\n\r\n<p>- Support go-to-market strategies with blog posts, web content, landing pages, email campaigns, etc.</p>\r\n\r\n<p>- Advertise products/services through paid channels (Google Ads, Facebook Ads, Bing Ads&hellip;).</p>\r\n\r\n<p>- Support and follow up customers&rsquo; requests about services by email, chat, phone in English.</p>\r\n\r\n<p>- Conduct other assigned tasks.</p>\r\n\r\n<h3>Y&ecirc;u cầu ứng vi&ecirc;n</h3>\r\n\r\n<p>- At least 2 years of experience in marketing, especially in Digital Marketing</p>\r\n\r\n<p>- Degrees in Marketing, Communications, Advertising, or Business preferred, but all majors are encouraged to apply.</p>\r\n\r\n<p>- Strong listening, writing and speaking skills (IELTS 6.0, TOEIC 700 certificate is preferable)</p>\r\n\r\n<p>- Good at critical thinking, communication and presentation</p>\r\n\r\n<p>- Be a continuous learner and creative.</p>\r\n\r\n<p>- Passionate, result-oriented and responsible.</p>\r\n\r\n<p>- Knowledge of digital marketing tools, such as Google Analytics, Google Search Console, Mailchimp&hellip;</p>\r\n\r\n<p>- Deep understanding of Digital Marketing (Copywriting, SEO, Email, Paid Ads&hellip;)</p>\r\n\r\n<p>- Strong analytical ability to address strategic questions with ease and speed</p>\r\n\r\n<p>- Knowledge of popular CMS or e-Commerce platforms such as Magento, Shopify, WordPress preferred.</p>\r\n\r\n<h3>Quyền lợi</h3>\r\n\r\n<p>Salary: Up to $1000 (Review every 6 months)</p>\r\n\r\n<p>Work with foreign customers. Exposed to the latest technology and ecommerce trends.</p>\r\n\r\n<p>Monthly in-house coaching and mentor programs.</p>\r\n\r\n<p>Youthful and dynamic working environment with 95% members are 9x, we have many clubs: running, football, board game...</p>\r\n\r\n<p>Office with a great view from 18th floor and creative workplace design.</p>\r\n\r\n<p>At BSS Group, tea &amp; coffee is free. Besides, we have a bookshelf with many interesting books for our members to borrow and of course, they are free too.</p>\r\n\r\n<p>The State statutory holidays and collective activities organized by the Company (travel. team building, health care, volunteer&hellip;).</p>\r\n\r\n<p>Working hours are 5 days/week (Monday to Friday).</p>\r\n\r\n<p>Other benefits according to the provisions of the Company and the Labor Code</p>', 'senior-marketing-executive-up-to-1000', 20000000, 25000000, 'Full time,Part time', 10, 'Quản lý', 'Trên 1 năm', '3', '2021-12-22 01:31:22', '2021-12-22 06:03:08', 1, 4, 1),
(283, 'SEO Specialist', 73, 'images/images/61c2bf8ff245c-8422057429743972959-1585274850-2469-1585274984.jpg', '2021-12-25', '<h3>M&ocirc; tả c&ocirc;ng việc</h3>\r\n\r\n<p>- Develop actionable plan and long-term SEO strategy for company website<br />\r\n- Plan and assign onpage/content/internal link tasks<br />\r\n- Monitor and manage content quality<br />\r\n- Analyze, monitor, and report on crucial organic key performance indicators.<br />\r\n- Monitor and report performance of traffic, rankings, conversions, and other trends to the leader/manager<br />\r\n- Regularly audit website to fix and update new policies/standards<br />\r\n- Implement advanced SEO techniques &nbsp;&nbsp;<br />\r\n- Work with the IT/Customer department to fix/update website technical issues, UI/UX, website structure.<br />\r\n- Work with Content team to create content that match search intern and bring benefit to customers<br />\r\n- Research and learn SEO techniques to update/advance current process<br />\r\n&nbsp;</p>\r\n\r\n<h3>Y&ecirc;u cầu ứng vi&ecirc;n</h3>\r\n\r\n<p>- Have at least 2-year experience with SEO, especially for English content.<br />\r\n- Highly creative with experience in identifying target audiences.<br />\r\n- Knowledge of website analytics tools and SEO tools (e.g., Google Analytics, Search Console, Ahrefs,...) is a must-have.<br />\r\n- Strong analytical skills and data-driven thinking.<br />\r\n- Up-to-date with the latest trends and best practices in online marketing and measurement.<br />\r\n- Pre-intermediate English level (reading and writing skill)<br />\r\n- Experience in paid advertising is a big plus.<br />\r\n&nbsp;</p>\r\n\r\n<h3>Quyền lợi</h3>\r\n\r\n<p>- Salary: Up to 20M (Review every 6 months).<br />\r\n- Youthful working environment (95% are 9x). Opportunities to participate in clubs: football, running, game,.... Dynamic internal culture, at BSS we respect differences, and - - focus on human development.<br />\r\n- Benefiting from frequent training courses, competence tests, English, and other career skills...<br />\r\n- Benefiting from birthday presents, seniority allowance, coverage of specialization courses fee or career certificate.<br />\r\n- Working time: 5 days per week, 8h30 to 17h45, from Monday to Friday. Allowed 13.5 days absence per year (12 days absence according to laws and 1.5 day absence for annual company trip)<br />\r\n- Chance to participate in team-building, picnics, summer trip, voluntary activities ... regularly organized by BSS.<br />\r\n- Convenient office at the 18th floor with scenic views. Tea, coffee and drinks are always available at the office.<br />\r\n- Social Insurance and Health Insurance paid by the company after 2 months of working trial and others benefit according to the Labour Law.</p>', 'seo-specialist', 20000000, 20000000, 'Full time,Part time', 10, 'Nhân viên', 'Trên 1 năm', '2', '2021-12-22 01:33:12', '2021-12-22 06:02:55', 1, 4, 1);
INSERT INTO `blogs` (`id`, `title`, `user_recruitment_id`, `image`, `deadline`, `detail`, `slug`, `salary_min`, `salary_max`, `working_time`, `quantity`, `position`, `exp`, `gender`, `created_at`, `updated_at`, `enable`, `cate_id`, `location_id`) VALUES
(284, 'Digital Performance Marketing Executive (Từ 1 Năm Kinh Nghiệm - Up To 1000$)', 73, 'images/images/61c2bf837c8af-8422057429743972959-1585274850-2469-1585274984.jpg', '2021-12-28', '<h3>M&ocirc; tả c&ocirc;ng việc</h3>\r\n\r\n<p>- Planning, development and execution of digital programs and campaigns to drive brand awareness and lead generation/conversion through the digital channels such as advertising, emails, the company&#39;s own website...<br />\r\n- Monitors the performance of each campaign and aligns appropriate resources to ensure delivery of the goals.<br />\r\n- Campaign Reporting &amp; Analysis.<br />\r\n- Engages and collaborates with other teammates and colleagues to resolve critical complex issues.</p>\r\n\r\n<h3>Y&ecirc;u cầu ứng vi&ecirc;n</h3>\r\n\r\n<p><strong>Experience:</strong><br />\r\nAt least 1 year of proven experience working mainly in digital marketing<br />\r\nExperience in projects within the high tech, e-commerce industry is preferred<br />\r\n<strong>Essential skills:</strong><br />\r\nGood understanding of digital marketing and digital production (i.e. Google Ads, Content Marketing, Email Marketing, Marketing automation)<br />\r\nSolid understanding of tracking platform (i.e: GTM, GA, GSC&hellip;), web/app metrics, digital analytics, with the ability to generate, analyze and interpret data<br />\r\nGood written communication skill in English<br />\r\n<strong>Personal characteristics:</strong><br />\r\nPassion, responsible, innovative, and solution-oriented person, team-player</p>\r\n\r\n<h3>Quyền lợi</h3>\r\n\r\n<p>- Salary: Up to 1000$ (Review every 6 months).<br />\r\n- Performance Bonus<br />\r\n- Building large-scale &amp; global software products<br />\r\n- Working &amp; growing with Passionate &amp; Talented Team. Youthful working environment (95% are 9x). Opportunities to participate in clubs: football, running, game,... Dynamic internal culture, at BSS we respect for differences and focus on human development.<br />\r\n- Diverse careers opportunities with Software Outsourcing, Software Product Development, IT Solutions &amp; Consulting and open to Marketing Leader/Manager position<br />\r\n- Benefiting from frequent training courses, competence tests, English, and other career skills...<br />\r\n- Benefiting from birthday presents, seniority allowance, coverage of specialization courses fee or career certificate.<br />\r\n- Working time: 5 days per week, 8h30 to 17h45, from Monday to Friday. Allowed 13.5 days absence per year (12 days absence according to laws and 1.5 day absence for annual company trip)<br />\r\n- Chance to participate in team-building, picnics, summer trips, voluntary activities ... regularly organized by BSS<br />\r\n- Convenient office at the 18th floor with scenic views. Tea, coffee, and drinks are always available at the office.<br />\r\n- Social Insurance and Health Insurance are paid by the company after 2 months of working trial and others benefit according to the Labour Law.</p>', 'digital-performance-marketing-executive-tu-1-nam-kinh-nghiem-up-to-1000-bss', 20000000, 25000000, 'Part time', 25, 'Nhân viên', 'Trên 1 năm', '3', '2021-12-22 01:34:44', '2021-12-22 06:02:43', 1, 4, 1),
(285, 'Devops Developer (Up To 1300$ + Thưởng 1 Tháng Lương Khi Nhận Việc)', 73, 'images/images/61c2bf77b19d1-8422057429743972959-1585274850-2469-1585274984.jpg', '2021-12-27', '<h3>M&ocirc; tả c&ocirc;ng việc</h3>\r\n\r\n<ul>\r\n	<li>Quản l&yacute; c&aacute;c hệ thống server hiện tại bao gồm Production, Test v&agrave; Dev.</li>\r\n	<li>Tham gia triển khai v&agrave; nghi&ecirc;n cứu CI-CD tr&ecirc;n hệ thống server hiện tại, AWS hoặc Google cloud.</li>\r\n	<li>Tham gia x&acirc;y dựng cơ sở hạ tầng cho c&aacute;c ứng dụng nhiều người d&ugrave;ng với khả năng dễ mở rộng.</li>\r\n	<li>X&acirc;y dựng c&ocirc;ng cụ gi&aacute;m s&aacute;t t&igrave;nh trạng ứng dụng v&agrave; lỗi xảy ra tr&ecirc;n c&aacute;c server.</li>\r\n	<li>Tham gia x&acirc;y dựng hệ thống t&agrave;i liệu cho việc c&agrave;i đặt ứng dụng, vận h&agrave;nh hệ thống, cải thiện workflow.</li>\r\n	<li>Tham gia tối ưu m&ocirc;i trường (hệ điều h&agrave;nh, cấu h&igrave;nh server, jobs...) để cải thiện hiệu năng c&aacute;c ứng dụng.</li>\r\n</ul>\r\n\r\n<h3>Y&ecirc;u cầu ứng vi&ecirc;n</h3>\r\n\r\n<ul>\r\n	<li>Tốt nghiệp đại học chuy&ecirc;n ng&agrave;nh Khoa Học M&aacute;y T&iacute;nh, C&ocirc;ng Nghệ Th&ocirc;ng Tin hoặc c&aacute;c ng&agrave;nh li&ecirc;n quan.</li>\r\n	<li>Th&agrave;nh thạo m&ocirc;i trường Linux (Ubuntu/Debian).</li>\r\n	<li>Th&agrave;nh thạo LEMP v&agrave; c&oacute; khả năng viết c&aacute;c shell script.</li>\r\n	<li>C&oacute; thể code &iacute;t nhất một ng&ocirc;n ngữ lập tr&igrave;nh (Java, Python, NodeJS) v&agrave; biết lập tr&igrave;nh web.</li>\r\n	<li>Ưu ti&ecirc;n c&oacute; &iacute;t nhất 1-2 năm kinh nghiệm l&agrave;m DEVOPS.</li>\r\n	<li>Tỉ mỉ v&agrave; cẩn thận.</li>\r\n	<li>Giao tiếp cởi mở.</li>\r\n</ul>\r\n\r\n<h3>Quyền lợi</h3>\r\n\r\n<ul>\r\n	<li>Lương:&nbsp;Up to 1300$ (review 2 lần 1 năm). Thưởng 1 th&aacute;ng lương khi nhận việc (chỉ &aacute;p dụng với ứng vi&ecirc;n nhận việc trước 31/12/2021 v&agrave; ứng tuyển trực tiếp với BSS Group, kh&ocirc;ng qua b&ecirc;n thứ ba)</li>\r\n	<li>Ch&iacute;nh s&aacute;ch thưởng hấp dẫn: lương th&aacute;ng thứ 13, thưởng qu&yacute; v&agrave; thưởng năm dựa v&agrave;o hiệu quả c&ocirc;ng việc. Tổng thu nhập l&ecirc;n tới 14-15 th&aacute;ng lương/năm.</li>\r\n	<li>Thời gian l&agrave;m việc 5 ng&agrave;y/tuần, từ 8h30 đến 17h45. Kh&ocirc;ng khuyến kh&iacute;ch OT.</li>\r\n	<li>L&agrave;m việc tại một trong những c&ocirc;ng ty Magento h&agrave;ng đầu tại Việt Nam với số lượng Magento extension lớn nhất ĐNA. L&agrave; đối t&aacute;c Technology Partner của Magento v&agrave; Solution Provider cho nhiều kh&aacute;ch h&agrave;ng Magento Enterprise tr&ecirc;n thế giới (100% kh&aacute;ch h&agrave;ng nước ngo&agrave;i).</li>\r\n	<li>C&oacute; cơ hội ph&aacute;t triển kỹ năng thuyết tr&igrave;nh, huấn luyện đ&agrave;o tạo qua c&aacute;c buổi chia sẻ, training nội bộ.</li>\r\n	<li>Nhiều ph&uacute;c lợi hấp dẫn: 13.5 ng&agrave;y nghỉ ph&eacute;p/năm (12 ng&agrave;y nghỉ ph&eacute;p theo quy định v&agrave; 1.5 ng&agrave;y nghỉ ph&eacute;p du lịch h&agrave;ng năm), bảo hiểm, hiếu hỉ, thưởng th&acirc;m ni&ecirc;n v&agrave; c&aacute;c ph&uacute;c lợi kh&aacute;c theo quy định của ph&aacute;p luật.</li>\r\n	<li>M&ocirc;i trường l&agrave;m việc trẻ trung (95% l&agrave; 9x), l&agrave;m hết sức, chơi hết m&igrave;nh. Văn ph&ograve;ng l&agrave;m việc tiện nghi. Free tr&agrave;, cafe v&agrave; c&oacute; tủ đồ uống.</li>\r\n	<li>Tham gia c&aacute;c chương tr&igrave;nh team building, d&atilde; ngoại, sinh nhật th&agrave;nh vi&ecirc;n, du lịch, từ thiện&hellip; do BSS tổ chức thường xuy&ecirc;n.</li>\r\n	<li>Tham gia c&aacute;c CLB chạy, đ&aacute; b&oacute;ng, boardgame, văn nghệ &hellip; sau giờ l&agrave;m việc.</li>\r\n	<li>Nghỉ hằng năm v&agrave; c&aacute;c ph&uacute;c lợi kh&aacute;c theo quy định của ph&aacute;p luật.</li>\r\n</ul>', 'devops-developer-up-to-1300-thuong-1-thang-luong-khi-nhan-viec', 25000000, 30000000, 'Full time', 11, 'Nhân viên', 'Trên 1 năm', '1', '2021-12-22 01:36:02', '2021-12-22 06:02:31', 1, 4, 1),
(286, 'Junior Developer', 57, 'images/images/61c29c3b4a85a-3d765325ae135e1fcc4b3d1e130f794b.jpg', '2022-01-20', '<h3>M&ocirc; tả c&ocirc;ng việc</h3>\r\n\r\n<p>&bull; Tham gia v&agrave;o tất cả c&aacute;c hoạt động ph&aacute;t triển phần mềm theo quy tr&igrave;nh Scrum<br />\r\n&bull; Thiết kế c&aacute;c giải ph&aacute;p v&agrave; c&aacute;ch tiếp cận cho c&aacute;c t&iacute;nh năng phần mềm hoặc hệ thống con<br />\r\n&bull; Viết m&atilde; chất lượng cao để triển khai c&aacute;c t&iacute;nh năng phần mềm hoặc sửa lỗi<br />\r\n&bull; Thực hiện kiểm tra đơn vị, t&agrave;i liệu v&agrave; tất cả c&aacute;c hoạt động kh&aacute;c được x&aacute;c định trong Định nghĩa Ho&agrave;n th&agrave;nh trước khi chuyển m&atilde; nguồn cho nh&oacute;m Kiểm tra<br />\r\n&bull; Trao đổi v&agrave; b&aacute;o c&aacute;o nội bộ hoặc trực tiếp với kh&aacute;ch h&agrave;ng về t&igrave;nh trạng hoặc kết quả c&ocirc;ng việc</p>\r\n\r\n<h3>Y&ecirc;u cầu ứng vi&ecirc;n</h3>\r\n\r\n<ul>\r\n	<li>Tốt nghiệp Đại học, cao đẳng c&aacute;c ng&agrave;nh CNTT, c&oacute; một skill ng&ocirc;n ngữ lập tr&igrave;nh r&otilde; r&agrave;ng v&iacute; dụ : Java, C#, PHP, .NET,...</li>\r\n	<li>C&oacute; tham gia học th&ecirc;m c&aacute;c kh&oacute;a đ&agrave;o tạo lập tr&igrave;nh&nbsp;</li>\r\n	<li>C&oacute; Tiếng Anh, Tiếng Nhật l&agrave; một lợi thế</li>\r\n	<li>Tốt nghiệp Đại học c&aacute;c ng&agrave;nh kh&aacute;c nhưng c&oacute; đam m&ecirc; v&agrave; học qua c&aacute;c kh&oacute;a học lập tr&igrave;nh</li>\r\n	<li>C&oacute; kinh nghiệm l&agrave;m việc 6 th&aacute;ng trở l&ecirc;n về IT l&agrave; điểm cộng</li>\r\n</ul>\r\n\r\n<h3>Quyền lợi</h3>\r\n\r\n<p>- Signing bonus: 15.000.000 &ndash; 40.000.000 VNĐ<br />\r\n- Offer đầy đủ chế độ ph&uacute;c lợi hấp dẫn c&ugrave;ng mức lương thưởng cạnh tranh<br />\r\n- Cơ hội tạo v&agrave; ph&aacute;t triển năng lực chuy&ecirc;n s&acirc;u với c&aacute;c chuy&ecirc;n gia c&ocirc;ng nghệ trong v&agrave; ngo&agrave;i nước<br />\r\n- &nbsp;Đi onsite ngắn/d&agrave;i hạn tại Nhật Bản, Us &nbsp;l&agrave;m việc trực tiếp với c&aacute;c đối t&aacute;c của FPT Software để t&iacute;ch lũy kinh nghiệm v&agrave; n&acirc;ng tầm sự nghiệp<br />\r\n- Hỗ trợ chuyển v&ugrave;ng (v&eacute; m&aacute;y bay, nh&agrave; ở, đi lại&hellip;) l&ecirc;n đến 100 triệu đồng/năm nếu bạn từ H&agrave; Nội/HCM chuyển về Đ&agrave; Nẵng<br />\r\n- Tham gia chương tr&igrave;nh mua căn hộ FPT Plaza Đ&agrave; Nẵng với gi&aacute; đặc biệt ưu đ&atilde;i</p>', 'junior-developer', 8000000, 14000000, 'Full time', 10, 'Nhân viên', 'Dưới 1 năm', '3', '2021-12-22 03:32:11', '2021-12-22 03:32:11', 1, 4, 48),
(287, 'Thực Tập Sinh Lập Trình ( Developer Intern)', 57, 'images/images/61c29cb2c390d-tu-vung-cong-nghe-thong-tin-1-700x366.jpg', '2022-01-20', '<h3>M&ocirc; tả c&ocirc;ng việc</h3>\r\n\r\n<p>- Lập tr&igrave;nh phần mềm quản l&yacute; tr&ecirc;n nền .NET, ng&ocirc;n ngữ sử dụng C#, Sql server (Được hướng dẫn thao t&aacute;c từng module)</p>\r\n\r\n<p>- Nghi&ecirc;n cứu, t&igrave;m hiểu c&aacute;c t&iacute;nh năng để đ&aacute;p ứng cho kh&aacute;ch h&agrave;ng c&aacute;c giải ph&aacute;p to&agrave;n diện.</p>\r\n\r\n<p>- Hỗ trợ c&aacute;c c&ocirc;ng việc li&ecirc;n quan đến website của c&ocirc;ng ty.</p>\r\n\r\n<h3>Y&ecirc;u cầu ứng vi&ecirc;n</h3>\r\n\r\n<p>- C&oacute; kiến thức về ng&ocirc;n ngữ lập tr&igrave;nh C#, SQL Server ...</p>\r\n\r\n<p>- Sinh vi&ecirc;n hệ Cao đẳng trở l&ecirc;n, ưu ti&ecirc;n kh&ocirc;ng vướng bận c&aacute;c m&ocirc;n học.</p>\r\n\r\n<p>- C&oacute; thể l&agrave;m việc Full- time.</p>\r\n\r\n<p>Văn ph&ograve;ng c&ocirc;ng ty:</p>\r\n\r\n<p>+ Hồ Ch&iacute; Minh: Số 82 đường 76, Phường 10, Quận 6, Hồ Ch&iacute; Minh, Vietnam</p>\r\n\r\n<h3>Quyền lợi</h3>\r\n\r\n<p>- Lương hỗ trợ + thưởng.</p>\r\n\r\n<p>- Hỗ trợ dấu mộc sau khi kết th&uacute;c thực tập</p>\r\n\r\n<p>- Cơ hội trở th&agrave;nh nh&acirc;n vi&ecirc;n ch&iacute;nh thức, l&agrave;m việc trong một m&ocirc;i trường chuy&ecirc;n nghiệp, được huấn luyện b&agrave;i bản để ph&aacute;t triển nghề nghiệp l&acirc;u d&agrave;i.</p>\r\n\r\n<p>- Được đ&agrave;o tạo li&ecirc;n tục đầy đủ kiến thức li&ecirc;n quan, đảm bảo nắm vững c&aacute;c kỹ năng sau v&agrave;i th&aacute;ng l&agrave;m việc tại c&ocirc;ng ty.</p>\r\n\r\n<p>- M&ocirc;i trường l&agrave;m việc năng động, s&aacute;ng tạo v&agrave; thoải m&aacute;i. C&ocirc;ng ty tạo điều kiện để bạn c&oacute; nhiều cơ hội để sử dụng v&agrave; ph&aacute;t huy sở trường v&agrave; những tiềm năng của bạn.</p>\r\n\r\n<p>- Được th&ocirc;ng b&aacute;o kết quả ngay sau khi phỏng vấn.</p>', 'thuc-tap-sinh-lap-trinh-developer-intern', 4000000, 6000000, 'Part time', 2, 'Thực tập sinh', 'Không yêu cầu', '3', '2021-12-22 03:34:10', '2021-12-22 03:43:16', 1, 4, 1),
(288, 'Fullstack Developer', 57, 'images/images/61c29d5bd9e12-cong-nghe-thong-tin-la-gi-tn.jpg', '2022-01-20', '<h3>M&ocirc; tả c&ocirc;ng việc</h3>\r\n\r\n<p>- Lập tr&igrave;nh phần mềm quản l&yacute; tr&ecirc;n nền .NET, ng&ocirc;n ngữ sử dụng C#, Sql server (Được hướng dẫn thao t&aacute;c từng module)</p>\r\n\r\n<p>- Nghi&ecirc;n cứu, t&igrave;m hiểu c&aacute;c t&iacute;nh năng để đ&aacute;p ứng cho kh&aacute;ch h&agrave;ng c&aacute;c giải ph&aacute;p to&agrave;n diện.</p>\r\n\r\n<p>- Hỗ trợ c&aacute;c c&ocirc;ng việc li&ecirc;n quan đến website của c&ocirc;ng ty.</p>\r\n\r\n<h3>Y&ecirc;u cầu ứng vi&ecirc;n</h3>\r\n\r\n<p>- C&oacute; kiến thức về ng&ocirc;n ngữ lập tr&igrave;nh C#, SQL Server ...</p>\r\n\r\n<p>- Sinh vi&ecirc;n hệ Cao đẳng trở l&ecirc;n, ưu ti&ecirc;n kh&ocirc;ng vướng bận c&aacute;c m&ocirc;n học.</p>\r\n\r\n<p>- C&oacute; thể l&agrave;m việc Full- time.</p>\r\n\r\n<p>Văn ph&ograve;ng c&ocirc;ng ty:</p>\r\n\r\n<p>+ Hồ Ch&iacute; Minh: Số 82 đường 76, Phường 10, Quận 6, Hồ Ch&iacute; Minh, Vietnam</p>\r\n\r\n<h3>Quyền lợi</h3>\r\n\r\n<p>- Lương hỗ trợ + thưởng.</p>\r\n\r\n<p>- Hỗ trợ dấu mộc sau khi kết th&uacute;c thực tập</p>\r\n\r\n<p>- Cơ hội trở th&agrave;nh nh&acirc;n vi&ecirc;n ch&iacute;nh thức, l&agrave;m việc trong một m&ocirc;i trường chuy&ecirc;n nghiệp, được huấn luyện b&agrave;i bản để ph&aacute;t triển nghề nghiệp l&acirc;u d&agrave;i.</p>\r\n\r\n<p>- Được đ&agrave;o tạo li&ecirc;n tục đầy đủ kiến thức li&ecirc;n quan, đảm bảo nắm vững c&aacute;c kỹ năng sau v&agrave;i th&aacute;ng l&agrave;m việc tại c&ocirc;ng ty.</p>\r\n\r\n<p>- M&ocirc;i trường l&agrave;m việc năng động, s&aacute;ng tạo v&agrave; thoải m&aacute;i. C&ocirc;ng ty tạo điều kiện để bạn c&oacute; nhiều cơ hội để sử dụng v&agrave; ph&aacute;t huy sở trường v&agrave; những tiềm năng của bạn.</p>\r\n\r\n<p>- Được th&ocirc;ng b&aacute;o kết quả ngay sau khi phỏng vấn.</p>', 'fullstack-developer', 20000000, 30000000, 'Full time', 5, 'Nhân viên', 'Trên 1 năm', '1', '2021-12-22 03:36:59', '2021-12-22 03:43:00', 1, 4, 79),
(289, 'Nhân Viên IT (Lập Trình C#)', 57, 'images/images/61c29dc95acf6-imager_77660.jpg', '2021-12-26', '<h3>M&ocirc; tả c&ocirc;ng việc</h3>\r\n\r\n<p>- Lập tr&igrave;nh phần mềm quản l&yacute; tr&ecirc;n nền .NET, ng&ocirc;n ngữ sử dụng C#, Sql server</p>\r\n\r\n<p>- Được hướng dẫn thao t&aacute;c từng module</p>\r\n\r\n<p>- Hỗ trợ c&aacute;c c&ocirc;ng việc li&ecirc;n quan đến website của c&ocirc;ng ty.</p>\r\n\r\n<h3>Y&ecirc;u cầu ứng vi&ecirc;n</h3>\r\n\r\n<p>- Tốt nghiệp Cao đẳng trở l&ecirc;n</p>\r\n\r\n<p>- Kh&ocirc;ng cần kinh nghiệm, sẽ được đ&agrave;o tạo</p>\r\n\r\n<p>- Ưu ti&ecirc;n sử dụng ng&ocirc;n ngữ C#, SQL Server ...</p>\r\n\r\n<p>Văn ph&ograve;ng c&ocirc;ng ty:</p>\r\n\r\n<p>+ Hồ Ch&iacute; Minh: Số 82 đường 76, Phường 10, Quận 6, Hồ Ch&iacute; Minh, Vietnam</p>\r\n\r\n<h3>Quyền lợi</h3>\r\n\r\n<p>- Lương cố định: 6- 8 triệu + Thưởng</p>\r\n\r\n<p>- Chế độ khen thưởng v&agrave; ph&uacute;c lợi phong ph&uacute;</p>\r\n\r\n<p>- M&ocirc;i trường l&agrave;m việc th&acirc;n thiện, chuy&ecirc;n nghiệp</p>\r\n\r\n<p>- Cơ hội ph&aacute;t triển v&agrave; thăng tiến</p>\r\n\r\n<p>- C&aacute;c chế độ theo Luật lao động hiện h&agrave;nh v&agrave; c&aacute;c ph&uacute;c lợi theo quy định của C&ocirc;ng ty (bảo hi&ecirc;̉m, nghỉ m&aacute;t, &hellip;)</p>', 'nhan-vien-it-lap-trinh-c', 6000000, 8000000, 'Full time', 2, 'Nhân viên', 'Không yêu cầu', '3', '2021-12-22 03:38:49', '2021-12-22 03:38:49', 1, 4, 48),
(290, 'Lập Trình Viên Mobile (IOS, Android)', 57, 'images/images/61c29e2eedba7-tu-vung-cong-nghe-thong-tin.jpg', '2021-12-11', '<h3>M&ocirc; tả c&ocirc;ng việc</h3>\r\n\r\n<p>- Tham gia ph&aacute;t triển c&aacute;c ứng dụng Mobile (iOS, Android) hằng Native, React Native hoặc Flutter</p>\r\n\r\n<p>- Tập trung v&agrave;o hiệu suất v&agrave; chất lượng ứng dụng, ho&agrave;n thiện trải nghiệm người d&ugrave;ng (UX)</p>\r\n\r\n<p>- X&acirc;y dựng v&agrave; tối ưu h&oacute;a c&aacute;c th&ocirc;ng số kỹ thuật v&agrave; ti&ecirc;u chuẩn của qu&aacute; tr&igrave;nh ph&aacute;t triển, v&agrave; cải thiện quy tr&igrave;nh ph&aacute;t triển</p>\r\n\r\n<p>- Nghi&ecirc;n cứu v&agrave; ph&acirc;n t&iacute;ch c&aacute;c giải ph&aacute;p kỹ thuật, v&agrave; đ&aacute;nh gi&aacute; việc giới thiệu v&agrave; th&uacute;c đẩy c&aacute;c c&ocirc;ng nghệ mới, v&agrave; giải quyết c&aacute;c vấn đề kỹ thuật trong việc thực hiện cụ thể</p>\r\n\r\n<p>- Tham gia x&acirc;y dựng nền tảng&nbsp;</p>\r\n\r\n<h3>Y&ecirc;u cầu ứng vi&ecirc;n</h3>\r\n\r\n<p>- C&oacute; tr&ecirc;n 6 th&aacute;ng kinh nghiệm ph&aacute;t triển ứng dụng đa nền tảng với React Native hoặc Flutter.</p>\r\n\r\n<p>- C&oacute; nền tảng kiến thức về Javascript ES6, Redux, Redux saga hoặc Redux Thunk.</p>\r\n\r\n<p>- C&oacute; kinh nghiệm ph&aacute;t triển ứng dụng di động bằng một trong c&aacute;c ng&ocirc;n ngữ Swift, Object C (Tr&ecirc;n iOS), Java (Tr&ecirc;n Android), Flutter l&agrave; 1 lợi thế.</p>\r\n\r\n<p>- C&oacute; kiến thức v&agrave; kỹ năng về lập tr&igrave;nh hướng đối tượng.</p>\r\n\r\n<p>- C&oacute; khả năng tự nghi&ecirc;n cứu, l&agrave;m việc độc lập v&agrave; l&agrave;m việc theo nh&oacute;m.</p>\r\n\r\n<h3>Quyền lợi</h3>\r\n\r\n<p>- Được l&agrave;m trong m&ocirc;i trường trẻ, năng động, v&agrave; thường xuy&ecirc;n tiếp x&uacute;c v&agrave; hợp t&aacute;c với c&aacute;c kh&aacute;ch h&agrave;ng nước ngo&agrave;i</p>\r\n\r\n<p>- Được bố tr&iacute; c&ocirc;ng t&aacute;c đi lại giữa c&aacute;c chi nh&aacute;nh: HCM v&agrave; Huế hoặc l&agrave;m việc onsite</p>\r\n\r\n<p>- Mức lương ph&ugrave; hợp với năng lực bản th&acirc;n, review theo hiệu quả c&ocirc;ng việc</p>\r\n\r\n<p>- Thưởng theo dự &aacute;n, thưởng th&agrave;nh t&iacute;ch, thưởng th&aacute;ng lương thứ 13</p>\r\n\r\n<p>- Văn ph&ograve;ng c&ocirc;ng ty chuy&ecirc;n nghiệp, bố tr&iacute; phong c&aacute;ch, sử dụng tr&agrave;, caf&eacute;, đồ ăn vặt FREE tại c&ocirc;ng ty.</p>\r\n\r\n<p>- BHXH v&agrave; BHYT &amp; Tất cả c&aacute;c quyền lợi theo luật lao động.</p>\r\n\r\n<p>- Tham gia nhiều hoạt động như: Company Trip hằng năm; Sinh nhật h&agrave;ng th&aacute;ng, B&aacute;nh tr&aacute;i, hoạt động cuối tuần, team building...</p>\r\n\r\n<p>- Hỗ trợ c&aacute;c hoạt động x&acirc;y dựng ph&aacute;t triển bản th&acirc;n, lộ tr&igrave;nh thăng tiến cho từng vị tr&iacute;</p>\r\n\r\n<p>- Thời gian l&agrave;m việc: Thứ 2 - Thứ 6</p>', 'lap-trinh-vien-mobile-ios-android', 10000000, 12000000, 'Full time', 1, 'Nhân viên', 'Trên 1 năm', '3', '2021-12-22 03:40:30', '2021-12-22 03:40:30', 1, 4, 48),
(291, 'Lập Trình Viên Python (Ocr, Al)', 57, 'images/images/61c29e96953cb-hinh-nen-powerpoint-cong-nghe-thong-tin-258354ae13b87b_82d8a90ed39cc54817a4dde8cd978b6a.jpg', '2021-12-25', '<h3>M&ocirc; tả c&ocirc;ng việc</h3>\r\n\r\n<p>- Tham gia nghi&ecirc;n cứu v&agrave; ph&aacute;t triển c&aacute;c giải ph&aacute;p cho c&aacute;c kh&aacute;ch h&agrave;ng l&agrave; doanh nghiệp trong v&agrave; ngo&agrave;i nước.</p>\r\n\r\n<p>- Lập tr&igrave;nh v&agrave; ph&aacute;t triển c&aacute;c ứng dụng, website tập trung giải quyết c&aacute;c b&agrave;i to&aacute;n về xử l&yacute; ảnh, nhận diện sử dụng opencv hay &aacute;p dụng tr&iacute; tuệ nh&acirc;n tạo, m&aacute;y học (AI/ML).</p>\r\n\r\n<p>- X&acirc;y dựng c&aacute;c t&iacute;nh năng mới về nhận diện cho c&aacute;c hệ thống, nh&agrave; m&aacute;y. Hỗ trợ hoặc trực tiếp triển khai c&aacute;c ứng dụng, c&ocirc;ng nghệ mới.</p>\r\n\r\n<h3>Y&ecirc;u cầu ứng vi&ecirc;n</h3>\r\n\r\n<p>- C&oacute; kinh nghiệm l&agrave;m việc tr&ecirc;n ng&ocirc;n ngữ Python hoặc c++</p>\r\n\r\n<p>- C&oacute; kiến thức tốt về kỹ thuật xử l&yacute; ảnh số, xử l&yacute; nhận dạng.</p>\r\n\r\n<p>- Đ&atilde; Từng sử dụng c&aacute;c thư viện về xử l&yacute; ảnh như Opencv, Scikit-image, Matplotlib, Numpy</p>\r\n\r\n<p>&nbsp;(ĐẶC BIỆT ƯU TI&Ecirc;N OPENCV)</p>\r\n\r\n<p>- C&oacute; kiến thức cơ bản về SQL v&agrave; OOP.</p>\r\n\r\n<p>Ưu ti&ecirc;n ứng vi&ecirc;n</p>\r\n\r\n<p>- C&oacute; th&aacute;i độ l&agrave;m việc trung thực, chăm chỉ, th&acirc;n thiện với đồng nghiệp.</p>\r\n\r\n<p>- C&oacute; tư duy lập tr&igrave;nh, khả năng nghi&ecirc;n cứu v&agrave; tiếp cận c&ocirc;ng nghệ mới tốt.</p>\r\n\r\n<p>- Đ&atilde; l&agrave;m việc tr&ecirc;n SQL server, PostgreSql l&agrave; một lợi thế.</p>\r\n\r\n<p>- C&oacute; kiến thức về OOP, RESTful API l&agrave; một lợi thế.</p>\r\n\r\n<p>- C&oacute; thời gian l&agrave;m việc lập tr&igrave;nh Python v&agrave; một trong c&aacute;c framework Python (Flask, Django, FastAPI) từ 6 th&aacute;ng trở l&ecirc;n.</p>\r\n\r\n<p>- C&oacute; kiến thức về Tensorflow, Keras, Yolo</p>\r\n\r\n<p>- Đ&atilde; từng tham gia dự &aacute;n c&oacute; &aacute;p dụng kĩ thuật automation deploy, test,... l&agrave; một lợi thế.</p>\r\n\r\n<p>- Tr&igrave;nh độ tiếng Anh hoặc tiếng Nhật tốt l&agrave; một lợi thế</p>\r\n\r\n<h3>Quyền lợi</h3>\r\n\r\n<p>- Được l&agrave;m trong m&ocirc;i trường trẻ, năng động, v&agrave; thường xuy&ecirc;n tiếp x&uacute;c v&agrave; hợp t&aacute;c với c&aacute;c kh&aacute;ch h&agrave;ng nước ngo&agrave;i</p>\r\n\r\n<p>- Được bố tr&iacute; c&ocirc;ng t&aacute;c đi lại giữa c&aacute;c chi nh&aacute;nh: HCM v&agrave; Huế hoặc l&agrave;m việc onsite</p>\r\n\r\n<p>- Mức lương ph&ugrave; hợp với năng lực bản th&acirc;n, review theo hiệu quả c&ocirc;ng việc</p>\r\n\r\n<p>- Thưởng theo dự &aacute;n, thưởng th&agrave;nh t&iacute;ch, thưởng th&aacute;ng lương thứ 13</p>\r\n\r\n<p>- Văn ph&ograve;ng c&ocirc;ng ty chuy&ecirc;n nghiệp, bố tr&iacute; phong c&aacute;ch, sử dụng tr&agrave;, caf&eacute;, đồ ăn vặt FREE tại c&ocirc;ng ty.</p>\r\n\r\n<p>- BHXH v&agrave; BHYT &amp; Tất cả c&aacute;c quyền lợi theo luật lao động.</p>\r\n\r\n<p>- Tham gia nhiều hoạt động như: Company Trip hằng năm; Sinh nhật h&agrave;ng th&aacute;ng, B&aacute;nh tr&aacute;i, hoạt động cuối tuần, team building...</p>\r\n\r\n<p>- Hỗ trợ c&aacute;c hoạt động x&acirc;y dựng ph&aacute;t triển bản th&acirc;n, lộ tr&igrave;nh thăng tiến cho từng vị tr&iacute;</p>\r\n\r\n<p>- Thời gian l&agrave;m việc: Thứ 2 - Thứ 6</p>', 'lap-trinh-vien-python-ocr-al', 0, 0, 'Full time', 1, 'Nhân viên', 'Dưới 1 năm', '3', '2021-12-22 03:42:14', '2021-12-22 03:42:14', 1, 4, 79),
(292, 'Lập Trình Front End', 57, 'images/images/61c2a0797ee07-tu-vung-cong-nghe-thong-tin-1-700x366.jpg', '2021-12-26', '<h3>M&ocirc; tả c&ocirc;ng việc</h3>\r\n\r\n<p>Lập tr&igrave;nh vi&ecirc;n .NET (Lập tr&igrave;nh Web, WinForm)</p>\r\n\r\n<p>- X&acirc;y dựng c&aacute;c sản phẩm của c&ocirc;ng ty từ thiết kế v&agrave; giai đoạn đầu ph&aacute;t triển</p>\r\n\r\n<p>- &Aacute;p dụng c&aacute;c c&ocirc;ng nghệ mới v&agrave; x&acirc;y dựng c&aacute;c sản phẩm theo thiết kế chất lượng cao</p>\r\n\r\n<p>- L&ecirc;n kế hoạch, quản l&yacute; tiến độ, b&aacute;o c&aacute;o kết quả cho trưởng nh&oacute;m.</p>\r\n\r\n<p>- Chi tiết c&ocirc;ng việc trao đổi khi phỏng vấn</p>\r\n\r\n<h3>Y&ecirc;u cầu ứng vi&ecirc;n</h3>\r\n\r\n<p>- Trao cơ hội cho c&aacute;c bạn SV mới ra trường (chưa c&oacute; kinh nghiệm sẽ được đ&agrave;o tạo)</p>\r\n\r\n<p>- C&oacute; hiểu biết cơ bản về lập tr&igrave;nh Winform, Web (HTML5, CSS3, JavaScript, Json, Jquery, Ajax, Bootstrap, Photoshop, ...).</p>\r\n\r\n<p>- Ưu ti&ecirc;n c&aacute;c bạn biết về SQL server, ASP.NET/C#, WinForm, Web form, MVC, WebAPI, WebService, DevExpress.</p>\r\n\r\n<p>- Tư duy lập tr&igrave;nh tốt, kỹ năng giải quyết vấn đề tốt.</p>\r\n\r\n<h3>Quyền lợi</h3>\r\n\r\n<p>- Lương thoả thuận (Tuỳ năng lực v&agrave; kinhn nghiệm l&agrave;m việc).</p>\r\n\r\n<p>- Chưa c&oacute; kinh nghiệm sẽ được đ&agrave;o tạo.</p>\r\n\r\n<p>- L&agrave;m việc trong m&ocirc;i trường năng động.</p>\r\n\r\n<p>- Được hưởng c&aacute;c chế độ về BHXH, BHYT đầy đủ.</p>\r\n\r\n<p>- Được hưởng c&aacute;c chế độ về lương thưởng theo nh&agrave; nước quy định.</p>\r\n\r\n<p>- C&oacute; cơ hội thăng tiến.</p>\r\n\r\n<p>- V&agrave; c&oacute; rất nhiều quyền lợi kh&aacute;c.</p>', 'lap-trinh-front-end', 0, 0, 'Full time', 5, 'Nhân viên', 'Không yêu cầu', '3', '2021-12-22 03:50:17', '2021-12-22 03:50:17', 1, 4, 1),
(293, 'Fullstack JavaScript Developer', 57, 'images/images/61c2a0fa93283-tu-vung-cong-nghe-thong-tin-1-700x366.jpg', '2022-01-22', '<h3><strong>M&ocirc; tả c&ocirc;ng việc</strong></h3>\r\n\r\n<p>M&ocirc; tả c&ocirc;ng việc<br />\r\nCh&uacute;ng t&ocirc;i đang t&igrave;m kiếm một Kỹ sư phần mềm JavaScript cao cấp, người sẽ l&agrave; Trưởng nh&oacute;m Quyền h&agrave;nh trong M&aacute;y ghi &acirc;m của c&ocirc;ng ty ch&uacute;ng t&ocirc;i, c&ocirc;ng ty c&oacute; hơn 500.000 lượt c&agrave;i đặt tr&ecirc;n to&agrave;n thế giới.&nbsp;C&aacute;c giải ph&aacute;p của bạn sẽ được ghi nhận những đ&oacute;ng g&oacute;p cho cộng đồng thử nghiệm tự động h&oacute;a.&nbsp;Để điều đ&oacute; xảy ra, tr&aacute;ch nhiệm của bạn sẽ l&agrave;:</p>\r\n\r\n<ul>\r\n	<li>Thiết kế c&aacute;c giải ph&aacute;p kỹ thuật, xem x&eacute;t m&atilde;, khởi xướng c&aacute;c s&aacute;ng kiến ​​t&aacute;i cấu tr&uacute;c m&atilde;.</li>\r\n	<li>Đ&oacute;ng g&oacute;p cho nền tảng SaaS của c&ocirc;ng ty ch&uacute;ng t&ocirc;i để tối ưu h&oacute;a hoạt động v&agrave; tối đa h&oacute;a gi&aacute; trị kinh doanh.</li>\r\n	<li>Chủ động đề xuất c&aacute;c &yacute; tưởng v&agrave; giải ph&aacute;p giải quyết c&aacute;c vấn đề của doanh nghiệp.</li>\r\n	<li>Quản l&yacute; v&agrave; kiểm so&aacute;t timeline, tiến độ của c&aacute;c c&ocirc;ng việc.</li>\r\n	<li>Hỗ trợ v&agrave; đ&agrave;o tạo cho c&aacute;c kỹ sư kh&aacute;c trong nh&oacute;m.</li>\r\n	<li>Li&ecirc;n kết với Gi&aacute;m đốc sản phẩm để đạt được c&aacute;c mục ti&ecirc;u của sản phẩm.</li>\r\n</ul>\r\n\r\n<h3><strong>Y&ecirc;u cầu ứng vi&ecirc;n</strong></h3>\r\n\r\n<ul>\r\n	<li>Chuy&ecirc;n m&ocirc;n về JavaScript v&agrave; một trong những c&ocirc;ng nghệ li&ecirc;n quan của n&oacute; như Nodejs, Typescript;</li>\r\n	<li>Kinh nghiệm thực tế về OOP v&agrave; c&aacute;c mẫu thiết kế;</li>\r\n	<li>C&oacute; kinh nghiệm l&atilde;nh đạo một nh&oacute;m gồm 2 - 3 nh&agrave; ph&aacute;t triển cơ sở;</li>\r\n	<li>Khả năng l&atilde;nh đạo v&agrave; tổ chức mạnh mẽ;</li>\r\n	<li>Th&ocirc;ng thạo tiếng anh</li>\r\n</ul>\r\n\r\n<p>Điểm thưởng:</p>\r\n\r\n<ul>\r\n	<li>C&oacute; kinh nghiệm về phương ph&aacute;p Agile (Scrum, Kanban,&hellip;);</li>\r\n	<li>Kinh nghiệm x&acirc;y dựng v&agrave; duy tr&igrave; c&aacute;c tiện &iacute;ch mở rộng của tr&igrave;nh duyệt;</li>\r\n	<li>Kỹ năng giao tiếp tốt với nh&oacute;m sản phẩm;</li>\r\n	<li>Kỹ năng b&aacute;o c&aacute;o tốt.</li>\r\n</ul>\r\n\r\n<h3><strong>Quyền lợi</strong></h3>\r\n\r\n<p>Lợi &iacute;ch<br />\r\nCh&uacute;ng t&ocirc;i tập hợp những người tự khởi nghiệp, cởi mở v&agrave; t&agrave;i năng, đồng thời t&iacute;ch cực th&uacute;c đẩy một m&ocirc;i trường l&agrave;m việc minh bạch v&agrave; tạo điều kiện ph&aacute;t triển. tự h&agrave;o li&ecirc;n tục kiểm tra danh s&aacute;ch để t&igrave;m nơi l&agrave;m việc tốt nhất.&nbsp;Nhưng đừng chỉ lấy lời n&oacute;i của ch&uacute;ng t&ocirc;i cho n&oacute;.&nbsp;H&atilde;y nh&igrave;n r&otilde; hơn b&ecirc;n dưới!</p>\r\n\r\n<ul>\r\n	<li>G&oacute;i lương thưởng hấp dẫn bao gồm Thưởng th&agrave;nh t&iacute;ch h&agrave;ng qu&yacute; c&oacute; thể đạt được (3 - 5 th&aacute;ng lương mỗi năm) v&agrave; Lương th&aacute;ng 13</li>\r\n	<li>19 ng&agrave;y ph&eacute;p năm v&agrave; c&aacute;c khoản phụ cấp hỗ trợ kh&aacute;c</li>\r\n	<li>Thời gian v&agrave; địa điểm l&agrave;m việc linh hoạt c&ugrave;ng với trang thiết bị l&agrave;m việc cao cấp</li>\r\n	<li>C&aacute;c tiện nghi văn ph&ograve;ng hạng A do dịch vụ WeWork cung cấp bao gồm thiết kế kh&ocirc;ng gian l&agrave;m việc hiện đại, tiện nghi giải tr&iacute; trong nh&agrave; v&agrave; đồ uống giải kh&aacute;t &amp; đồ ăn nhẹ kh&ocirc;ng giới hạn</li>\r\n	<li>G&oacute;i chăm s&oacute;c sức khỏe cao cấp cho bạn v&agrave; những người th&acirc;n y&ecirc;u của bạn</li>\r\n	<li>Một chuyến du lịch c&ugrave;ng c&ocirc;ng ty v&agrave;o mỗi m&ugrave;a h&egrave;, tiệc cuối năm thường ni&ecirc;n, c&aacute;c hoạt động x&acirc;y dựng đội nh&oacute;m, v&agrave; rất nhiều điều th&uacute; vị kh&aacute;c đang chờ bạn!</li>\r\n</ul>\r\n\r\n<p>&nbsp;</p>', 'fullstack-javascript-developer', 30000000, 40000000, 'Full time', 3, 'Nhân viên', 'Trên 3 năm', '3', '2021-12-22 03:52:26', '2021-12-22 03:52:26', 1, 4, 79),
(294, 'Chuyên Viên Tuyển Dụng (Phụ Trách Tuyển Giáo Viên Tiếng Anh )', 71, 'images/images/61c2a82396fbf-job-category-03.jpg', '2022-01-01', '<h3>M&ocirc; tả c&ocirc;ng việc</h3>\r\n\r\n<p>- Thực hiện c&ocirc;ng t&aacute;c tuyển dụng gi&aacute;o vi&ecirc;n Việt Nam dạy gia sư online cho học sinh tiểu học, THCS được giao.&nbsp;</p>\r\n\r\n<p>- S&agrave;ng lọc hồ sơ, li&ecirc;n hệ, sắp xếp lịch phỏng vấn v&agrave; tham gia v&agrave;o qu&aacute; tr&igrave;nh phỏng vấn đ&aacute;nh gi&aacute; ứng vi&ecirc;n</p>\r\n\r\n<p>- Th&ocirc;ng b&aacute;o kết quả phỏng vấn cho ứng vi&ecirc;n</p>\r\n\r\n<p>- Tham gia x&acirc;y dựng bản m&ocirc; tả c&ocirc;ng việc đối với c&aacute;c vị tr&iacute; gi&aacute;o vi&ecirc;n</p>\r\n\r\n<p>- X&acirc;y dựng quy tr&igrave;nh chăm s&oacute;c gi&aacute;o vi&ecirc;n sau phỏng vấn, gi&aacute;o vi&ecirc;n trong qu&aacute; tr&igrave;nh l&agrave;m việc</p>\r\n\r\n<p>- Chăm s&oacute;c gi&aacute;o vi&ecirc;n sau tuyển dụng</p>\r\n\r\n<p>- Giải đ&aacute;p c&aacute;c thắc mắc cho gi&aacute;o vi&ecirc;n về cơ chế, quy tr&igrave;nh l&agrave;m việc,...&nbsp;</p>\r\n\r\n<h3>Y&ecirc;u cầu ứng vi&ecirc;n</h3>\r\n\r\n<p>- C&oacute; kinh nghiệm tuyển dụng gi&aacute;o vi&ecirc;n Tiếng Anh Việt Nam .&nbsp;</p>\r\n\r\n<p>- C&oacute; giọng n&oacute;i truyền cảm, khả năng thuyết tr&igrave;nh, đ&agrave;o tạo online tốt&nbsp;</p>\r\n\r\n<p>- Tr&igrave;nh độ ngoại ngữ Speaking tương đương Ielts 7.0</p>\r\n\r\n<p>- C&oacute; mong muốn gắn b&oacute; l&acirc;u d&agrave;i v&agrave; ph&aacute;t triển c&ugrave;ng c&ocirc;ng ty.&nbsp;</p>\r\n\r\n<p>- C&oacute; hiểu biết về t&acirc;m l&yacute; học lứa tuổi v&agrave; &aacute;p dụng v&agrave;o việc thiết kế nội dung giảng dạy.&nbsp;</p>\r\n\r\n<p>- C&oacute; khả năng giao tiếp tốt, th&acirc;n thiện, h&agrave;i hước l&agrave; lợi thế.&nbsp;&nbsp;</p>\r\n\r\n<h3>Quyền lợi được hưởng</h3>\r\n\r\n<p><strong>* Tinh thần:</strong>&nbsp;</p>\r\n\r\n<p>- L&agrave;m việc trong m&ocirc;i trường start-up c&oacute; tốc độ tăng trưởng v&agrave; ph&aacute;t triển nhanh.</p>\r\n\r\n<p>- Được chia sẻ cơ hội học tập chất lượng cao đến trẻ em to&agrave;n Việt Nam, hướng tới mục ti&ecirc;u &quot;&quot;chương tr&igrave;nh tiếng anh cho trẻ em phổ biến nhất Đ&ocirc;ng Nam &Aacute;&quot;&quot;</p>\r\n\r\n<p>- M&ocirc;i trường l&agrave;m việc: Trẻ trung, năng động, kh&aacute;t vọng Go Global, tự do s&aacute;ng tạo, ch&uacute; trọng ph&aacute;t triển con người &amp; ph&aacute;t triển sự nghiệp của c&aacute;c th&agrave;nh vi&ecirc;n trong c&ocirc;ng ty.</p>\r\n\r\n<p>- Được giải quyết c&aacute;c b&agrave;i to&aacute;n về hệ thống lớn, sản phẩm c&oacute; h&agrave;ng triệu người d&ugrave;ng.&nbsp;</p>\r\n\r\n<p><strong>* Chế độ ph&uacute;c lợi:&nbsp;</strong></p>\r\n\r\n<p>&nbsp;- Mức lương cạnh tranh. Ch&iacute;nh s&aacute;ch thưởng cao dựa theo kết quả kinh doanh, thưởng c&aacute;c ng&agrave;y lễ tết, cuối năm.</p>\r\n\r\n<p>&nbsp;- Cơ hội thăng tiến l&ecirc;n vị tr&iacute; Trưởng ph&ograve;ng Đ&agrave;o tạo v&agrave; Quản Trị gi&aacute;o vi&ecirc;n sau 3 th&aacute;ng.&nbsp;</p>\r\n\r\n<p>&nbsp;- Định kỳ đ&aacute;nh gi&aacute; năng lực 6 th&aacute;ng 1 lần</p>\r\n\r\n<p>&nbsp;- Thưởng năng suất h&agrave;ng th&aacute;ng, thưởng n&oacute;ng... th&aacute;ng theo năng lực..</p>\r\n\r\n<p>&nbsp;- Lương th&aacute;ng 13, thưởng cuối năm theo kết quả kinh doanh chung của C&ocirc;ng ty.&nbsp;</p>\r\n\r\n<p>&nbsp;- Được đ&oacute;ng BHXH đầy đủ theo luật lao động, nghỉ ph&eacute;p 12 ng&agrave;y/năm v&agrave; c&aacute;c ng&agrave;y lễ theo quy định chung</p>\r\n\r\n<p>&nbsp;- Được đi du lịch hằng năm với địa điểm hấp dẫn, thường xuy&ecirc;n tổ chức c&aacute;c hoạt động team building gắn kết cộng đồng, c&aacute;c hoạt động vui chơi giải tr&iacute; cho nh&acirc;n vi&ecirc;n.</p>\r\n\r\n<p>&nbsp;- Được tham gia c&aacute;c buổi li&ecirc;n hoan, sinh nhật h&agrave;ng th&aacute;ng, chương tr&igrave;nh gala cuối năm...</p>\r\n\r\n<p>&nbsp;- Được đào tạo để ph&aacute;t triển to&agrave;n diện kỹ năng cá nh&acirc;n.&nbsp; &nbsp;</p>\r\n\r\n<p>&nbsp;</p>\r\n\r\n<p>&nbsp;</p>', 'chuyen-vien-tuyen-dung-phu-trach-tuyen-giao-vien-tieng-anh', 10000000, 15000000, 'Full time', 1, 'Nhân viên', 'Trên 1 năm', '3', '2021-12-22 04:22:59', '2021-12-22 04:22:59', 1, 23, 79),
(295, 'Chuyên Viên Quản Lý Và Phát Triển Cộng Đồng Youtube', 71, 'images/images/61c2a8a3a36aa-blog-compact-post-05.jpg', '2021-12-31', '<h3>M&ocirc; tả c&ocirc;ng việc</h3>\r\n\r\n<p>- Phụ tr&aacute;ch ph&aacute;t triển k&ecirc;nh Youtube về chủ đề học Tiếng Anh cho lứa tuổi Mầm non &amp; Tiểu học<br />\r\n- L&ecirc;n &yacute; tưởng nội dung, lập kế hoạch nội dung v&agrave; ph&acirc;n phối video<br />\r\n- Khai th&aacute;c kho video học liệu c&oacute; sẵn nhằm tăng traffic cho k&ecirc;nh&nbsp;<br />\r\n- L&ecirc;n kịch bản, tham gia quay dựng, sản xuất c&aacute;c video cho k&ecirc;nh Youtube<br />\r\n- Đo lường v&agrave; theo d&otilde;i, b&aacute;o c&aacute;o c&aacute;c chỉ số tăng trưởng của k&ecirc;nh theo tuần, th&aacute;ng th&ocirc;ng qua c&aacute;c c&ocirc;ng cụ ph&acirc;n t&iacute;ch.<br />\r\n- Đảm bảo an to&agrave;n bảo mật v&agrave; bản quyền cho k&ecirc;nh Youtube<br />\r\n- Nghi&ecirc;n cứu, t&igrave;m kiếm c&aacute;c xu hướng, &yacute; tưởng s&aacute;ng tạo mới cho k&ecirc;nh.<br />\r\n- Checklist SEO: onpage, từ kh&oacute;a, ti&ecirc;u đề, m&ocirc; tả, tags&hellip;<br />\r\n- L&agrave;m việc c&ugrave;ng đối t&aacute;c MCN để tối ưu hiệu quả của k&ecirc;nh.</p>\r\n\r\n<h3>Y&ecirc;u cầu ứng vi&ecirc;n</h3>\r\n\r\n<p>- C&oacute; &iacute;t nhất 06 th&aacute;ng kinh nghiệm x&acirc;y dựng &amp; quản l&yacute; k&ecirc;nh Youtube tr&ecirc;n 200 ngh&igrave;n subscribers.<br />\r\n- C&oacute; khả năng s&aacute;ng tạo nội dung h&agrave;i hước, bắt trend.<br />\r\n- Tiếng Anh tốt l&agrave; lợi thế<br />\r\n- Sử dụng tốt c&aacute;c c&ocirc;ng cụ thiết kế video như: Premier, AE (Hoặc phần mềm tương tự)<br />\r\n- Sử dụng tốt c&aacute;c c&ocirc;ng cụ thiết kế h&igrave;nh ảnh như: PTS, Canva, AI<br />\r\n- Hiểu biết về tối ưu SEO, nghi&ecirc;n cứu từ kh&oacute;a<br />\r\n- Chủ động, s&aacute;ng tạo, c&oacute; gu thẩm mỹ tốt.<br />\r\n- Năng động, c&oacute; tinh thần tr&aacute;ch nhiệm v&agrave; học hỏi cao.<br />\r\n- Kỹ năng l&agrave;m việc nh&oacute;m xuất sắc.</p>\r\n\r\n<h3>Quyền lợi được hưởng</h3>\r\n\r\n<p><strong>* Tinh thần:&nbsp;</strong><br />\r\n- C&ocirc;ng ty số 1 tại thị trường Tiếng Anh online Việt Nam. C&aacute;c sản phẩm chủ lực gồm Edupia v&agrave; Babilala l&agrave; hai chương tr&igrave;nh tiếng anh online chất lượng cao đ&atilde; c&oacute; thương hiệu mạnh tr&ecirc;n thị trường với 5 triệu người d&ugrave;ng , 500.000+ học vi&ecirc;n đang theo học tại Việt Nam v&agrave; Đ&ocirc;ng Nam &Aacute;. &nbsp;<br />\r\n- Mức thu nhập cao hơn 20 - 50% so với c&aacute;c c&ocirc;ng ty c&ugrave;ng ng&agrave;nh<br />\r\n- Lộ tr&igrave;nh thăng tiến nhanh: c&oacute; cơ hội được l&ecirc;n c&aacute;c vị tr&iacute; quan trọng sau 6 th&aacute;ng l&agrave;m việc<br />\r\n- M&ocirc;i trường l&agrave;m việc hấp dẫn, đề cao gi&aacute; trị tập thể v&agrave; t&ocirc;n trọng sự ph&aacute;t triển của mỗi c&aacute; nh&acirc;n.</p>\r\n\r\n<p><strong>* Chế độ ph&uacute;c lợi:&nbsp;</strong><br />\r\n- Mức lương: 8 - 15 triệu c&ugrave;ng c&aacute;c mức thưởng hấp dẫn (thưởng năng suất, thưởng hiệu quả, thưởng s&aacute;ng kiến,...).<br />\r\n- Được hưởng c&aacute;c chế độ theo quy định của Luật Lao động: bảo hiểm, nghỉ ph&eacute;p, nghỉ Lễ Tết,...<br />\r\n- Được đ&agrave;o tạo n&acirc;ng cao về kiến thức chuy&ecirc;n m&ocirc;n, nghiệp vụ từ c&aacute;c chuy&ecirc;n gia v&agrave; đối t&aacute;c lớn.<br />\r\n- Ph&uacute;c lợi hấp dẫn: sinh nhật, Lễ Tết, du lịch h&agrave;ng năm, hoạt động thể dục thể thao (b&oacute;ng đ&aacute;, bi-a, CLB EducaRun)...<br />\r\n- Đ&aacute;nh gi&aacute; x&eacute;t tăng lương 02 lần/năm.<br />\r\n- M&ocirc;i trường trẻ, cởi mở, năng động, ch&uacute; trọng v&agrave;o việc ph&aacute;t triển nh&acirc;n t&agrave;i &amp; lộ tr&igrave;nh thăng tiến r&otilde; r&agrave;ng.</p>', 'chuyen-vien-quan-ly-va-phat-trien-cong-dong-youtube', 8000000, 15000000, 'Full time', 3, 'Nhân viên', 'Dưới 1 năm', '3', '2021-12-22 04:25:07', '2021-12-22 04:25:07', 1, 14, 79),
(296, 'Nhân Viên Hành Chính Nhân Sự', 71, 'images/images/61c2a928ab75c-job-detail-inner.png', '2021-12-31', '<h3>M&ocirc; tả c&ocirc;ng việc</h3>\r\n\r\n<p>- Quản l&yacute;, mua sắm t&agrave;i sản, trang thiết bị, c&ocirc;ng cụ dụng cụ văn ph&ograve;ng<br />\r\n- Quản l&yacute; sử dụng t&agrave;i sản, thiết bị, m&aacute;y m&oacute;c. B&agrave;n giao t&agrave;i sản cho nh&acirc;n sự nhận việc v&agrave; thu hồi thiết bị với nh&acirc;n sự nghỉ việc (Bao gồm: thiết bị l&agrave;m việc, tai nghe,&hellip;)<br />\r\n- Tiếp nhận c&aacute;c thắc mắc cần hỗ trợ của CBNV v&agrave; li&ecirc;n hệ với c&aacute;c đầu mối để giải quyết c&aacute;c vấn đề h&agrave;nh ch&iacute;nh trong c&ocirc;ng ty: điện, nước, điều h&ograve;a, thiết bị l&agrave;m việc,&hellip;<br />\r\n- Trực tiếp soạn thảo c&aacute;c văn bản li&ecirc;n quan đến c&ocirc;ng t&aacute;c h&agrave;nh ch&iacute;nh như th&ocirc;ng b&aacute;o, c&ocirc;ng văn, đề xuất, tờ tr&igrave;nh, bi&ecirc;n bản, quyết định ,&hellip;theo thực tế c&ocirc;ng việc ph&aacute;t sinh v&agrave; theo y&ecirc;u cầu của CBQL;<br />\r\n- Theo d&otilde;i thư gửi đi, gửi đến; lưu trữ, quản l&yacute; c&aacute;c văn bản, t&agrave;i liệu của C&ocirc;ng ty<br />\r\n- Theo d&otilde;i, thanh to&aacute;n c&aacute;c dịch vụ C&ocirc;ng ty sử dụng<br />\r\n- Phối hợp với c&aacute;c ph&ograve;ng ban kh&aacute;c tổ chức c&aacute;c sự kiện nội bộ của c&ocirc;ng ty.</p>\r\n\r\n<p>- Quản l&yacute;, theo d&otilde;i hợp đồng cộng t&aacute;c vi&ecirc;n.<br />\r\n- Theo d&otilde;i tổng hợp c&ocirc;ng của to&agrave;n c&ocirc;ng ty. Tiếp nhận c&aacute;c thắc mắc cần hỗ trợ của CBNV về việc chấm c&ocirc;ng</p>\r\n\r\n<h3>Y&ecirc;u cầu ứng vi&ecirc;n</h3>\r\n\r\n<p>- Tốt nghiệp Đại học trở l&ecirc;n c&aacute;c chuy&ecirc;n ng&agrave;nh c&oacute; li&ecirc;n quan<br />\r\n- C&oacute; &iacute;t nhất 1 năm kinh nghiệm trở l&ecirc;n ở vị tr&iacute; tương đương<br />\r\n- Th&agrave;nh thạo tin học văn ph&ograve;ng, nhanh nhẹn, linh hoạt, thẳng thắn, trung thực, c&oacute; tinh thần tr&aacute;ch nhiệm cao<br />\r\n- Giao tiếp tốt, chỉn chu trong c&ocirc;ng việc.&nbsp;</p>\r\n\r\n<h3>Quyền lợi được hưởng</h3>\r\n\r\n<p><strong>* Tinh thần:&nbsp;</strong><br />\r\n- C&ocirc;ng ty số 1 tại thị trường Tiếng Anh online Việt Nam. C&aacute;c sản phẩm chủ lực gồm Edupia v&agrave; Babilala l&agrave; hai chương tr&igrave;nh tiếng anh online chất lượng cao đ&atilde; c&oacute; thương hiệu mạnh tr&ecirc;n thị trường với 5 triệu người d&ugrave;ng , 500.000+ học vi&ecirc;n đang theo học tại Việt Nam v&agrave; Đ&ocirc;ng Nam &Aacute;. &nbsp;<br />\r\n- Mức thu nhập cao hơn 20 - 50% so với c&aacute;c c&ocirc;ng ty c&ugrave;ng ng&agrave;nh<br />\r\n- Lộ tr&igrave;nh thăng tiến nhanh: c&oacute; cơ hội được l&ecirc;n c&aacute;c vị tr&iacute; quan trọng sau 6 th&aacute;ng l&agrave;m việc<br />\r\n- M&ocirc;i trường l&agrave;m việc hấp dẫn, đề cao gi&aacute; trị tập thể v&agrave; t&ocirc;n trọng sự ph&aacute;t triển của mỗi c&aacute; nh&acirc;n.</p>\r\n\r\n<p><strong>* Chế độ ph&uacute;c lợi:&nbsp;</strong><br />\r\n- Mức lương cạnh tranh.&nbsp;<br />\r\n- Ch&iacute;nh s&aacute;ch thi đua, khen thưởng, thưởng n&oacute;ng đối với CBQL&nbsp;<br />\r\n- Định kỳ đ&aacute;nh gi&aacute; năng lực 6 th&aacute;ng 1 lần<br />\r\n- Thưởng năng suất h&agrave;ng th&aacute;ng, thưởng n&oacute;ng... th&aacute;ng theo năng lực..<br />\r\n- Lương th&aacute;ng 13, thưởng cuối năm theo kết quả kinh doanh chung của C&ocirc;ng ty.&nbsp;<br />\r\n- Được đ&oacute;ng BHXH đầy đủ theo luật lao động, nghỉ ph&eacute;p 12 ng&agrave;y/năm v&agrave; c&aacute;c ng&agrave;y lễ theo quy định chung<br />\r\n- Được đi du lịch hằng năm với địa điểm hấp dẫn, thường xuy&ecirc;n tổ chức c&aacute;c hoạt động team building gắn kết cộng đồng, c&aacute;c hoạt động vui chơi giải tr&iacute; cho nh&acirc;n vi&ecirc;n.<br />\r\n- Được tham gia c&aacute;c buổi li&ecirc;n hoan, sinh nhật h&agrave;ng th&aacute;ng, chương tr&igrave;nh gala cuối năm...<br />\r\n- Được đào tạo để ph&aacute;t triển to&agrave;n diện kỹ năng cá nh&acirc;n. &nbsp; &nbsp; &nbsp; &nbsp; &nbsp; &nbsp; &nbsp; &nbsp; &nbsp; &nbsp; &nbsp; &nbsp; &nbsp; &nbsp; &nbsp; &nbsp; &nbsp; &nbsp; &nbsp; &nbsp; &nbsp; &nbsp; &nbsp; &nbsp;&quot;&quot; &nbsp; &nbsp; &nbsp; &nbsp; &nbsp; &nbsp; &nbsp; &nbsp; &nbsp; &nbsp; &nbsp; &nbsp; &nbsp; &nbsp; &nbsp; &nbsp; &nbsp; &nbsp; &nbsp; &nbsp; &nbsp; &nbsp; &nbsp; &nbsp;&quot;</p>', 'nhan-vien-hanh-chinh-nhan-su', 7000000, 10000000, 'Full time', 1, 'Nhân viên', 'Trên 1 năm', '3', '2021-12-22 04:27:20', '2021-12-22 04:27:20', 1, 1, 1),
(297, 'Product Marketing', 71, 'images/images/61c2a98512d4c-home-video-background.jpg', '2021-12-31', '<h3>M&ocirc; tả c&ocirc;ng việc</h3>\r\n\r\n<p>- Triển khai c&aacute;c chiến dịch quảng c&aacute;o, khuyến mại tr&ecirc;n nền tảng Ứng dụng tiếng anh online cho trẻ em<br />\r\n- Ph&aacute;t triển tệp người d&ugrave;ng v&agrave; tải Ứng dụng.&nbsp;<br />\r\n- Ph&aacute;t triển hệ thống website + tối ưu chuyển đổi tr&ecirc;n trang web<br />\r\n- L&ecirc;n &yacute; tưởng v&agrave; triển khai c&aacute;c Campaign h&agrave;ng th&aacute;ng của c&ocirc;ng ty<br />\r\n- C&aacute;c c&ocirc;ng việc kh&aacute;c theo y&ecirc;u cầu &nbsp; &nbsp; &nbsp; &nbsp; &nbsp; &nbsp; &nbsp; &nbsp; &nbsp; &nbsp; &nbsp; &nbsp; &nbsp; &nbsp; &nbsp; &nbsp; &nbsp; &nbsp;&nbsp;</p>\r\n\r\n<h3>Y&ecirc;u cầu ứng vi&ecirc;n</h3>\r\n\r\n<p>- C&oacute; tối thiểu 2 năm kinh nghiệm Product Digital Marketing&nbsp;<br />\r\n- Khả năng s&aacute;ng tạo tốt, th&iacute;ch t&igrave;m t&ograve;i v&agrave; ph&aacute;t triển c&aacute;i mới<br />\r\n- Kĩ năng lập kế hoạch l&agrave; một điểm cộng &nbsp; &nbsp; &nbsp;</p>\r\n\r\n<h3>Quyền lợi được hưởng</h3>\r\n\r\n<p><br />\r\n- C&ocirc;ng ty số 1 tại thị trường Tiếng Anh online Việt Nam. C&aacute;c sản phẩm chủ lực gồm Edupia v&agrave; Babilala l&agrave; hai chương tr&igrave;nh tiếng anh online chất lượng cao đ&atilde; c&oacute; thương hiệu mạnh tr&ecirc;n thị trường với 5 triệu người d&ugrave;ng , 500.000+ học vi&ecirc;n đang theo học tại Việt Nam v&agrave; Đ&ocirc;ng Nam &Aacute;. &nbsp;<br />\r\n- Mức thu nhập cao hơn 20 - 50% so với c&aacute;c c&ocirc;ng ty c&ugrave;ng ng&agrave;nh<br />\r\n- Lộ tr&igrave;nh thăng tiến nhanh: c&oacute; cơ hội được l&ecirc;n c&aacute;c vị tr&iacute; quan trọng sau 6 th&aacute;ng l&agrave;m việc<br />\r\n- M&ocirc;i trường l&agrave;m việc hấp dẫn, đề cao gi&aacute; trị tập thể v&agrave; t&ocirc;n trọng sự ph&aacute;t triển của mỗi c&aacute; nh&acirc;n.</p>\r\n\r\n<p>* Chế độ ph&uacute;c lợi:&nbsp;<br />\r\n- Mức lương: 14 20 triệu c&ugrave;ng c&aacute;c mức thưởng hấp dẫn (thưởng doanh số, thưởng năng suất, thưởng hiệu quả, thưởng s&aacute;ng kiến,...).<br />\r\n- Được hưởng c&aacute;c chế độ theo quy định của Luật Lao động: bảo hiểm, nghỉ ph&eacute;p, nghỉ Lễ Tết,...<br />\r\n- Được đ&agrave;o tạo n&acirc;ng cao về kiến thức chuy&ecirc;n m&ocirc;n, nghiệp vụ từ c&aacute;c chuy&ecirc;n gia v&agrave; đối t&aacute;c lớn.<br />\r\n- Ph&uacute;c lợi hấp dẫn: sinh nhật, Lễ Tết, du lịch h&agrave;ng năm, hoạt động thể dục thể thao (b&oacute;ng đ&aacute;, bi-a, CLB EducaRun)...<br />\r\n- Đ&aacute;nh gi&aacute; x&eacute;t tăng lương 02 lần/năm.<br />\r\n- M&ocirc;i trường trẻ, cởi mở, năng động, ch&uacute; trọng v&agrave;o việc ph&aacute;t triển nh&acirc;n t&agrave;i &amp; lộ tr&igrave;nh thăng tiến r&otilde; r&agrave;ng.&quot; &nbsp;&nbsp;</p>', 'product-marketing', 14000000, 20000000, 'Full time', 1, 'Nhân viên', 'Trên 1 năm', '3', '2021-12-22 04:28:53', '2021-12-22 04:28:53', 1, 14, 1),
(298, 'Senior Marketing Executive', 71, 'images/images/61c2a9f63f0ed-quote_bg.jpg', '2021-12-28', '<h3>M&ocirc; tả c&ocirc;ng việc</h3>\r\n\r\n<p>- X&acirc;y dựng v&agrave; đề xuất kế hoạch Marketing tổng thể, ph&aacute;t triển sản phẩm/dịch vụ dựa tr&ecirc;n nghi&ecirc;n cứu phản hồi v&agrave; th&ocirc;ng tin từ thị trường.&nbsp;<br />\r\n- C&oacute; khả năng l&ecirc;n plan Digital marketing<br />\r\n- Thực hiện kế hoạch Marketing lấy kh&aacute;ch h&agrave;ng l&agrave; trọng t&acirc;m<br />\r\n- C&oacute; tư duy s&aacute;ng tạo để th&uacute;c đẩy c&aacute;c c&ocirc;ng cụ tiếp thị s&aacute;ng tạo, &yacute; tưởng cho c&aacute;c sản phẩm/dịch vụ mới,&nbsp;<br />\r\n- Phối hợp, l&agrave;m việc với c&aacute;c team kỹ thuật, sale để trao đổi v&agrave; đề xuất c&aacute;c giải ph&aacute;t ph&aacute;t triển dự &aacute;n<br />\r\n- Quản trị c&aacute;c hoạt động marketing tổng thể bao gồm: nghi&ecirc;n cứu thị trường, quảng c&aacute;o, ph&acirc;n t&iacute;ch xu hướng b&aacute;n h&agrave;ng v&agrave; chiến dịch quảng c&aacute;o.&nbsp;<br />\r\n- Thực hiện c&aacute;c b&aacute;o c&aacute;o marketing định kỳ.</p>\r\n\r\n<h3>Y&ecirc;u cầu ứng vi&ecirc;n</h3>\r\n\r\n<p>- C&oacute; tr&ecirc;n 2 năm kinh nghiệm về Marketing tổng thể,&nbsp;<br />\r\n- C&oacute; kinh nghiệm x&acirc;y dựng kế hoạch Marketing cho sản phẩm mới<br />\r\n- Ưu ti&ecirc;n ứng vi&ecirc;n c&oacute; kinh nghiệm l&agrave;m Account tại Agency tổng thể<br />\r\n- C&oacute; kỹ năng giao tiếp, giải quyết vấn đề, kỹ năng sắp xếp, tổ chức, lập kế hoạch tốt, th&iacute;ch ứng v&agrave; l&agrave;m việc nh&oacute;m.<br />\r\n- C&oacute; khả năng nắm bắt c&ocirc;ng việc nhanh, quản l&yacute;, tổ chức tri&ecirc;̉n khai thực hiện c&ocirc;ng việc khoa học và t&ocirc;́i ưu; khả năng tư duy, s&aacute;ng tạo, ph&acirc;n t&iacute;ch, tổng hợp tốt.<br />\r\n- Nhạy bén, chủ động và tinh thần tr&aacute;ch nhiệm cao trong c&ocirc;ng việc.</p>\r\n\r\n<h3>Quyền lợi được hưởng</h3>\r\n\r\n<p>* C&ocirc;ng ty số 1 tại thị trường Tiếng Anh online Việt Nam. C&aacute;c sản phẩm chủ lực gồm Edupia v&agrave; Babilala l&agrave; hai chương tr&igrave;nh tiếng anh online chất lượng cao đ&atilde; c&oacute; thương hiệu mạnh tr&ecirc;n thị trường với 5 triệu người d&ugrave;ng , 500.000+ học vi&ecirc;n đang theo học tại Việt Nam v&agrave; Đ&ocirc;ng Nam &Aacute;. &nbsp;<br />\r\n- Mức thu nhập cao hơn 20 - 50% so với c&aacute;c c&ocirc;ng ty c&ugrave;ng ng&agrave;nh<br />\r\n- Lộ tr&igrave;nh thăng tiến nhanh: c&oacute; cơ hội được l&ecirc;n c&aacute;c vị tr&iacute; quan trọng sau 6 th&aacute;ng l&agrave;m việc<br />\r\n- M&ocirc;i trường l&agrave;m việc hấp dẫn, đề cao gi&aacute; trị tập thể v&agrave; t&ocirc;n trọng sự ph&aacute;t triển của mỗi c&aacute; nh&acirc;n.</p>\r\n\r\n<p><strong>* Chế độ ph&uacute;c lợi:&nbsp;</strong><br />\r\n- Mức lương: 15 - 20 triệu c&ugrave;ng c&aacute;c mức thưởng hấp dẫn (thưởng năng suất, thưởng hiệu quả, thưởng s&aacute;ng kiến,...).<br />\r\n- Được hưởng c&aacute;c chế độ theo quy định của Luật Lao động: bảo hiểm, nghỉ ph&eacute;p, nghỉ Lễ Tết,...<br />\r\n- Được đ&agrave;o tạo n&acirc;ng cao về kiến thức chuy&ecirc;n m&ocirc;n, nghiệp vụ từ c&aacute;c chuy&ecirc;n gia v&agrave; đối t&aacute;c lớn.<br />\r\n- Ph&uacute;c lợi hấp dẫn: sinh nhật, Lễ Tết, du lịch h&agrave;ng năm, hoạt động thể dục thể thao (b&oacute;ng đ&aacute;, bi-a, CLB EducaRun)...<br />\r\n- Đ&aacute;nh gi&aacute; x&eacute;t tăng lương 02 lần/năm.<br />\r\n- M&ocirc;i trường trẻ, cởi mở, năng động, ch&uacute; trọng v&agrave;o việc ph&aacute;t triển nh&acirc;n t&agrave;i &amp; lộ tr&igrave;nh thăng tiến r&otilde; r&agrave;ng. &nbsp; &nbsp; &nbsp; &nbsp; &nbsp; &nbsp; &nbsp; &nbsp; &nbsp; &nbsp; &nbsp; &nbsp; &nbsp; &nbsp;&nbsp;</p>', 'senior-marketing-executive', 18000000, 25000000, 'Full time', 1, 'Nhân viên', 'Trên 1 năm', '3', '2021-12-22 04:30:46', '2021-12-22 04:30:46', 1, 14, 1);
INSERT INTO `blogs` (`id`, `title`, `user_recruitment_id`, `image`, `deadline`, `detail`, `slug`, `salary_min`, `salary_max`, `working_time`, `quantity`, `position`, `exp`, `gender`, `created_at`, `updated_at`, `enable`, `cate_id`, `location_id`) VALUES
(301, 'Lập Trình Viên PHP (Lương Lên Đến 1000$)', 4, 'images/images/61c2e1a9c6e01-Ảnh chụp màn hình 2021-12-22 151902.jpg', '2021-12-27', '<h3>M&ocirc; tả c&ocirc;ng việc</h3>\r\n\r\n<p>1. Tham gia x&acirc;y dựng, ph&aacute;t triển c&aacute;c website tin tức - giải tr&iacute;.</p>\r\n\r\n<p>2. Xử l&yacute; c&aacute;c lỗi ph&aacute;t sinh trong qu&aacute; tr&igrave;nh vận h&agrave;nh website.</p>\r\n\r\n<p>3. Tối ưu h&oacute;a code, tối ưu h&oacute;a truy xuất cơ sở dữ liệu để c&aacute;c website c&oacute; thể chịu tải được nhiều triệu lượt truy cập/ng&agrave;y.</p>\r\n\r\n<p>4. Hiểu biết tốt về nguy&ecirc;n l&yacute; lập tr&igrave;nh web, nguy&ecirc;n l&yacute; hoạt động của c&aacute;c website, giao thức HTTP.</p>\r\n\r\n<p>5. Kiểm tra nhật k&yacute; (log) của website được giao phụ tr&aacute;ch theo định kỳ (h&agrave;ng ng&agrave;y, h&agrave;ng tuần) để ph&aacute;t hiện &amp; xử l&yacute; lỗi kịp thời</p>\r\n\r\n<p>6. Thực hiện c&aacute;c c&ocirc;ng việc kh&aacute;c theo ph&acirc;n c&ocirc;ng</p>\r\n\r\n<p>&nbsp;</p>\r\n\r\n<h3>Y&ecirc;u cầu ứng vi&ecirc;n</h3>\r\n\r\n<p>1. Hiểu biết tốt về PHP, JS, Mysql.</p>\r\n\r\n<p>2. Th&agrave;nh thạo c&aacute;c c&acirc;u lệnh SQL.</p>\r\n\r\n<p>3. Th&agrave;nh thạo Stored Procedure/Trigger.</p>\r\n\r\n<p>4. C&oacute; 1-2 năm kinh nghiệm l&agrave;m PHP, JS, MySQL, đ&atilde; hoặc đang l&agrave;m cho c&aacute;c c&ocirc;ng ty truyền th&ocirc;ng online.</p>\r\n\r\n<p>5. C&oacute; khả năng ph&aacute;t hiện nguy&ecirc;n nh&acirc;n, xử l&yacute; lỗi lập tr&igrave;nh nhanh.</p>\r\n\r\n<p>6. C&oacute; khả năng l&agrave;m việc theo Agile/Scrum.</p>\r\n\r\n<p>7. C&oacute; khả năng l&agrave;m việc theo nh&oacute;m tốt.</p>\r\n\r\n<h3>Quyền lợi được hưởng</h3>\r\n\r\n<p>1. Lương cứng l&ecirc;n tới&nbsp;<strong>23 Triệu</strong>.</p>\r\n\r\n<p>2. Trợ cấp (ăn trưa, laptop)&nbsp;</p>\r\n\r\n<p>3. Thưởng KPI v&agrave; c&aacute;c chương tr&igrave;nh thưởng khi ho&agrave;n th&agrave;nh tốt dự &aacute;n.</p>\r\n\r\n<p>4. Du lịch 2 lần 1 năm tại c&aacute;c resort, kh&aacute;ch sạn 5 sao (Vinpearl, FLC, Mường Thanh, ...).</p>\r\n\r\n<p>5. Kh&aacute;m sức khoẻ định kỳ h&agrave;ng năm tại c&aacute;c bệnh viện lớn như Vinmec, Thu C&uacute;c, Hồng Ngọc.</p>\r\n\r\n<p>6. Văn ph&ograve;ng hạng A cực đẹp tại quận nội th&agrave;nh, thuận tiện đi lại.</p>\r\n\r\n<p>7. C&oacute; đầy đủ chế độ bảo hiểm, nghỉ lễ theo quy định.</p>\r\n\r\n<p>8. M&ocirc;i trường l&agrave;m việc trẻ trung, năng động (9x) .</p>\r\n\r\n<p>9. C&oacute; cơ hội ph&aacute;t triển cao, được l&agrave;m việc với c&aacute;c đối t&aacute;c, kh&aacute;ch h&agrave;ng lớn của c&ocirc;ng ty.</p>', 'lap-trinh-vien-php-luong-len-den-1000', 15000000, 25000000, 'Full time', 20, 'Nhân Viên', 'Trên 1 năm', '1', '2021-12-22 08:28:25', '2021-12-22 08:43:17', 1, 4, 1),
(302, 'Lập Trình Viên PHP', 4, 'images/images/61c2e36f68f94-Ảnh chụp màn hình 2021-12-22 151902.jpg', '2021-12-28', '<h3>M&ocirc; tả c&ocirc;ng việc</h3>\r\n\r\n<p>1. Tham gia x&acirc;y dựng, ph&aacute;t triển c&aacute;c website tin tức - giải tr&iacute;.</p>\r\n\r\n<p>2. Xử l&yacute; c&aacute;c lỗi ph&aacute;t sinh trong qu&aacute; tr&igrave;nh vận h&agrave;nh website.</p>\r\n\r\n<p>3. Tối ưu h&oacute;a code, tối ưu h&oacute;a truy xuất cơ sở dữ liệu để c&aacute;c website c&oacute; thể chịu tải được nhiều triệu lượt truy cập/ng&agrave;y.</p>\r\n\r\n<p>4. Hiểu biết tốt về nguy&ecirc;n l&yacute; lập tr&igrave;nh web, nguy&ecirc;n l&yacute; hoạt động của c&aacute;c website, giao thức HTTP.</p>\r\n\r\n<p>5. Kiểm tra nhật k&yacute; (log) của website được giao phụ tr&aacute;ch theo định kỳ (h&agrave;ng ng&agrave;y, h&agrave;ng tuần) để ph&aacute;t hiện &amp; xử l&yacute; lỗi kịp thời</p>\r\n\r\n<p>6. Thực hiện c&aacute;c c&ocirc;ng việc kh&aacute;c theo ph&acirc;n c&ocirc;ng</p>\r\n\r\n<p>&nbsp;</p>\r\n\r\n<h3>Y&ecirc;u cầu ứng vi&ecirc;n</h3>\r\n\r\n<p>1. Hiểu biết tốt về PHP, JS, Mysql.</p>\r\n\r\n<p>2. Th&agrave;nh thạo c&aacute;c c&acirc;u lệnh SQL.</p>\r\n\r\n<p>3. Th&agrave;nh thạo Stored Procedure/Trigger.</p>\r\n\r\n<p>4. C&oacute; 1-2 năm kinh nghiệm l&agrave;m PHP, JS, MySQL, đ&atilde; hoặc đang l&agrave;m cho c&aacute;c c&ocirc;ng ty truyền th&ocirc;ng online.</p>\r\n\r\n<p>5. C&oacute; khả năng ph&aacute;t hiện nguy&ecirc;n nh&acirc;n, xử l&yacute; lỗi lập tr&igrave;nh nhanh.</p>\r\n\r\n<p>6. C&oacute; khả năng l&agrave;m việc theo Agile/Scrum.</p>\r\n\r\n<p>7. C&oacute; khả năng l&agrave;m việc theo nh&oacute;m tốt.</p>\r\n\r\n<h3>Quyền lợi được hưởng</h3>\r\n\r\n<p>1. Lương cứng l&ecirc;n tới&nbsp;<strong>23 Triệu</strong>.</p>\r\n\r\n<p>2. Trợ cấp (ăn trưa, laptop)&nbsp;</p>\r\n\r\n<p>3. Thưởng KPI v&agrave; c&aacute;c chương tr&igrave;nh thưởng khi ho&agrave;n th&agrave;nh tốt dự &aacute;n.</p>\r\n\r\n<p>4. Du lịch 2 lần 1 năm tại c&aacute;c resort, kh&aacute;ch sạn 5 sao (Vinpearl, FLC, Mường Thanh, ...).</p>\r\n\r\n<p>5. Kh&aacute;m sức khoẻ định kỳ h&agrave;ng năm tại c&aacute;c bệnh viện lớn như Vinmec, Thu C&uacute;c, Hồng Ngọc.</p>\r\n\r\n<p>6. Văn ph&ograve;ng hạng A cực đẹp tại quận nội th&agrave;nh, thuận tiện đi lại.</p>\r\n\r\n<p>7. C&oacute; đầy đủ chế độ bảo hiểm, nghỉ lễ theo quy định.</p>\r\n\r\n<p>8. M&ocirc;i trường l&agrave;m việc trẻ trung, năng động (9x) .</p>\r\n\r\n<p>9. C&oacute; cơ hội ph&aacute;t triển cao, được l&agrave;m việc với c&aacute;c đối t&aacute;c, kh&aacute;ch h&agrave;ng lớn của c&ocirc;ng ty.</p>', 'lap-trinh-vien-php-Bibabo', 10000000, 15000000, 'Part time', 10, 'Nhân Viên', 'Trên 1 năm', '1', '2021-12-22 08:35:59', '2021-12-22 15:48:14', 0, 4, 1),
(303, 'Frontend Developer (Reactjs, JavaScript)', 4, 'images/images/61c2e4a5c2b8d-Ảnh chụp màn hình 2021-12-22 151902.jpg', '2022-01-08', '<h3>M&ocirc; tả c&ocirc;ng việc</h3>\r\n\r\n<p>&bull; Tham gia x&acirc;y dựng, ph&aacute;t triển frontend v&agrave; tối ưu cho c&aacute;c hệ thống Fintech với xử l&yacute; dữ liệu lớn, hiệu năng cao&nbsp;<br />\r\n&bull; Tham gia nghi&ecirc;n cứu giải ph&aacute;p v&agrave; &aacute;p dụng c&aacute;c c&ocirc;ng nghệ mới nhanh ch&oacute;ng<br />\r\n&bull; Hỗ trợ c&aacute;c th&agrave;nh vi&ecirc;n ph&aacute;t triển c&aacute;c module phức tạp</p>\r\n\r\n<h3>Y&ecirc;u cầu ứng vi&ecirc;n</h3>\r\n\r\n<p>&bull; C&oacute; &iacute;t nhất 1 năm kinh nghiệm ở vị tr&iacute; tương đương.&nbsp;<br />\r\n&bull; Sử dụng React stack (ReactJS, Redux, State Management, Functional Programming, Component types, modules, &hellip;)<br />\r\n&bull; Th&agrave;nh thạo Java Script, HTML5/HTML/CSS/CSS3, Bootstrap, SASS.<br />\r\n&bull; Hiểu r&otilde; core của JavaScript v&agrave; biết c&aacute;ch vận dụng OOP practice v&agrave;o JavaScript.<br />\r\n&bull; C&oacute; kiến thức về MVVM (model-view-view-model) trong JavaScript l&agrave; 1 lợi thế.<br />\r\n&bull; C&oacute; kinh nghiệm l&agrave;m việc với Responsive Web Design, RESTful API<br />\r\n&bull; C&oacute; kinh nghiệm l&agrave;m c&aacute;c dự &aacute;n tr&ecirc;n nền tảng AngularJS, ReactJS, NodeJS l&agrave; một lợi thế<br />\r\n&bull; C&oacute; kinh nghiệm về UI-UX l&agrave; 1 lợi thế<br />\r\n&bull; Teamwork tốt để hỗ trợ c&aacute;c th&agrave;nh vi&ecirc;n kh&aacute;c trong team&nbsp;<br />\r\n&bull; C&oacute; niềm đam m&ecirc; kh&aacute;m ph&aacute;, học hỏi c&ocirc;ng nghệ mới.</p>\r\n\r\n<h3>Quyền lợi</h3>\r\n\r\n<p>Chế độ đ&atilde;i ngộ:&nbsp;<br />\r\n&bull; Lương khởi điểm hấp dẫn<br />\r\n&bull; X&eacute;t tăng lương 2 lần/năm dựa tr&ecirc;n hiệu quả c&ocirc;ng việc.<br />\r\n&bull; Hưởng đầy đủ c&aacute;c chế độ bảo hiểm v&agrave; được c&ocirc;ng ty hỗ trợ ho&agrave;n to&agrave;n chi ph&iacute; g&oacute;i BH sức khỏe cao cấp.<br />\r\n&bull; Được tặng qu&agrave;, thăm hỏi nh&acirc;n c&aacute;c dịp sinh nhật, cưới hỏi, hiếu hỉ, ốm đau&hellip;<br />\r\n&bull; L&agrave;m việc trong m&ocirc;i trường hiện đại, trẻ trung, văn h&oacute;a mở với nhiều hoạt động văn h&oacute;a tinh thần: du lịch, nghỉ dưỡng, party sự kiện&hellip;<br />\r\n&bull; L&agrave;m việc từ T2-T6, nghỉ T7, CN, Lễ Tết v&agrave; một số ng&agrave;y nghỉ đặc biệt kh&aacute;c<br />\r\nĐ&agrave;o tạo - Ph&aacute;t triển:<br />\r\n&bull; Cơ hội tiếp cận v&agrave; học hỏi c&ocirc;ng nghệ ti&ecirc;n tiến; được l&agrave;m việc v&agrave; training với những đồng nghiệp c&oacute; nhiều năm kinh nghiệm l&agrave;m việc với c&aacute;c hệ thống lớn.<br />\r\n&bull; Được trau dồi kiến thức khi được t&igrave;m hiểu v&agrave; tham gia c&aacute;c dự &aacute;n lớn trong lĩnh vực Fintech v&agrave; E-commerce.<br />\r\n&bull; Được hỗ trợ chi ph&iacute; học tập, thi c&aacute;c chứng chỉ chuy&ecirc;n m&ocirc;n; đồng thời n&acirc;ng cao chuy&ecirc;n m&ocirc;n v&agrave; kỹ năng mềm với c&aacute;c buổi seminar kỹ thuật, hội thảo kỹ năng tổ chức thường xuy&ecirc;n tại c&ocirc;ng ty.<br />\r\n&bull; Được tạo cơ hội ph&aacute;t triển thế mạnh của bản th&acirc;n c&ugrave;ng nhiều cơ hội thăng tiến trong c&ocirc;ng ty</p>', 'frontend-developer-javascript', 10000000, 15000000, 'Full time,Part time', 20, 'Nhân viên', 'Trên 1 năm', '1', '2021-12-22 08:41:09', '2021-12-22 08:41:09', 1, 4, 1);

-- --------------------------------------------------------

--
-- Table structure for table `categories`
--

CREATE TABLE `categories` (
  `id` int(11) NOT NULL,
  `name` varchar(255) NOT NULL,
  `enable` tinyint(1) NOT NULL DEFAULT 1,
  `slug` varchar(255) NOT NULL,
  `created_at` timestamp NULL DEFAULT NULL,
  `updated_at` timestamp NULL DEFAULT NULL
) ENGINE=InnoDB DEFAULT CHARSET=utf8mb4;

--
-- Dumping data for table `categories`
--

INSERT INTO `categories` (`id`, `name`, `enable`, `slug`, `created_at`, `updated_at`) VALUES
(1, 'Kinh Doanh', 1, 'kinh-doanh', '2021-10-17 02:27:27', '2021-12-14 06:17:14'),
(3, 'IT phần cứng', 0, 'it-phan-cung', '2021-10-17 02:27:27', '2021-12-14 06:17:51'),
(4, 'Công nghệ thông tin', 1, 'cong-nghe-thong-tin', '2021-10-17 02:27:27', '2021-12-14 06:17:37'),
(5, 'Kế toán - Kiểm toán', 0, 'ke-toan-kiem-toan', '2021-10-17 02:27:27', '2021-12-14 06:19:04'),
(6, 'KD bất động sản', 1, 'kd-bat-dong-san', '2021-10-17 02:27:27', '2021-12-22 07:24:57'),
(7, 'Nhân sự', 1, 'nhan-su', '2021-10-17 02:27:27', '2021-10-17 02:27:27'),
(12, 'Nhân viên bán hàng', 0, 'nhan-vien-ban-hang', '2021-10-17 02:27:27', '2021-12-14 06:18:46'),
(13, 'Kiến trúc - Tk nội thất', 1, 'kien-truc-thiet-ke-noi-that', '2021-10-17 02:27:27', '2021-10-17 02:27:27'),
(14, 'Marketing - PR', 1, 'marketing-pr', '2021-10-17 02:27:27', '2021-10-17 02:27:27'),
(17, 'Bảo hiểm', 1, 'bao-hiem', '2021-10-17 02:27:27', '2021-10-17 02:27:27'),
(18, 'Dịch vụ', 0, 'dich-vu', '2021-10-17 02:27:27', '2021-12-14 06:18:27'),
(19, 'Sản xuất - Vận hành sản xuất', 1, 'san-xuat-van-hanh-san-xuat', '2021-10-17 02:27:27', '2021-10-17 02:27:27'),
(20, 'Chăm sóc khách hàng', 0, 'cham-soc-khach-hang', '2021-10-17 02:27:27', '2021-12-22 07:27:05'),
(21, 'Khách sạn - Nhà hàng', 1, 'khach-san-nha-hang', '2021-10-17 02:27:27', '2021-10-17 02:27:27'),
(22, 'Xây dựng', 1, 'xay-dung', '2021-10-17 02:27:27', '2021-10-17 02:27:27'),
(23, 'Giáo dục - Đào tạo', 1, 'giao-duc-dao-tao', '2021-10-17 02:27:27', '2021-12-22 05:46:47'),
(24, 'Báo chí - Truyền hình', 1, 'bao-chi-truyen-hinh', '2021-10-17 02:27:27', '2021-10-17 02:27:27'),
(25, 'Dược phẩm - Công nghệ sinh học', 1, 'duoc-pham', '2021-10-17 02:27:27', '2021-10-17 02:27:27'),
(26, 'Công nghệ ô tô', 1, 'cong-nghe-o-to', '2021-10-17 02:27:27', '2021-10-17 02:27:27'),
(27, 'Spa - Làm đẹp', 1, 'spa-lam-dep', '2021-10-17 02:27:27', '2021-10-17 02:27:27'),
(28, 'Thiết kế đồ họa', 1, 'thiet-ke-do-hoa', '2021-10-17 02:27:27', '2021-12-19 14:55:10'),
(29, 'Thời trang', 1, 'thoi-trang', '2021-10-17 02:27:27', '2021-12-22 07:23:08');

-- --------------------------------------------------------

--
-- Table structure for table `favorites`
--

CREATE TABLE `favorites` (
  `user_candidate_id` int(11) NOT NULL,
  `blog_id` int(11) NOT NULL,
  `created_at` timestamp NULL DEFAULT NULL,
  `updated_at` timestamp NULL DEFAULT NULL
) ENGINE=InnoDB DEFAULT CHARSET=utf8mb4;

--
-- Dumping data for table `favorites`
--

INSERT INTO `favorites` (`user_candidate_id`, `blog_id`, `created_at`, `updated_at`) VALUES
(3, 154, '2021-12-17 09:18:21', '2021-12-17 09:18:21'),
(3, 158, '2021-12-18 04:39:47', '2021-12-18 04:39:47'),
(3, 167, '2021-12-18 04:39:44', '2021-12-18 04:39:44'),
(3, 261, '2021-12-22 14:28:25', '2021-12-22 14:28:25'),
(3, 270, '2021-12-22 10:39:53', '2021-12-22 10:39:53'),
(3, 272, '2021-12-22 10:39:54', '2021-12-22 10:39:54'),
(3, 274, '2021-12-22 14:28:22', '2021-12-22 14:28:22'),
(3, 275, '2021-12-22 01:18:23', '2021-12-22 01:18:23'),
(3, 279, '2021-12-22 01:18:22', '2021-12-22 01:18:22'),
(3, 286, '2021-12-23 00:32:03', '2021-12-23 00:32:03'),
(77, 154, '2021-12-22 01:43:47', '2021-12-22 01:43:47'),
(77, 181, '2021-12-22 01:43:23', '2021-12-22 01:43:23'),
(77, 187, '2021-12-22 01:42:52', '2021-12-22 01:42:52'),
(78, 189, '2021-12-22 11:23:35', '2021-12-22 11:23:35'),
(78, 256, '2021-12-22 11:23:46', '2021-12-22 11:23:46'),
(78, 272, '2021-12-22 11:23:54', '2021-12-22 11:23:54'),
(78, 279, '2021-12-22 11:23:27', '2021-12-22 11:23:27'),
(86, 226, '2021-12-22 13:06:36', '2021-12-22 13:06:36'),
(89, 154, '2021-12-23 01:23:50', '2021-12-23 01:23:50'),
(89, 170, '2021-12-23 01:23:48', '2021-12-23 01:23:48');

-- --------------------------------------------------------

--
-- Table structure for table `forgot_password`
--

CREATE TABLE `forgot_password` (
  `id` int(11) NOT NULL,
  `code` int(6) NOT NULL,
  `created_at` timestamp NULL DEFAULT NULL,
  `updated_at` timestamp NULL DEFAULT NULL
) ENGINE=InnoDB DEFAULT CHARSET=utf8mb4;

--
-- Dumping data for table `forgot_password`
--

INSERT INTO `forgot_password` (`id`, `code`, `created_at`, `updated_at`) VALUES
(2, 123456, '2021-12-21 16:13:31', '2021-12-21 16:13:31'),
(3, 123456, '2021-12-21 16:14:24', '2021-12-21 16:14:24'),
(4, 613670, NULL, '2021-12-21 07:09:37'),
(5, 274044, '2021-11-26 01:54:38', '2021-12-20 13:57:21'),
(11, 220322, '2021-11-03 02:52:49', '2021-12-14 01:22:00'),
(55, 349203, '2021-12-13 15:04:56', '2021-12-14 00:18:26'),
(57, 671083, '2021-12-13 15:41:30', '2021-12-13 15:41:30'),
(59, 321133, '2021-12-17 13:47:28', '2021-12-17 13:47:28'),
(63, 844676, '2021-12-18 05:54:27', '2021-12-18 05:54:27'),
(66, 394346, '2021-12-18 07:12:15', '2021-12-18 07:12:15'),
(68, 960520, '2021-12-19 02:51:24', '2021-12-19 02:51:24'),
(70, 725123, '2021-12-20 02:45:04', '2021-12-20 02:45:04'),
(71, 891141, '2021-12-20 03:45:58', '2021-12-20 03:45:58'),
(72, 258485, '2021-12-20 06:04:53', '2021-12-20 06:04:53'),
(73, 299206, '2021-12-20 06:08:46', '2021-12-21 08:34:49'),
(75, 123456, '2021-12-21 16:16:12', '2021-12-21 16:16:12'),
(77, 655026, '2021-12-22 01:32:22', '2021-12-22 01:32:22'),
(78, 707775, '2021-12-22 02:04:00', '2021-12-22 02:04:00'),
(79, 749532, '2021-12-22 02:15:12', '2021-12-22 02:15:12'),
(80, 986806, '2021-12-22 02:57:20', '2021-12-22 02:57:20'),
(81, 879742, '2021-12-22 03:41:20', '2021-12-22 03:41:20'),
(82, 574568, '2021-12-22 04:04:46', '2021-12-22 04:04:46'),
(83, 384582, '2021-12-22 08:04:19', '2021-12-22 08:04:19'),
(84, 980190, '2021-12-22 08:07:06', '2021-12-22 08:07:06'),
(86, 132094, '2021-12-22 12:49:24', '2021-12-22 12:49:24'),
(87, 378002, '2021-12-22 13:24:18', '2021-12-22 13:24:18'),
(88, 181509, '2021-12-22 13:25:08', '2021-12-22 13:25:08'),
(89, 296874, '2021-12-23 01:22:26', '2021-12-23 01:22:26'),
(90, 180610, '2021-12-23 01:26:55', '2021-12-23 01:26:55');

-- --------------------------------------------------------

--
-- Table structure for table `keywords`
--

CREATE TABLE `keywords` (
  `id` int(11) NOT NULL,
  `keyword` varchar(255) NOT NULL,
  `search` int(11) NOT NULL DEFAULT 0,
  `created_at` timestamp NULL DEFAULT NULL,
  `updated_at` timestamp NULL DEFAULT NULL
) ENGINE=InnoDB DEFAULT CHARSET=utf8mb4;

--
-- Dumping data for table `keywords`
--

INSERT INTO `keywords` (`id`, `keyword`, `search`, `created_at`, `updated_at`) VALUES
(1, 'Lập trình viên', 126, '2021-10-17 07:11:12', '2021-12-22 14:05:29'),
(2, 'Lập trình viên PHP', 106, '2021-10-17 07:11:12', '2021-12-22 14:06:09'),
(3, 'Lập trình viên Java', 2, '2021-10-17 07:11:12', '2021-12-20 05:45:22'),
(4, 'Lập trình viên iOS', 91, '2021-10-17 07:11:12', '2021-12-17 14:16:04'),
(5, 'Lập trình viên Android', 0, '2021-10-17 07:11:12', '2021-10-17 07:11:12'),
(6, 'Thư ký', 511, '2021-10-17 07:11:12', '2021-12-17 14:15:33'),
(8, 'Tester', 1, '2021-10-17 07:11:12', '2021-12-20 05:31:37'),
(9, 'Nhân viên kinh doanh', 0, '2021-10-17 07:11:12', '2021-10-17 07:11:12'),
(10, 'Nhân viên lễ tân', 0, '2021-10-17 07:11:12', '2021-10-17 07:11:12'),
(11, 'Quản lý nhà hàng', 0, '2021-10-17 07:11:12', '2021-10-17 07:11:12'),
(12, 'Nhân viên Marketing', 102, '2021-10-17 07:11:12', '2021-12-21 03:45:35'),
(13, 'Kế toán', 50, '2021-10-17 07:11:12', '2021-10-17 07:11:12'),
(14, 'Nhân viên lái xe', 0, '2021-10-17 07:11:12', '2021-10-17 07:11:12'),
(15, 'Nhân viên giao hàng', 0, '2021-10-17 07:11:12', '2021-10-17 07:11:12'),
(16, 'Nhân viên thu ngân', 0, '2021-10-17 07:11:12', '2021-10-17 07:11:12'),
(17, 'Oshin', 0, '2021-10-17 07:11:12', '2021-11-22 01:54:20');

-- --------------------------------------------------------

--
-- Table structure for table `locations`
--

CREATE TABLE `locations` (
  `id` int(11) NOT NULL,
  `name` varchar(100) CHARACTER SET utf8 NOT NULL
) ENGINE=InnoDB DEFAULT CHARSET=latin1 ROW_FORMAT=COMPACT;

--
-- Dumping data for table `locations`
--

INSERT INTO `locations` (`id`, `name`) VALUES
(89, 'Tỉnh An Giang'),
(77, 'Tỉnh Bà Rịa - Vũng Tàu'),
(24, 'Tỉnh Bắc Giang'),
(6, 'Tỉnh Bắc Kạn'),
(95, 'Tỉnh Bạc Liêu'),
(27, 'Tỉnh Bắc Ninh'),
(83, 'Tỉnh Bến Tre'),
(74, 'Tỉnh Bình Dương'),
(70, 'Tỉnh Bình Phước'),
(60, 'Tỉnh Bình Thuận'),
(52, 'Tỉnh Bình Định'),
(96, 'Tỉnh Cà Mau'),
(4, 'Tỉnh Cao Bằng'),
(64, 'Tỉnh Gia Lai'),
(2, 'Tỉnh Hà Giang'),
(35, 'Tỉnh Hà Nam'),
(42, 'Tỉnh Hà Tĩnh'),
(30, 'Tỉnh Hải Dương'),
(93, 'Tỉnh Hậu Giang'),
(17, 'Tỉnh Hoà Bình'),
(33, 'Tỉnh Hưng Yên'),
(56, 'Tỉnh Khánh Hòa'),
(91, 'Tỉnh Kiên Giang'),
(62, 'Tỉnh Kon Tum'),
(12, 'Tỉnh Lai Châu'),
(68, 'Tỉnh Lâm Đồng'),
(20, 'Tỉnh Lạng Sơn'),
(10, 'Tỉnh Lào Cai'),
(80, 'Tỉnh Long An'),
(36, 'Tỉnh Nam Định'),
(40, 'Tỉnh Nghệ An'),
(37, 'Tỉnh Ninh Bình'),
(58, 'Tỉnh Ninh Thuận'),
(25, 'Tỉnh Phú Thọ'),
(54, 'Tỉnh Phú Yên'),
(44, 'Tỉnh Quảng Bình'),
(49, 'Tỉnh Quảng Nam'),
(51, 'Tỉnh Quảng Ngãi'),
(22, 'Tỉnh Quảng Ninh'),
(45, 'Tỉnh Quảng Trị'),
(94, 'Tỉnh Sóc Trăng'),
(14, 'Tỉnh Sơn La'),
(72, 'Tỉnh Tây Ninh'),
(34, 'Tỉnh Thái Bình'),
(19, 'Tỉnh Thái Nguyên'),
(38, 'Tỉnh Thanh Hóa'),
(46, 'Tỉnh Thừa Thiên Huế'),
(82, 'Tỉnh Tiền Giang'),
(84, 'Tỉnh Trà Vinh'),
(8, 'Tỉnh Tuyên Quang'),
(86, 'Tỉnh Vĩnh Long'),
(26, 'Tỉnh Vĩnh Phúc'),
(15, 'Tỉnh Yên Bái'),
(66, 'Tỉnh Đắk Lắk'),
(67, 'Tỉnh Đắk Nông'),
(11, 'Tỉnh Điện Biên'),
(75, 'Tỉnh Đồng Nai'),
(87, 'Tỉnh Đồng Tháp'),
(92, 'TP. Cần Thơ'),
(1, 'TP. Hà Nội'),
(31, 'TP. Hải Phòng'),
(79, 'TP. Hồ Chí Minh'),
(48, 'TP. Đà Nẵng');

-- --------------------------------------------------------

--
-- Table structure for table `reviewers`
--

CREATE TABLE `reviewers` (
  `id` int(11) NOT NULL,
  `name` varchar(255) NOT NULL,
  `avatar` varchar(255) NOT NULL,
  `work` varchar(255) NOT NULL,
  `content` text NOT NULL,
  `created_at` timestamp NULL DEFAULT NULL,
  `updated_at` timestamp NULL DEFAULT NULL
) ENGINE=InnoDB DEFAULT CHARSET=utf8mb4;

--
-- Dumping data for table `reviewers`
--

INSERT INTO `reviewers` (`id`, `name`, `avatar`, `work`, `content`, `created_at`, `updated_at`) VALUES
(1, 'Vũ Văn Chương', 'images/reviews/61c1f969a3260-Ảnh chụp màn hình 2021-12-21 225654.jpg', 'Developer', 'Trước sự phát triển vượt bậc của nền kinh tế, rất nhiều ngành nghề trở nên khan hiếm nhân lực hoặc thiếu nhân lực giỏi. Vì vậy, hầu hết các trường Đại học đều liên kết với các công ty, doanh nghiệp, cơ quan để tạo cơ hội cho các bạn sinh viên được học tập, rèn luyện bản thân và làm quen với môi trường làm việc từ sớm. Trong danh sách việc làm trên đây, Jobs mang đến cho bạn những cơ hội việc làm tại những môi trường làm việc năng động, chuyên nghiệp.', '2021-11-12 02:04:02', '2021-12-21 15:57:57'),
(2, 'Trần Chí Võ', 'images/reviews/61c1fa3093b03-Ảnh chụp màn hình 2021-12-21 230017.jpg', 'Inter PHP', 'Jobs là một website tuyệt vời cho em. Không chỉ vậy, đây còn là công cụ tuyệt vời giúp kết nối nguồn nhân lực với nhà tuyển dụng.', '2021-11-12 02:04:02', '2021-12-21 16:01:53'),
(3, 'Trần Văn Khương', 'images/reviews/61c1f8204c284-A.TÉm0002_1-1333x2000.png', 'Lập trình viên PHP', 'JobS rất tiện lợi cho việc tìm những công việc phù hợp và tiếp cận với các nhà tuyển dụng nhanh chóng. Mình cực kì hài lòng với các trải nghiệm ở đây. Thực sự rất highly recommend cho mn trải nghiệm ở đây ạ!', '2021-11-22 02:11:19', '2021-12-21 15:55:19');

-- --------------------------------------------------------

--
-- Table structure for table `setting`
--

CREATE TABLE `setting` (
  `id` int(11) NOT NULL,
  `name` varchar(255) NOT NULL,
  `intro` text NOT NULL,
  `logo` varchar(255) NOT NULL,
  `address` text NOT NULL,
  `copy_right` varchar(255) NOT NULL,
  `created_at` timestamp NULL DEFAULT NULL,
  `updated_at` timestamp NULL DEFAULT NULL
) ENGINE=InnoDB DEFAULT CHARSET=utf8mb4;

--
-- Dumping data for table `setting`
--

INSERT INTO `setting` (`id`, `name`, `intro`, `logo`, `address`, `copy_right`, `created_at`, `updated_at`) VALUES
(1, 'JobS', 'Kênh tìm việc chất lượng, uy tín hàng đầu Việt Nam với 30,000+ việc làm được cập nhật mỗi ngày từ 80,000+ doanh nghiệp đã được xác thực.', 'images/websites/61bc4f5135c24-619afd3805f50-253154007_1368221206913632_7286450445870006476_n.png', '<p>\r\n                   <b>Miền Bắc: </b>\r\n                   <span>F-POLY, phố Trịnh Văn Bô, Nam Từ Liên, Hà Nội.</span>\r\n                   <br>\r\n                   <b>Miền Nam: </b>\r\n                   <span>Số 261 - 263 Phan Xích Long, Phường 2, Quận Phú Nhuận, TP Hồ Chí Minh.</span>\r\n                 </p>', 'Nhóm 181 Fall 2021', '2021-11-01 02:22:57', '2021-12-17 08:50:25');

-- --------------------------------------------------------

--
-- Table structure for table `users`
--

CREATE TABLE `users` (
  `id` int(11) NOT NULL,
  `email` varchar(255) NOT NULL,
  `password` varchar(255) NOT NULL,
  `remember_token` varchar(255) DEFAULT NULL,
  `confirmed` tinyint(1) NOT NULL DEFAULT 0,
  `confirmation_code` varchar(255) DEFAULT NULL,
  `role` int(4) NOT NULL DEFAULT 0,
  `active` tinyint(1) NOT NULL DEFAULT 0,
  `created_at` timestamp NULL DEFAULT NULL,
  `updated_at` timestamp NULL DEFAULT NULL
) ENGINE=InnoDB DEFAULT CHARSET=utf8mb4;

--
-- Dumping data for table `users`
--

INSERT INTO `users` (`id`, `email`, `password`, `remember_token`, `confirmed`, `confirmation_code`, `role`, `active`, `created_at`, `updated_at`) VALUES
(2, 'trhuukien200@gmail.com', '$2y$10$7mmp0.FFdUrS8zh1G5s8LOguUwL8Fw9yrHX37sUZy7uuttb9UDQFK', '', 1, NULL, 50, 0, '2021-10-17 13:38:04', '2021-12-06 08:00:57'),
(3, 'kiz@gmail.com', '$2y$10$svhRXiulqQGx5BM2wekWi.CZQOLKJ6azPATD5KOSFKgtd98D0xK7i', 'q7eljVm76IYr0He8HvmXbunn2o3xdEEI6Ulw5ir8viVukhspZdsulG5EzfLC', 1, '', 0, 1, '2021-10-18 18:01:38', '2022-01-02 10:53:33'),
(4, 'khuongchuc2k1@gmail.com', '$2y$10$7mmp0.FFdUrS8zh1G5s8LOguUwL8Fw9yrHX37sUZy7uuttb9UDQFK', 'Jlm6VnCCEYHnGeYdRI9uU8xQXqyStVDlwoSJh417ee5uN93T0rAxzyTJ5XsK', 1, NULL, 50, 1, NULL, '2022-01-06 16:10:31'),
(5, 'admin@gmail.com', '$2y$10$cCpYlWQQjxg4GCM5jIT5TOzfH0RahguJ.NZjwFQM3SX3NadcggFJu', 'zhjsJjgOuvrHP28H8xJlC70uw7W2nIA0Fecv8XTLcbbm2V03narg0p8uRuiE', 1, '', 200, 0, '2021-10-19 12:06:15', '2021-12-23 07:53:00'),
(11, 'trhuukien2001@gmail.com', '$2y$10$AvGrLIv488jvq7ixSKvLCO77yk/Lxt340cYgxG2cEHGGHdrnXVVbe', '', 1, '', 0, 0, '2021-11-03 02:52:49', '2021-11-11 03:20:43'),
(55, 'idkienkiz@gmail.com', '$2y$10$39auMbKF1bP2ZyFb6gCKzOq.6EOzi4HQP5PUNjPfeGEaHu26tDMGW', 'NOhDTndZAuTrHBUqe6026PR6rT9jZwXaGSDwLEGWovzPxGlCPmFyzn42XXIm', 1, NULL, 50, 0, '2021-12-13 15:04:56', '2021-12-14 13:45:47'),
(57, 'votran15082k1@gmail.com', '$2y$10$kbRNT9pEQtGl1MjOoLajme3pOPzQFxpG..Nt1ZxonpXGIWC.mEco.', NULL, 1, NULL, 50, 1, '2021-12-13 15:41:30', '2021-12-23 00:34:54'),
(59, 'tienk1532@gmail.com', '$2y$10$1BaWwwuLFYx76r522GBJv.IwqVBbekabWTkHPjVwmCJDTnIwVZawu', NULL, 1, NULL, 50, 0, '2021-12-17 13:47:28', '2021-12-22 13:14:03'),
(63, 'hoant2001a@gmail.com', '$2y$10$H.uV72Z.v5p.ZQ1/MxM5UutE6H5CUo4sOA065IdMGp87uOzI3A/JC', NULL, 1, NULL, 50, 1, '2021-12-18 05:54:27', '2021-12-23 00:45:15'),
(66, 'chuongvv@beetsoft.com.vn', '$2y$10$mlyfLmXXFKuzFuFUbHAHiukF1lmXFyR/GEnjsuzj1kppTyHuVFIQi', 't2lob6H7Dmm3AMyzRrXHbUEyQaAkNJNr4s9fZGVyi3wpHtDkVJDCmeZcztK6', 1, NULL, 50, 0, '2021-12-18 07:12:15', '2021-12-22 12:48:58'),
(68, 'kientrantc@gmail.com', '$2y$10$EyQ86dDe5KF2h5lwhq0PLu/m.iPNuHM7kOU1rR56jY/BocIpi.hM6', 'MeveHGcp6wu5fzY2zlahOYMMo4D6BI0BydqRzsCwL7jj9NCh0YrOYzJ4UK1O', 1, NULL, 0, 0, '2021-12-19 02:51:24', '2021-12-20 06:07:14'),
(70, 'votran150801@gmail.com', '$2y$10$u7FJE5jSkBn/xHXTg8j.UuNwWdkw4ZtBFL9EjboA7k93iN5loHH3e', NULL, 1, NULL, 50, 0, '2021-12-20 02:45:04', '2021-12-20 15:38:36'),
(71, 'thaihoak21@gmail.com', '$2y$10$Gr2VZDaSbd5AKFUcQC1AVO1mkxXb4y3FOXAPBwTOqWNNIZF5/XJWm', NULL, 1, NULL, 50, 1, '2021-12-20 03:45:58', '2021-12-22 04:18:39'),
(72, 'hoant200lk1@gmail.com', '$2y$10$lbuuWaAWopzC42mjeH5Acerz3dZBRokPMKBMd./OXHAGCUbAAnLsS', NULL, 1, NULL, 50, 0, '2021-12-20 06:04:53', '2021-12-22 10:24:20'),
(73, 'kienth@bsscommerce.com', '$2y$10$a/h7STtTx3NuCaRXLfBuwO7ITtytsBco7JvIzfYXmdZrDvbntx6ye', '3HlkaaclwX7zswYgQm78maN4DgUkNkXXtPpmj29PISIZ5Dosz6jaYPQpXjc4', 1, NULL, 50, 1, '2021-12-20 06:08:46', '2021-12-22 12:12:44'),
(75, 'tiennx.jobsvn@gmail.com', '$2y$10$WXij4MBfmWjv3qv0PgyBteaJ3zzzlO4dhIemx3BXRGFH9HwB/w4Ty', NULL, 1, NULL, 200, 1, '2021-12-21 02:57:24', '2021-12-23 00:13:17'),
(77, 'tiennxph11054@fpt.edu.vn', '$2y$10$8OEhkw9H3iIgtZIlysBCzeTNRwkjmPPTOvS5YyvSxTLUoCzH7j5..', NULL, 1, NULL, 0, 0, '2021-12-22 01:32:22', '2021-12-22 08:35:48'),
(78, 'votcph11099@fpt.edu.vn', '$2y$10$o8UDEWAdl9K1uFa.cBvTLeXD2uK0kfXihnHaI5UuGpPS9QbZqYIKq', NULL, 1, NULL, 0, 0, '2021-12-22 02:04:00', '2021-12-22 12:34:23'),
(79, 'vovo150801@gmail.com', '$2y$10$Q746H/gXTcC0ce6HHlOK.e.QJT6w1pRD3el2wKWGw7FblmT5wxAjq', NULL, 1, NULL, 0, 0, '2021-12-22 02:15:12', '2021-12-22 11:06:21'),
(80, 'ng.xuan.tien.01@gmail.com', '$2y$10$tqTBH7dUH1FvWE0hzeecPuGS5x3/NThodZg7EUjyILAL.Q.3/NJBq', NULL, 1, NULL, 0, 1, '2021-12-22 02:57:20', '2021-12-22 03:03:12'),
(81, 'hoak21aa@gmail.com', '$2y$10$vRpbDh4uQZjV6rK.EdNxduakXQ32TcLw6RFldISmWZtTX4TIHCOzi', NULL, 1, NULL, 0, 0, '2021-12-22 03:41:20', '2021-12-23 00:45:09'),
(82, 'hoantk21l@gmail.com', '$2y$10$XmRqDT41VFHtGs2Vj4iOseHNSV7/.bQ8mv7n6JpkVcIlbtv/kfC3m', NULL, 1, NULL, 0, 0, '2021-12-22 04:04:46', '2021-12-22 10:25:16'),
(83, 'kukizkoi@gmail.com', '$2y$10$FNxJcqahuoCW.nAr5I0Ysul4pyA6FI28LzN/kAhSpDKfZrnOCQP0a', NULL, 1, NULL, 200, 0, '2021-12-22 08:04:19', '2021-12-22 08:04:19'),
(84, 'trhuukien2001@gmail.comn', '$2y$10$W5C/Wx0KuqwFO40AFF989uHot4Gk2n9YACDhJE0V0sip8uvY7gfae', NULL, 0, '1640160426161c2dcaa8ac52', 0, 0, '2021-12-22 08:07:06', '2021-12-22 08:07:06'),
(86, 'chuongvvph11175@fpt.edu.vn', '$2y$10$ZR05BJDeT3WYBxhND5Bp1O1evUWHTv62juJBlTjSrKiDLXNopKZcK', NULL, 1, NULL, 0, 1, '2021-12-22 12:49:24', '2021-12-22 12:51:21'),
(87, 'kienthph11085@gmail.com', '$2y$10$U6uSUowvB9lb9gpDEg0i4.fE0Xrrlv4f9KjddD0HcE4wQ2pCugy56', NULL, 0, '1640179458161c327021e31b', 0, 0, '2021-12-22 13:24:18', '2021-12-22 13:24:18'),
(88, 'kienthph11085@fpt.edu.vn', '$2y$10$xRiGMHr6d5aaQ.OQS8E5Jer.E99K3KJQEAg4Ajym0Jw.ZNA3JBtFi', NULL, 1, NULL, 0, 0, '2021-12-22 13:25:08', '2021-12-22 14:34:50'),
(89, 'tranhuukien.kiz@gmail.com', '$2y$10$Fh2llXoNLcsIc2iVwxBHFuOKLh4HDIMLL7KJHFCa/.3WmdgIez8f6', 'j8shdtGq8omK7S0aZ5CjViIQOD1ePFotUKc38TREVLyFxQoknpLpscoH6If7', 1, NULL, 0, 1, '2021-12-23 01:22:26', '2021-12-23 01:23:01'),
(90, 'huuhuybn@gmail.com', '$2y$10$iY6H4QTw/mZCm/G1fwlCueR.EcEXf.0TdU.N8IRnmS6mp7v8jmEUO', NULL, 1, NULL, 0, 1, '2021-12-23 01:26:55', '2021-12-23 01:27:47');

-- --------------------------------------------------------

--
-- Table structure for table `user_admin`
--

CREATE TABLE `user_admin` (
  `id` int(11) NOT NULL,
  `name` varchar(255) NOT NULL,
  `avatar` varchar(255) NOT NULL DEFAULT 'images/avatar/none.jpg',
  `phone_number` varchar(25) NOT NULL,
  `created_at` timestamp NULL DEFAULT NULL,
  `updated_at` timestamp NULL DEFAULT NULL
) ENGINE=InnoDB DEFAULT CHARSET=utf8mb4;

--
-- Dumping data for table `user_admin`
--

INSERT INTO `user_admin` (`id`, `name`, `avatar`, `phone_number`, `created_at`, `updated_at`) VALUES
(5, 'Kiz', 'images/avatar/bss.png', '+84 86 89 83 309', '2021-10-19 12:06:49', '2021-10-19 12:06:49'),
(75, 'Tiến Nguyễn', 'images/users/61c1429448dca-a5.jpg', '0372812022', '2021-12-21 02:57:24', '2021-12-21 02:57:24'),
(83, 'Kiên Trần', 'images/users/61c2dc03d98a4-DA1tY3a.jpg', '0868983309', '2021-12-22 08:04:19', '2021-12-22 08:04:19');

-- --------------------------------------------------------

--
-- Table structure for table `user_candidate`
--

CREATE TABLE `user_candidate` (
  `id` int(11) NOT NULL,
  `name` varchar(255) NOT NULL,
  `avatar` varchar(255) NOT NULL DEFAULT 'images/avatar/none.jpg',
  `cate_id` int(11) NOT NULL DEFAULT 1,
  `location_id` int(11) NOT NULL DEFAULT 1,
  `gender` int(1) NOT NULL DEFAULT 1,
  `birthday` date NOT NULL DEFAULT '2000-01-01',
  `education` text DEFAULT NULL,
  `exp` text DEFAULT NULL,
  `skill` text DEFAULT NULL,
  `address` varchar(255) DEFAULT NULL,
  `phone_number` varchar(25) DEFAULT NULL,
  `link_facebook` varchar(255) DEFAULT NULL,
  `link_linkedin` varchar(255) DEFAULT NULL,
  `intro` text DEFAULT NULL,
  `detail` text DEFAULT NULL,
  `created_at` timestamp NULL DEFAULT NULL,
  `updated_at` timestamp NULL DEFAULT NULL
) ENGINE=InnoDB DEFAULT CHARSET=utf8mb4;

--
-- Dumping data for table `user_candidate`
--

INSERT INTO `user_candidate` (`id`, `name`, `avatar`, `cate_id`, `location_id`, `gender`, `birthday`, `education`, `exp`, `skill`, `address`, `phone_number`, `link_facebook`, `link_linkedin`, `intro`, `detail`, `created_at`, `updated_at`) VALUES
(3, 'Văn Chương', 'images/avatar/61c3c4a6bf094-e43e71ad318cfbd2a29d.jpg', 4, 1, 1, '2001-12-11', '<p><strong>FPT POLYTECHNIC</strong></p>\r\n\r\n<p>Thiết kế website - Backend</p>\r\n\r\n<p>Kỳ học hiện tại: 6/7</p>', '<p><strong>Cao đẳng FPT</strong></p>\r\n\r\n<p>Thiết kế website</p>\r\n\r\n<p>- Đ&atilde; ho&agrave;n th&agrave;nh dự &aacute;n nh&oacute;m: Website b&aacute;n h&agrave;ng Routine (code)</p>\r\n\r\n<p>- Đ&atilde; ho&agrave;n th&agrave;nh dự &aacute;n c&aacute; nh&acirc;n: Website b&aacute;n h&agrave;ng Kizshop (wordpress)</p>\r\n\r\n<p>- Đ&atilde; ho&agrave;n th&agrave;nh 1 số website l&agrave;m bằng Wordpress v&agrave; website giới thiệu bản th&acirc;n</p>\r\n\r\n<p>- Trang c&aacute; nh&acirc;n: tranhuukien.tk</p>\r\n\r\n<p>- Website b&aacute;n h&agrave;ng: kizshop.tk</p>\r\n\r\n<p>- Website b&aacute;n h&agrave;ng: routineshop.tk</p>', '<p><strong>PHP:</strong> Sử dụng th&agrave;nh thạo ng&ocirc;n ngữ PHP v&agrave; framework laravel</p>\r\n\r\n<p><strong>HTML + CSS:</strong> Sử dụng th&agrave;nh thạo HTML5, CSS3 v&agrave; c&aacute;c framework taildwin, bootstrap</p>\r\n\r\n<p><strong>JS:</strong> Sử dụng tốt JS cơ bản</p>\r\n\r\n<p><strong>Tiếng Anh:</strong> C&oacute; thể đọc t&agrave;i liệu cơ bản</p>\r\n\r\n<p><strong>Kh&aacute;c:</strong> Word, Excel, Powerpoint, Adobe,...</p>\r\n\r\n<p><strong>Kỹ năng mềm:</strong> Thuyết tr&igrave;nh, l&agrave;m việc nh&oacute;m, l&agrave;m việc độc lập</p>', 'Yên Sở - Hoài Đức - Hà Nội', '+84868983309', 'https://www.facebook.com/tranhuukien.kiz', 'https://www.facebook.com/tranhuukien.kiz', '<p>Developer FPT &lt;3</p>', '<h3>CHỨNG CHỈ</h3>\r\n\r\n<p>Ho&agrave;n th&agrave;nh Tiếng Anh 2.2 tại trường - Tương đương 4.5 ielts</p>\r\n\r\n<h3>GIẢI THƯỞNG</h3>\r\n\r\n<p>4/6 kỳ đat&middot; sinh vi&ecirc;n giỏi</p>\r\n\r\n<p>- SPRING 2020: Nhận được bằng khen từ trường</p>\r\n\r\n<p>- SUMMER 2020: Nhận được bằng khen từ trường</p>', '2021-10-19 11:59:29', '2021-12-23 00:36:54'),
(11, 'Ứng viên #11', 'images/avatar/618c88d884b7c-favicon.png', 1, 1, 1, '2001-12-11', NULL, NULL, NULL, NULL, NULL, NULL, NULL, NULL, NULL, '2021-11-03 02:52:49', '2021-11-11 03:07:04'),
(68, 'Kiên Trần', 'images/avatar/61beb4e799e0e-Untitled.png', 4, 1, 1, '2001-12-11', '<p>Cao đăng FPT Polytechnic</p>', '<p>Chưa c&oacute;</p>', '<p>HTML</p>\r\n\r\n<p>CSS</p>\r\n\r\n<p>PHP</p>\r\n\r\n<p>&nbsp;</p>\r\n\r\n<p>&nbsp;</p>\r\n\r\n<p>&nbsp;</p>\r\n\r\n<p>&nbsp;</p>', 'Yên Sở - Hoài Đức - Hà Nội', '0868983099', 'fb.com/tranhuukien.kiz', NULL, '<p>Developer</p>', '<p>Ielst 4.5</p>', '2021-12-19 02:51:24', '2021-12-19 04:28:23'),
(77, 'Nguyễn Tiến', 'images/avatar/61c294f94d9b5-111.jpg', 4, 1, 1, '2002-02-03', '<p>Cao đẳng FPT Polytechnic</p>', '<p>Đ&atilde;&nbsp;l&agrave;m c&aacute;c b&agrave;i tập lớn nhỏ ở trường bằng ng&ocirc;n ngữ PHP</p>', '<p>Kỹ năng mềm:</p>\r\n\r\n<p>- C&oacute; tư duy logic tốt<br />\r\n&nbsp;- C&oacute; khả năng nghi&ecirc;n cứu v&agrave; giải quyết vấn đề<br />\r\n&nbsp;- Kỹ năng l&agrave;m việc nh&oacute;m v&agrave; độc lập<br />\r\n- Chịu&nbsp;được &aacute;p lực v&agrave; c&oacute; tr&aacute;ch nhiệm với c&ocirc;ng việc</p>\r\n\r\n<p>Kỹ năng chuy&ecirc;n m&ocirc;n:</p>\r\n\r\n<p>- C&oacute; khả năng ph&aacute;t triển Website: Laravel Framework<br />\r\n- Quản l&yacute; source code bằng Git.<br />\r\n&nbsp;- Sử dụng Database: MySQL, Xampp<br />\r\n- Hiểu biết về lập tr&igrave;nh Web HTML, CSS, Javascrip, Bootstrap, Laravel Framework<br />\r\n- C&oacute; kiến thức về lập tr&igrave;nh Wordpress, quản trị Website</p>\r\n\r\n<p>Tin học văn ph&ograve;ng:</p>\r\n\r\n<p>- Sử dụng tốt/ th&agrave;nh thao c&aacute;c c&ocirc;ng cụ Word, Powerpoint v&agrave; Excel</p>\r\n\r\n<p>Tiếng Anh:</p>\r\n\r\n<p>- Khả năng đọc hiểu t&agrave;i liệu chuy&ecirc;n ng&agrave;nh.</p>', 'Kí túc xá Mỹ Đình, P. Hàm Nghi, Hà Nội, Việt Nam', '0372812222', 'https://www.facebook.com/profile.php?id=100008693763142', NULL, '<p>Nguyễn Xu&acirc;n Tiến sinh năm 2001. Chuy&ecirc;n ng&agrave;nh Thiết kế website</p>', NULL, '2021-12-22 01:32:22', '2021-12-22 03:01:13'),
(78, 'Trần Chí Võ', 'images/avatar/61c2891ae200b-192206763_509099183559241_5255587620884933949_n.png', 4, 1, 1, '2001-08-15', '<p>Tốt nghiệp trường cao đẳng fpt polytechnic&nbsp;<br />\r\nNgh&agrave;nh thiết kế website(BackEnd)<br />\r\nXếp loại: kh&aacute;</p>', '<p>Shoes Shop &ndash; shop b&aacute;n gi&agrave;y,&nbsp;coder</p>\r\n\r\n<p>4/9/2021&nbsp;<strong>&nbsp;-&nbsp;</strong>&nbsp;30/11/2021I</p>\r\n\r\n<p><strong>Dự &aacute;n</strong>: Shoes Shop &ndash; shop b&aacute;n gi&agrave;y<br />\r\n<strong>Vị tr&iacute;:</strong>&nbsp;Code &ndash; Quản trị websiteC&ocirc;ng nghệ sử dụng: php, visual studio code,html,css<br />\r\n<strong>Kết quả:&nbsp;</strong>Ho&agrave;n thiện hết th&ecirc;m sửa x&oacute;a v&agrave; 1 v&agrave;i chức năng back-end<br />\r\n<strong>Kết quả đạt được:</strong>&nbsp;- X&acirc;y dựng được một Web b&aacute;n gi&agrave;y- Dự &aacute;n được giảng vi&ecirc;n đ&aacute;nh gi&aacute; kh&aacute;. Điểm đ&aacute;nh gi&aacute; 8/10.<br />\r\n<strong>Kinh nghiệm r&uacute;t ra:</strong>&nbsp;Cải thiện tốt về vấn đề giao diện b&ecirc;n ph&iacute;a người d&ugrave;ng, khả năng l&agrave;m việc theo nh&oacute;m cũng được cải thiện , học hỏi được nhiều kiến thức mới</p>\r\n\r\n<p>Technology shop,&nbsp;lập tr&igrave;nh vi&ecirc;n</p>\r\n\r\n<p>11/2020&nbsp;<strong>&nbsp;-&nbsp;</strong>&nbsp;12/2020</p>\r\n\r\n<p><strong>Dự &aacute;n:&nbsp;</strong>Technology shop &ndash; b&aacute;n đồ c&ocirc;ng ngh&ecirc;<br />\r\nVị tr&iacute;: Lập tr&igrave;nh vi&ecirc;n<br />\r\n<strong>M&ocirc; tả c&ocirc;ng việc:&nbsp;</strong>sử dụng visual studio code để ho&agrave;n thiện giao diện v&agrave; chứ năng th&ecirc;m sửa x&oacute;a của website<br />\r\n<strong>C&ocirc;ng nghệ sử dụng:</strong>&nbsp;Angular, Bootstrap,php,html, css<br />\r\n<strong>Kết quả đạt được:</strong>&nbsp;- X&acirc;y dựng được một Web b&aacute;n đồ c&ocirc;ng nghệ- Dự &aacute;n được giảng vi&ecirc;n đ&aacute;nh gi&aacute; kh&aacute;. Điểm đ&aacute;nh gi&aacute; 8/10.<br />\r\n<strong>Kinh nghiệm:</strong>&nbsp;- N&acirc;ng cao được kỹ năng lập tr&igrave;nh, sửa lỗi.- T&igrave;m hiểu v&agrave; sử dụng th&ecirc;m được 3 c&ocirc;ng nghệ mới v&agrave; biết sử dụng Bootstrap để l&agrave;m giao diện.</p>', '<p>Tin học văn ph&ograve;ng:</p>\r\n\r\n<p>- Sử dụng th&agrave;nh thạo c&aacute;c c&ocirc;ng cụ Word, Excel, Power Point</p>\r\n\r\n<p>Tiếng Anh::</p>\r\n\r\n<p>- Đọc hiểu t&agrave;i liệu chuy&ecirc;n ng&agrave;nh ở mức cơ bản.</p>\r\n\r\n<p>Kỹ năng chuy&ecirc;n m&ocirc;n::</p>\r\n\r\n<p>- Nắm vững kiến thức về PHP, Sử dụng được một số Database như: SQL Server, MySQL. Hiểu biết về lập tr&igrave;nh Webstie HTML, CSS, PHP,&nbsp; React JS . C&oacute; hiểu biết về Bootstrap</p>\r\n\r\n<p>Kỹ năng mềm::</p>\r\n\r\n<p>- C&oacute; tư duy logic tốt, Khả năng nghi&ecirc;n cứu v&agrave; giải quyết vấn đề, Kỹ năng l&agrave;m việc nh&oacute;m v&agrave; độc lập. Chăm chỉ, ham học hỏi v&agrave; cầu tiến trong c&ocirc;ng việc. Chịu được &aacute;p lực v&agrave; c&oacute; tr&aacute;ch nhiệm với c&ocirc;ng việc.</p>', 'Ngõ 75 Trần Bình - Mai Dịch - Cầu Giấy - Hà Nội', '0392698440', 'https://www.facebook.com/votran.com.vn/', NULL, '<p>Trần Ch&iacute; V&otilde; sinh năm 2001 qu&ecirc; Nam Định ,&nbsp;h&ograve;a đồng , chăm chỉ , c&oacute; tr&aacute;ch nhiệm trong c&ocirc;ng việc</p>\r\n\r\n<p>&nbsp;</p>', '<p>sở th&iacute;ch nghe nhạc - nghe nhạc để c&oacute; 1 t&acirc;m trạng thoải m&aacute;i&nbsp;<br />\r\nĐ&aacute; b&oacute;ng - Tham gia hoạt động đ&aacute; b&oacute;ng c&ugrave;ng bạn b&egrave;</p>', '2021-12-22 02:04:00', '2021-12-22 11:06:46'),
(79, 'Võ Trần', 'images/avatar/61c28ae5ed924-164783334_800296404200020_974154037172876838_n.jpg', 1, 1, 1, '2001-08-16', '<p>Tốt nghiệp trường cao đẳng fpt polytechnic&nbsp;<br />\r\nNgh&agrave;nh thiết kế website(BackEnd)<br />\r\nXếp loại: kh&aacute;</p>', '<p>Shoes Shop &ndash; shop b&aacute;n gi&agrave;y,&nbsp;coder</p>\r\n\r\n<p>4/9/2021&nbsp;<strong>&nbsp;-&nbsp;</strong>&nbsp;30/11/2021I</p>\r\n\r\n<p><strong>Dự &aacute;n</strong>: Shoes Shop &ndash; shop b&aacute;n gi&agrave;y<br />\r\n<strong>Vị tr&iacute;:</strong>&nbsp;Code &ndash; Quản trị websiteC&ocirc;ng nghệ sử dụng: php, visual studio code,html,css<br />\r\n<strong>Kết quả:&nbsp;</strong>Ho&agrave;n thiện hết th&ecirc;m sửa x&oacute;a v&agrave; 1 v&agrave;i chức năng back-end<br />\r\n<strong>Kết quả đạt được:</strong>&nbsp;- X&acirc;y dựng được một Web b&aacute;n gi&agrave;y- Dự &aacute;n được giảng vi&ecirc;n đ&aacute;nh gi&aacute; kh&aacute;. Điểm đ&aacute;nh gi&aacute; 8/10.<br />\r\n<strong>Kinh nghiệm r&uacute;t ra:</strong>&nbsp;Cải thiện tốt về vấn đề giao diện b&ecirc;n ph&iacute;a người d&ugrave;ng, khả năng l&agrave;m việc theo nh&oacute;m cũng được cải thiện , học hỏi được nhiều kiến thức mới</p>\r\n\r\n<p>Technology shop,&nbsp;lập tr&igrave;nh vi&ecirc;n</p>\r\n\r\n<p>11/2020&nbsp;<strong>&nbsp;-&nbsp;</strong>&nbsp;12/2020</p>\r\n\r\n<p><strong>Dự &aacute;n:&nbsp;</strong>Technology shop &ndash; b&aacute;n đồ c&ocirc;ng ngh&ecirc;<br />\r\nVị tr&iacute;: Lập tr&igrave;nh vi&ecirc;n<br />\r\n<strong>M&ocirc; tả c&ocirc;ng việc:&nbsp;</strong>sử dụng visual studio code để ho&agrave;n thiện giao diện v&agrave; chứ năng th&ecirc;m sửa x&oacute;a của website<br />\r\n<strong>C&ocirc;ng nghệ sử dụng:</strong>&nbsp;Angular, Bootstrap,php,html, css<br />\r\n<strong>Kết quả đạt được:</strong>&nbsp;- X&acirc;y dựng được một Web b&aacute;n đồ c&ocirc;ng nghệ- Dự &aacute;n được giảng vi&ecirc;n đ&aacute;nh gi&aacute; kh&aacute;. Điểm đ&aacute;nh gi&aacute; 8/10.<br />\r\n<strong>Kinh nghiệm:</strong>&nbsp;- N&acirc;ng cao được kỹ năng lập tr&igrave;nh, sửa lỗi.- T&igrave;m hiểu v&agrave; sử dụng th&ecirc;m được 3 c&ocirc;ng nghệ mới v&agrave; biết sử dụng Bootstrap để l&agrave;m giao diện.</p>', '<p>Tin học văn ph&ograve;ng:</p>\r\n\r\n<p>- Sử dụng th&agrave;nh thạo c&aacute;c c&ocirc;ng cụ Word, Excel, Power Point</p>\r\n\r\n<p>Tiếng Anh::</p>\r\n\r\n<p>- Đọc hiểu t&agrave;i liệu chuy&ecirc;n ng&agrave;nh ở mức cơ bản.</p>\r\n\r\n<p>Kỹ năng chuy&ecirc;n m&ocirc;n::</p>\r\n\r\n<p>- Nắm vững kiến thức về PHP, Sử dụng được một số Database như: SQL Server, MySQL. Hiểu biết về lập tr&igrave;nh Webstie HTML, CSS, PHP,&nbsp; React JS . C&oacute; hiểu biết về Bootstrap</p>\r\n\r\n<p>Kỹ năng mềm::</p>\r\n\r\n<p>- C&oacute; tư duy logic tốt, Khả năng nghi&ecirc;n cứu v&agrave; giải quyết vấn đề, Kỹ năng l&agrave;m việc nh&oacute;m v&agrave; độc lập. Chăm chỉ, ham học hỏi v&agrave; cầu tiến trong c&ocirc;ng việc. Chịu được &aacute;p lực v&agrave; c&oacute; tr&aacute;ch nhiệm với c&ocirc;ng việc.</p>', 'Ngõ 58 Trần Bình - Mai Dịch - Cầu Giấy - Hà Nội', '0392698440', 'https://www.facebook.com/votran.com.vn/', NULL, '<p>H&ograve;a đồng chăm chỉ v&agrave; c&oacute; tr&aacute;ch nhiệm trong c&ocirc;ng việc</p>', '<p>Sở thich:&nbsp;nghe nhạc - nghe nhạc để c&oacute; 1 t&acirc;m trạng thoải m&aacute;i&nbsp;<br />\r\nĐ&aacute; b&oacute;ng - Tham gia hoạt động đ&aacute; b&oacute;ng c&ugrave;ng bạn b&egrave;</p>', '2021-12-22 02:15:12', '2021-12-22 11:06:16'),
(80, 'Nguyễn Thị Thu Trang', 'images/avatar/61c296ef9ec2a-images.jpg', 1, 1, 2, '1998-02-03', '<p>Đại học Kinh tế Quốc d&acirc;n</p>', '<p>Trong qu&aacute; tr&igrave;nh học tập tại trường, t&ocirc;i đ&atilde; từng gi&agrave;nh giải Nhất cuộc thi &ldquo;The Audit Race 2019&rdquo; do tập đo&agrave;n FAC tổ chức. T&ocirc;i c&oacute; nhiều kinh nghiệm l&agrave;m việc với c&ocirc;ng ty xuất khẩu: C&ocirc;ng ty CPTM HBS Vietnam; C&ocirc;ng ty Xuất nhập khẩu Trung Quốc Đại Dương</p>', '<p>T&ocirc;i c&oacute; đ&atilde; được chứng chỉ Intermediate Certificate in Financial and Management Accounting của Hiệp hội kế to&aacute;n c&ocirc;ng chứng Anh. Ngo&agrave;i ra, t&ocirc;i c&oacute; thể sử dụng th&agrave;nh thạo Microsoft office v&agrave; giao tiếp Tiếng Anh cơ bản. Với tr&igrave;nh độ v&agrave; kinh nghiệm hiện c&oacute;, t&ocirc;i tự tin c&oacute; thể đảm nhiệm tốt vị tr&iacute; ứng tuyển của Qu&yacute; C&ocirc;ng ty.</p>', 'Hà Nội', '0372812222', 'https://www.facebook.com/profile.php?id=100008693763142', NULL, '<p>T&ocirc;i t&ecirc;n l&agrave; Nguyễn Thu Trang, sinh năm 1998. Th&ocirc;ng qua trang tuyển dụng jobsvn.tk, t&ocirc;i được biết Qu&yacute; C&ocirc;ng ty đang cần vị tr&iacute; Kế to&aacute;n. T&ocirc;i mong muốn được thử sức m&igrave;nh trong m&ocirc;i trường l&agrave;m việc hết sức năng động của Qu&yacute; C&ocirc;ng ty. T&ocirc;i đ&atilde; theo học v&agrave; tốt nghiệp loại giỏi chuy&ecirc;n ng&agrave;nh Kế to&aacute;n của Đại học Kinh tế Quốc d&acirc;n. Trong qu&aacute; tr&igrave;nh học tập tại trường, t&ocirc;i đ&atilde; từng gi&agrave;nh giải Nhất cuộc thi &ldquo;The Audit Race 2019&rdquo; do tập đo&agrave;n FAC tổ chức. T&ocirc;i c&oacute; nhiều kinh nghiệm l&agrave;m việc với c&ocirc;ng ty xuất khẩu: C&ocirc;ng ty CPTM HBS Vietnam; C&ocirc;ng ty Xuất nhập khẩu Trung Quốc Đại Dương. Mục ti&ecirc;u hiện tại của t&ocirc;i l&agrave; trở th&agrave;nh một chuy&ecirc;n vi&ecirc;n kế to&aacute;n cao cấp tại một c&ocirc;ng ty xuất nhập khẩu trong nước.</p>', NULL, '2021-12-22 02:57:20', '2021-12-22 03:09:35'),
(81, 'Nguyễn Thái Hòa', 'images/avatar/61c2a13b14fe5-c04f28d03cc4c19a98d5.jpg', 4, 1, 1, '2001-09-08', '<p>Hiện học tại trường&nbsp;CAO ĐẲNG FPT POLYTECHNIC&nbsp;</p>\r\n\r\n<p>Chuy&ecirc;n ngh&agrave;nh thiết kế websties</p>', '<p>DỰ &Aacute;N WEBSITE B&Aacute;N H&Agrave;NG ADIDAS</p>\r\n\r\n<p>09/2020&nbsp;-&nbsp;02/2021</p>\r\n\r\n<p>Vị tr&iacute;: lập tr&igrave;nh vi&ecirc;n</p>\r\n\r\n<p><strong>M&ocirc; tả c&ocirc;ng việc :</strong>&nbsp;đảm nhiệm, nhiệm vụ x&acirc;y dựng chức năng&nbsp; th&ecirc;m, sửa , x&oacute;a v&agrave; thiết kế giao diện cho danh mục v&agrave; sản phẩm.<br />\r\n<strong>C&ocirc;ng nghệ sử dụng:&nbsp;</strong>&nbsp;PHP, SQL, HTML, CSS, Boostrap 4.<br />\r\n<strong>Sử dụng c&ocirc;ng cụ:</strong>&nbsp; Visual Studio Code,&nbsp;XAMPP,.<br />\r\n<strong>Kết quả:</strong>&nbsp;X&acirc;y dựng Website b&aacute;n h&agrave;ng&nbsp;Adidas&nbsp;c&oacute; cơ bản đầy đủ c&aacute;c chức năng.<br />\r\n<strong>Kinh nghiệm :</strong>&nbsp;Học hỏi n&acirc;ng cao kỹ năng thực tế, t&igrave;m hiểu c&aacute;ch khắc phục lỗi.</p>\r\n\r\n<p>DỰ &Aacute;N WEBSITE B&Aacute;N H&Agrave;NG&nbsp;H3D</p>\r\n\r\n<p>4/2020&nbsp;-&nbsp;07/2020</p>\r\n\r\n<p>Vị tr&iacute;: lập tr&igrave;nh vi&ecirc;n</p>\r\n\r\n<p><strong>M&ocirc; tả c&ocirc;ng việc :</strong>&nbsp;đảm nhiệm, nhiệm vụ x&acirc;y dựng cơ sở dữ liệu v&agrave; tạo giỏ h&agrave;ng<br />\r\n<strong>C&ocirc;ng nghệ sử dụng:</strong>&nbsp;PHP, SQL, HTML, CSS.<br />\r\n<strong>Sử dụng c&ocirc;ng cụ:</strong>&nbsp;Visual Studio Code, XAMPP.<br />\r\n<strong>Kết quả</strong>: X&acirc;y dựng Website b&aacute;n h&agrave;ng quần &aacute;o v&agrave; phụ ki&ecirc;n c&oacute; cơ bản đầy đủ c&aacute;c chức năng.<br />\r\n<strong>Kinh nghiệm :</strong>&nbsp;Biết sửa lỗi, n&acirc;ng cao kỹ năng học hỏi v&agrave; l&agrave;m việc theo nh&oacute;m.</p>', '<p><strong>Tin học văn ph&ograve;ng:</strong>&nbsp;Sử dụng th&agrave;nh thạo c&aacute;c c&ocirc;ng cụ Word, Excel, Power Point.<br />\r\n<strong>Tiếng Anh:&nbsp;</strong>&nbsp;Đọc hiểu t&agrave;i liệu chuy&ecirc;n ng&agrave;nh ở mức cơ bản.</p>\r\n\r\n<p><strong>Kỹ năng chuy&ecirc;n m&ocirc;n:</strong>&nbsp;Nắm vững kiến thức về PHP, Sử dụng được một số Database như: SQL Server, MySQL. Hiểu biết về lập tr&igrave;nh Webstie HTML, CSS, PHP . C&oacute; hiểu biết về&nbsp; Bootstrap&nbsp;</p>\r\n\r\n<p><strong>Kỹ năng mềm:&nbsp;</strong>&nbsp;C&oacute; tư duy logic tốt, Khả năng nghi&ecirc;n cứu v&agrave; giải quyết vấn đề, Kỹ năng l&agrave;m việc nh&oacute;m v&agrave; độc lập. Chăm chỉ, ham học hỏi v&agrave; cầu tiến trong c&ocirc;ng việc. Chịu được &aacute;p lực v&agrave; c&oacute; tr&aacute;ch nhiệm với c&ocirc;ng việc.</p>', '59 khúc thừa dụ, dịch vọng, cầu giấy, hà nội', '0837979839', 'https://www.facebook.com/profile.php?id=100010653216368', NULL, '<p>Em vừa tốt nghiệp thiết kế websties&nbsp;tại trường Cao đẳng&nbsp;&nbsp;FPT POLYTECNICH&nbsp;thật sự rất y&ecirc;u th&iacute;ch v&agrave; c&oacute; đam m&ecirc; với c&ocirc;ng nghệ th&ocirc;ng tin&nbsp;kh&ocirc;ng chỉ về sự ph&aacute;t triển của ng&agrave;nh m&agrave; c&ograve;n bởi t&iacute;nh s&aacute;ng tạo kh&ocirc;ng ngừng. Bản th&acirc;n em l&agrave; một người y&ecirc;u s&aacute;ng tạo, kh&aacute;m ph&aacute; v&agrave; tạo ra những điều mới lạ để thu h&uacute;t mọi người.<br />\r\nEm đ&atilde; từng tham gia v&agrave;o đội t&igrave;nh nguyện của Trường v&agrave; c&oacute; cơ hội tham gia nhiều hoạt động lớn. Em được c&ugrave;ng mọi người x&acirc;y dựng sự kiện, quảng b&aacute; v&agrave; tổ chức sự kiện. Qua những hoạt động đ&oacute;, em học được nhiều kỹ năng như: l&agrave;m việc nh&oacute;m, lập kế hoạch, truyền th&ocirc;ng sự kiện,&hellip;</p>\r\n\r\n<p>Em mong muốn được t&iacute;ch lũy nhiều hơn nữa kỹ năng, kinh nghiệm với mục ti&ecirc;u trở th&agrave;nh Trưởng ph&ograve;ng trong 5 năm tới. Mặc d&ugrave; chưa tiếp x&uacute;c thực tế nhiều, nhưng em c&oacute; khả năng học hỏi nhanh v&agrave; sẵn s&agrave;ng đối diện với thử th&aacute;ch. Sau khi t&igrave;m hiểu về c&ocirc;ng ty, em cảm thấy m&ocirc;i trường tại đ&acirc;y rất năng động, l&agrave; cơ hội ph&aacute;t triển lớn cho bản th&acirc;n. Em cũng muốn được cống hiến, trở th&agrave;nh một phần tạo n&ecirc;n th&agrave;nh c&ocirc;ng của c&ocirc;ng ty sắp tới<br />\r\n<br />\r\n&nbsp;</p>', '<p>CHỨNG CHỈ</p>\r\n\r\n<p>English Topnotch 2.2 tại trường Cao đẳng FPT Polytechnic(Tương đương Ielts 4.5)</p>\r\n\r\n<p>2020</p>\r\n\r\n<p>Tin học văn ph&ograve;ng cơ bản tại trường cao đẳng FPT Polytechnic</p>\r\n\r\n<p>2020</p>', '2021-12-22 03:41:20', '2021-12-22 08:55:10'),
(82, 'Dương Thị Kim Oanh', 'images/avatar/none.jpg', 1, 79, 2, '2000-01-01', '<p><strong>ĐẠI HỌC KINH TẾ</strong></p>\r\n\r\n<p>01/2016 - 10/2013</p>\r\n\r\n<p>Thạc sỹ Quản trị kinh doanh</p>\r\n\r\n<p>Luận &aacute;n: &quot;Sự t&aacute;c động của thương hiệu điện thoại v&agrave; thương hiệu nh&agrave; b&aacute;n lẻ đến sự quay lại của người ti&ecirc;u d&ugrave;ng&quot;.</p>\r\n\r\n<ul>\r\n	<li>\r\n	<p>Sử dụng kỹ thuật phỏng vấn chuy&ecirc;n gia, phỏng vấn nh&oacute;m v&agrave; ph&aacute;t phiếu khảo s&aacute;t để thu thập dữ liệu.</p>\r\n	</li>\r\n	<li>\r\n	<p>Sử dụng SEM, SPSS v&agrave; Excel để thống k&ecirc; v&agrave; ph&acirc;n t&iacute;ch dữ liệu.</p>\r\n	</li>\r\n</ul>\r\n\r\n<p><strong>ĐẠI HỌC NG&Acirc;N H&Agrave;NG</strong></p>\r\n\r\n<p>07/2009 - 07/2013</p>\r\n\r\n<p>Quản trị kinh doanh</p>\r\n\r\n<p>Đồ &aacute;n: &quot;X&acirc;y dựng trung t&acirc;m tư vấn v&agrave; hỗ trợ COMEOUT d&agrave;nh cho giới LGBT&quot;.</p>\r\n\r\n<ul>\r\n	<li>\r\n	<p>Phối hợp l&agrave;m việc nh&oacute;m v&agrave; kỹ thuật phỏng vấn 1-1 với đối tượng tiềm năng.</p>\r\n	</li>\r\n	<li>\r\n	<p>Sử dụng c&aacute;c kiến thức về quản trị chiến lược, quản trị t&agrave;i ch&iacute;nh, kế to&aacute;n, quản trị rủi ro v&agrave; lập kế hoạch đầu tư, với sự hỗ trợ của phần mềm Excel.</p>\r\n	</li>\r\n</ul>', '<p><strong>Product Manager</strong></p>\r\n\r\n<p>Cung cấp th&ocirc;ng tin, định hướng v&agrave; hỗ trợ nh&oacute;m Agile trong qu&aacute; tr&igrave;nh ph&aacute;t triển phần mềm:</p>\r\n\r\n<ul>\r\n	<li>\r\n	<p>L&agrave;m việc với người d&ugrave;ng/ kh&aacute;ch h&agrave;ng, c&aacute;c b&ecirc;n li&ecirc;n quan v&agrave; nh&oacute;m delivery để thu thập th&ocirc;ng tin.</p>\r\n	</li>\r\n	<li>\r\n	<p>Thảo luận với developer, tester v&agrave; BA để l&agrave;m r&otilde; v&agrave; đảm bảo chức năng ph&ugrave; hợp với mong đợi của người d&ugrave;ng.</p>\r\n	</li>\r\n	<li>\r\n	<p>Chịu tr&aacute;ch nhiệm tạo, l&ecirc;n danh s&aacute;ch v&agrave; sắp xếp thứ tự ưu ti&ecirc;n của backlog cho sản phẩm web.</p>\r\n	</li>\r\n	<li>\r\n	<p>L&agrave;m việc với Project Manager để l&ecirc;n kế hoạch, chương tr&igrave;nh dự ph&ograve;ng, đảm bảo sản phẩm đ&uacute;ng với tầm nh&igrave;n v&agrave; lộ tr&igrave;nh.</p>\r\n	</li>\r\n</ul>\r\n\r\n<p><strong>Business Analyst</strong></p>\r\n\r\n<p>Dựa tr&ecirc;n c&aacute;c th&ocirc;ng tin từ người d&ugrave;ng, kh&aacute;ch h&agrave;ng v&agrave; Product owner, tiến h&agrave;nh ph&acirc;n t&iacute;ch v&agrave; l&agrave;m việc c&ugrave;ng nh&oacute;m Agile để ph&aacute;t triển sản phẩm web:</p>\r\n\r\n<ul>\r\n	<li>\r\n	<p>L&agrave;m việc trực tiếp với người d&ugrave;ng cuối để t&igrave;m hiểu v&agrave; ph&acirc;n t&iacute;ch những kh&oacute; khăn khi sử dụng sản phẩm.</p>\r\n	</li>\r\n	<li>\r\n	<p>Phối hợp với developer v&agrave; tester để cải thiện UI/UX v&agrave; logic cho c&aacute;c chức năng của sản phẩm.</p>\r\n	</li>\r\n	<li>\r\n	<p>Chịu tr&aacute;ch nhiệm về ph&aacute;t triển cải tiến li&ecirc;n tục, tạo v&agrave; sắp xếp c&aacute;c story sau khi thảo luận.</p>\r\n	</li>\r\n	<li>\r\n	<p>Sắp xếp mức độ ưu ti&ecirc;n l&agrave;m việc cho nh&oacute;m Agile v&agrave; xem x&eacute;t c&aacute;c backlog c&ograve;n lại.</p>\r\n	</li>\r\n	<li>\r\n	<p>B&aacute;o c&aacute;o KPI Delivery với Project Manager v&agrave; CTO.</p>\r\n	</li>\r\n</ul>', '<p><strong>TOEIC 12/2012</strong></p>\r\n\r\n<p>750 điểm. C&oacute; thể:</p>\r\n\r\n<ul>\r\n	<li>\r\n	<p>Đọc v&agrave; viết t&agrave;i liệu tham khảo</p>\r\n	</li>\r\n	<li>\r\n	<p>Viết business v&agrave; support email</p>\r\n	</li>\r\n	<li>\r\n	<p>Nghe, n&oacute;i v&agrave; take note khi thảo luận c&ocirc;ng việc qua c&aacute;c buổi họp, call với kh&aacute;ch h&agrave;ng</p>\r\n	</li>\r\n</ul>\r\n\r\n<p><strong>GOOGLE ADWORDS 11/2016</strong></p>\r\n\r\n<p>Đọc v&agrave; thi 2 chứng chỉ trong 14 ng&agrave;y</p>\r\n\r\n<ul>\r\n	<li>\r\n	<p>AdWords căn bản</p>\r\n	</li>\r\n	<li>\r\n	<p>Quảng c&aacute;o t&igrave;m kiếm</p>\r\n	</li>\r\n</ul>', 'Nguyễn Đình Chiểu, Phường 6, Quận 3, TP.HCM', '0977021148', NULL, NULL, '<p>Với hơn hai năm kinh nghiệm ở c&aacute;c vị tr&iacute; Product Manager, Business Analyst, trong việc hỗ trợ nh&oacute;m Agile, tạo, sắp xếp mức độ ưu ti&ecirc;n v&agrave; quản l&yacute; backlog; c&aacute;c chứng chỉ TOEIC 750, Google Adwards v&agrave; bằng Thạc sỹ Quản trị kinh doanh; t&ocirc;i mong muốn tận dụng c&aacute;c kỹ năng v&agrave; kiến thức của m&igrave;nh để đ&oacute;ng g&oacute;p cho c&ocirc;ng ty với vai tr&ograve; l&agrave; Product Manager.</p>', NULL, '2021-12-22 04:04:46', '2021-12-22 10:25:06'),
(84, 'Ứng viên #84', 'images/avatar/none.jpg', 1, 1, 1, '2000-01-01', NULL, NULL, NULL, NULL, NULL, NULL, NULL, NULL, NULL, '2021-12-22 08:07:06', '2021-12-22 08:07:06'),
(86, 'Chun', 'images/avatar/61c31f86e5030-chundz.jpg', 4, 1, 1, '2001-06-28', NULL, NULL, NULL, 'Hà Nội', '0999999999', NULL, NULL, NULL, NULL, '2021-12-22 12:49:24', '2021-12-22 12:52:22'),
(87, 'Ứng viên #87', 'images/avatar/none.jpg', 1, 1, 1, '2000-01-01', NULL, NULL, NULL, NULL, NULL, NULL, NULL, NULL, NULL, '2021-12-22 13:24:18', '2021-12-22 13:24:18'),
(88, 'Kiên Trần', 'images/avatar/none.jpg', 1, 1, 1, '2000-01-01', NULL, NULL, NULL, 'Yên Sở - Hoài Đức - Hà Nội', '+84868983309', NULL, NULL, NULL, NULL, '2021-12-22 13:25:08', '2021-12-22 14:33:26'),
(89, 'Kiên Trần', 'images/avatar/none.jpg', 1, 1, 1, '2000-01-01', NULL, NULL, NULL, 'Yên Sở - Hoài Đức - Hà Nội', '+84868983309', NULL, NULL, NULL, NULL, '2021-12-23 01:22:26', '2021-12-23 01:23:17'),
(90, 'Ứng viên #90', 'images/avatar/none.jpg', 4, 1, 2, '2021-11-02', NULL, NULL, NULL, NULL, NULL, NULL, NULL, NULL, NULL, '2021-12-23 01:26:55', '2021-12-23 01:29:32');

-- --------------------------------------------------------

--
-- Table structure for table `user_file`
--

CREATE TABLE `user_file` (
  `id` int(11) NOT NULL,
  `name` varchar(255) NOT NULL,
  `file` varchar(255) NOT NULL,
  `user_id` int(11) NOT NULL,
  `created_at` timestamp NULL DEFAULT NULL,
  `updated_at` timestamp NULL DEFAULT NULL
) ENGINE=InnoDB DEFAULT CHARSET=utf8mb4;

--
-- Dumping data for table `user_file`
--

INSERT INTO `user_file` (`id`, `name`, `file`, `user_id`, `created_at`, `updated_at`) VALUES
(11, 'developer', 'files/candidate/61962e2a6631b-kiz.pdf', 3, '2021-11-18 10:42:50', '2021-11-18 10:42:50'),
(13, 'Wecan-Group', 'files/recruitment/61bee9614f0b4-JD-intern-PHP.pdf', 4, '2021-12-09 14:06:06', '2021-12-19 08:12:17'),
(21, 'Nhà tuyển dụng #70', 'files/recruitment/61bfeee57c12e-báo-cáo-thực-tập-Trần-Chí-Võ.pdf', 70, '2021-12-20 02:46:34', '2021-12-20 02:48:05'),
(22, 'HBLab', 'files/recruitment/61c1b4d881ae0-file giấy tờ.pdf', 57, '2021-12-20 14:04:23', '2021-12-21 11:04:56'),
(24, 'Nguyễn Xuân Tiến', 'files/candidate/61c2954ac2fef-Nguyen-Xuan-Tien-TopCV.vn-131221.171929.pdf', 77, '2021-12-22 03:02:34', '2021-12-22 03:02:34'),
(25, 'CV', 'files/candidate/61c30af760fd1-Tran-Chi-Vo-TopCV.vn-221221.180806.pdf', 78, '2021-12-22 11:24:39', '2021-12-22 11:24:39');

-- --------------------------------------------------------

--
-- Table structure for table `user_recruitment`
--

CREATE TABLE `user_recruitment` (
  `id` int(11) NOT NULL,
  `name` varchar(255) NOT NULL,
  `location_id` int(11) NOT NULL DEFAULT 1,
  `cate_id` int(11) NOT NULL DEFAULT 1,
  `avatar` varchar(255) NOT NULL DEFAULT 'images/avatar/none.jpg',
  `image` varchar(255) DEFAULT NULL,
  `banner` varchar(255) DEFAULT NULL,
  `verification` tinyint(1) NOT NULL DEFAULT 0,
  `company_size` varchar(255) NOT NULL DEFAULT '10-50',
  `phone` varchar(25) DEFAULT NULL,
  `link_website` varchar(255) DEFAULT NULL,
  `tax_code` varchar(255) DEFAULT NULL,
  `date_start` date NOT NULL DEFAULT '2000-01-01',
  `intro` text DEFAULT NULL,
  `detail` text DEFAULT NULL,
  `address` varchar(255) DEFAULT 'Chưa cập nhật',
  `map` text DEFAULT NULL,
  `slug` varchar(255) NOT NULL,
  `created_at` timestamp NULL DEFAULT NULL,
  `updated_at` timestamp NULL DEFAULT NULL
) ENGINE=InnoDB DEFAULT CHARSET=utf8mb4;

--
-- Dumping data for table `user_recruitment`
--

INSERT INTO `user_recruitment` (`id`, `name`, `location_id`, `cate_id`, `avatar`, `image`, `banner`, `verification`, `company_size`, `phone`, `link_website`, `tax_code`, `date_start`, `intro`, `detail`, `address`, `map`, `slug`, `created_at`, `updated_at`) VALUES
(2, 'BSS GROUP', 1, 1, 'images/avatar/bss.png', 'images/images/kiz.jpg', 'images/avatar/banner.jpg', 1, '25-99', '0123456789', '????', '10000', '2011-10-01', 'BSS Group was established in 2012 as one of pioneer providers of Magento Extensions and Web Development services in Vietnam. We satisfy customers\' needs by top-class extensions, extensive expertise in ECommerce Development and administration support servi', 'BSS Group was established in 2012 as one of pioneer providers of Magento Extensions and Web Development services in Vietnam. We satisfy customers\' needs by top-class extensions, extensive expertise in ECommerce Development and administration support service.\r\n\r\nOur mission is not only to be the innovative in our extension products and website development projects but also extremely supportive in customer service. We commit to provide the most effective support to help organizations of any size to achieve sustainable improvement of their processes.\r\n\r\nFor more information, please visit our website: http://bssgroup.vn', 'Tầng 18 tòa nhà Viwaseen, số 48 Tố Hữu, Nam Từ Liêm, Hà Nội', 'https://www.google.com/maps/embed?pb=!1m18!1m12!1m3!1d3724.8630556951807!2d105.79211055064106!3d20.998125894130357!2m3!1f0!2f0!3f0!3m2!1i1024!2i768!4f13.1!3m3!1m2!1s0x3135acba8ad197a5%3A0xa55e51322131e722!2zNDggVOG7kSBI4buvdSwgVHJ1bmcgVsSDbiwgVOG7qyBMacOqbSwgSMOgIE7hu5lpLCBWaWV0bmFt!5e0!3m2!1sen!2s!4v1634559591813!5m2!1sen!2s', 'bss-group', '2021-10-17 13:38:44', '2021-12-12 04:14:29'),
(4, 'Công ty TNHH Bibabo', 1, 4, 'images/company/61c2e0830f658-Ảnh chụp màn hình 2021-12-22 151828.jpg', 'images/company/61c2e0830e36e-Ảnh chụp màn hình 2021-12-22 151902.jpg', 'images/company/61c2e0830f73e-Ảnh chụp màn hình 2021-12-22 151902.jpg', 1, '200-300', '0349849825', 'https://bibabo.vn/home', '123456', '2015-06-06', '<p>Bibabo l&agrave; hệ sinh th&aacute;i gi&aacute;o dục ti&ecirc;n phong tại Việt Nam, đồng h&agrave;nh c&ugrave;ng con từ khi c&ograve;n l&agrave; một b&agrave;o thai đến khi con vững bước trưởng th&agrave;nh.</p>\r\n\r\n<p>Được th&agrave;nh lập từ năm 2015, Bibabo đ&atilde; c&oacute; những bước chuyển m&igrave;nh mạnh mẽ, trở th&agrave;nh nền tảng mua sắm dạng mạng x&atilde; hội d&agrave;nh ri&ecirc;ng cho Mẹ &amp; B&eacute; với kho th&ocirc;ng tin, kiến thức khổng lồ ch&iacute;nh x&aacute;c - dễ tra cứu. Đồng thời tại Bibabo, mẹ sẽ c&oacute; những trải nghiệm mua sắm online tuyệt vời dễ d&agrave;ng, tiện lợi.</p>', '<ul>\r\n	<li>\r\n	<p>Hệ sinh th&aacute;i bao gồm:</p>\r\n\r\n	<p>-Nền tảng gi&aacute;o dục trực tuyến: gi&uacute;p c&aacute;c mẹ vững tin hơn tr&ecirc;n h&agrave;nh tr&igrave;nh đồng h&agrave;nh c&ugrave;ng con nhờ những kiến thức bổ &iacute;ch đến từ c&aacute;c kh&oacute;a học trực tuyến, điển h&igrave;nh như: &quot;Thai Gi&aacute;o 280 ng&agrave;y y&ecirc;u thương&quot;, &quot;Gi&aacute;o dục sớm cho trẻ từ 0-12 th&aacute;ng&quot;, &quot;Chinh phục tiếng Anh&quot;, &quot;C&ugrave;ng con học To&aacute;n&quot;, v/v.</p>\r\n\r\n	<p>-Mua sắm: Trải nghiệm mua sắm tại gian h&agrave;ng ch&iacute;nh h&atilde;ng của Bibabo tr&ecirc;n ứng dụng online v&agrave; hệ thống cửa h&agrave;ng offline. Đặc biệt, Bibabo đ&atilde; hợp t&aacute;c với c&aacute;c nh&agrave; sản xuất c&oacute; kinh nghiệm l&acirc;u năm nghi&ecirc;n cứu v&agrave; ph&aacute;t triển th&agrave;nh c&ocirc;ng c&aacute;c thương hiệu d&agrave;nh ri&ecirc;ng cho mẹ bầu như: Mỹ phẩm d&agrave;nh cho mẹ bầu Lagumi; thời trang bầu Lynafa v&agrave; m&aacute;y h&uacute;t sữa Rozabi</p>\r\n\r\n	<p>-Cộng đồng: Kh&aacute;m ph&aacute; cộng đồng Mẹ &amp; B&eacute; qua t&acirc;m sự, chia sẻ kinh nghiệm l&agrave;m mẹ, kết nối tư vấn giải đ&aacute;p c&ugrave;ng c&aacute;c chuy&ecirc;n gia, v&agrave; c&oacute; trải nghiệm mua sắm dễ d&agrave;ng hơn.</p>\r\n\r\n	<p>Hiện nay, Bibabo c&oacute; gần 4 triệu th&agrave;nh vi&ecirc;n hoạt động tr&ecirc;n 63 tỉnh th&agrave;nh, 1 bang tại Mỹ v&agrave; l&agrave; nền tảng lớn tại Việt Nam cung cấp dịch vụ n&agrave;y.</p>\r\n\r\n	<p>Với tư tưởng kh&ocirc;ng ngừng học hỏi, s&aacute;ng tạo, Bibabo định hướng trở th&agrave;nh nền tảng mua sắm dạng mạng x&atilde; hội - Social Commerce đa quốc gia với hơn 10 triệu người d&ugrave;ng tại Việt Nam v&agrave; hướng tới người d&ugrave;ng tr&ecirc;n thế giới. Bibabo mong muốn sẽ l&agrave; lựa chọn tốt nhất cho mọi gia đ&igrave;nh!</p>\r\n\r\n	<p>H&atilde;y c&ugrave;ng ch&uacute;ng t&ocirc;i trải nghiệm Bibabo:</p>\r\n\r\n	<p>Website: https://edu.bibabo.vn/</p>\r\n	</li>\r\n</ul>', 'Hà Nôi: Tầng 4, tòa Comatce, số 61 Ngụy Như Kon Tum, Thanh Xuân, Hà Nội.', 'https://www.google.com/maps/embed?pb=!1m14!1m8!1m3!1d14899.315565371393!2d105.800987!3d20.999495!3m2!1i1024!2i768!4f13.1!3m3!1m2!1s0x0%3A0x347e82aad1e7ffaf!2sVincem%20Comatce%20Tower!5e0!3m2!1svi!2sus!4v1640161430846!5m2!1svi!2sus', 'cong-ty-tnhh-bibabo', NULL, '2021-12-22 08:25:09'),
(55, 'Nhà tuyển dụng #55', 1, 1, 'images/avatar/none.jpg', NULL, NULL, 0, '10-50', NULL, NULL, NULL, '2000-01-01', NULL, NULL, 'Chưa cập nhật', NULL, '61b76118501e9', '2021-12-13 15:04:56', '2021-12-13 15:04:56'),
(57, 'HBLab', 1, 4, 'images/company/61bd73fa67047-hblab-logo.jpg', 'images/company/61bd749fa3e85-logo.png', 'images/company/61bd749fa51af-logo.png', 0, '50-100', '0392698440', 'https://Hbl.com.vn', '150820011515', '2008-07-10', '<p>C&ocirc;ng ty cổ phần HBLab (Hedspi Brothers Lab) được th&agrave;nh lập v&agrave;o th&aacute;ng 5/2015 bởi 5 th&agrave;nh vi&ecirc;n xuất th&acirc;n từ khoa Hedspi của đại học B&aacute;ch Khoa H&agrave; Nội. Dựa tr&ecirc;n kinh nghiệm t&iacute;ch luỹ nhiều năm khi học tập v&agrave; c&ocirc;ng t&aacute;c tại Nhật Bản ch&uacute;ng t&ocirc;i đang phấn đấu để đưa tới kh&aacute;ch h&agrave;ng dịch vụ tốt nhất, uy t&iacute;n nhất,&hellip; Đồng thời mong muốn x&acirc;y dựng một tập thể c&aacute;c developer vững mạnh, giỏi chuy&ecirc;n m&ocirc;n, gi&agrave;u nhiệt huyết.</p>', '<p>C&ocirc;ng ty cổ phần HBLab (Hedspi Brothers Lab)</p>\r\n\r\n<p>C&ocirc;ng ty cổ phần HBLab (Hedspi Brothers Lab) được th&agrave;nh lập v&agrave;o th&aacute;ng 5/2015 bởi 5 th&agrave;nh vi&ecirc;n xuất th&acirc;n từ khoa Hedspi của đại học B&aacute;ch Khoa H&agrave; Nội. Dựa tr&ecirc;n kinh nghiệm t&iacute;ch luỹ nhiều năm khi học tập v&agrave; c&ocirc;ng t&aacute;c tại Nhật Bản ch&uacute;ng t&ocirc;i đang phấn đấu để đưa tới kh&aacute;ch h&agrave;ng dịch vụ tốt nhất, uy t&iacute;n nhất,&hellip; Đồng thời mong muốn x&acirc;y dựng một tập thể c&aacute;c developer vững mạnh, giỏi chuy&ecirc;n m&ocirc;n, gi&agrave;u nhiệt huyết.</p>\r\n\r\n<p>C&ocirc;ng ty cũng thu&ecirc; 1 căn hộ tại Tokyo để nh&acirc;n vi&ecirc;n Onsite sang l&agrave;m việc c&oacute; chỗ ở ngay.</p>\r\n\r\n<p>Với phương ch&acirc;m l&agrave;m việc lu&ocirc;n đưa sự lựa chọn tốt nhất cho kh&aacute;ch h&agrave;ng, c&ocirc;ng ty đ&atilde; l&agrave;m h&agrave;i l&ograve;ng tất cả những kh&aacute;ch h&agrave;ng từng hợp t&aacute;c v&agrave; hiện nay đ&atilde; c&oacute; 1 lượng kh&aacute;ch h&agrave;ng quen thuộc.</p>\r\n\r\n<p>- Tập trung v&agrave;o chất lượng l&agrave; ch&igrave;a kh&oacute;a quan trong dẫn ch&uacute;ng t&ocirc;i đến th&agrave;nh c&ocirc;ng.Với kinh nghiệm quản l&yacute; chất lượng chuy&ecirc;n nghiệp để đảm bảo chất lượng cao trong mọi dự &aacute;n</p>\r\n\r\n<p>- Ho&agrave;n th&agrave;nh dự &aacute;n đ&uacute;ng thời hạn,ng&acirc;n s&aacute;ch v&agrave; chất lượng cao với đội ngũ nh&acirc;n vi&ecirc;n l&agrave;nh nghề v&agrave; chuy&ecirc;n nghiệp của ch&uacute;ng t&ocirc;i,hỗ trợ 24/7 bằng cả tiếng anh v&agrave; tiếng nhật</p>\r\n\r\n<p>- T&acirc;n dụng khả năng cạnh tranh về chi ph&iacute; của Việt Nam c&ugrave;ng với c&aacute;c m&ocirc; h&igrave;nh cam kết linh hoạt.C&aacute;c c&ocirc;ng cụ quản l&yacute; v&agrave; ph&aacute;t triển tự động để n&acirc;ng cao năng suất</p>\r\n\r\n<p>- Bảo vệ t&agrave;i sản th&ocirc;ng tin của kh&aacute;ch h&agrave;ng ,Đối t&aacute;c v&agrave; ch&iacute;nh s&aacute;ch Ninasoft khỏi mọi mối đe dọa,đảm bảo th&ocirc;ng tin t&iacute;nh bảo mật t&iacute;nh to&agrave;n vẹn v&agrave; t&iacute;nh sẵn c&oacute;</p>', 'Tầng 2, Tháp C, Tòa nhà Central Point, 219 Trung Kính, P.Yên Hòa, Q. Cầu Giấy, Hà Nội', 'https://www.google.com/maps/embed?pb=!1m18!1m12!1m3!1d3724.315319153578!2d105.78936191480192!3d21.020065686003136!2m3!1f0!2f0!3f0!3m2!1i1024!2i768!4f13.1!3m3!1m2!1s0x3135ab574d3c3a81%3A0x13c86d5801615ba1!2zMjE5IFAuIFRydW5nIEtpzIFuaCwgWcOqbiBIb8OgLCBD4bqndSBHaeG6pXksIEjDoCBO4buZaSwgVmnhu4d0IE5hbQ!5e0!3m2!1svi!2s!4v1639805898640!5m2!1svi!2s', 'hblab', '2021-12-13 15:41:30', '2021-12-21 11:02:35'),
(59, 'Công ty Cổ Phần Rikkeisoft', 1, 4, 'images/company/61c12f60904cd-logo.png', 'images/company/61c1308cefe6c-banner.jpg', 'images/company/61c31a1e8055f-banner.jpg', 0, '50-100', '0986869999', 'https://tuyendung.rikkeisoft.com/', '1123267', '2015-12-10', '<p>Top C&ocirc;ng ty gia c&ocirc;ng phần mềm Outsourcing</p>', '<p>Rikkeisoft l&agrave; C&ocirc;ng ty được th&agrave;nh lập từ th&aacute;ng 4/2012 với đội ngũ founder 8X xuất th&acirc;n từ Đại học B&aacute;ch Khoa H&agrave; Nội với sức trẻ v&agrave; nhiệt huyết, mang trong m&igrave;nh kh&aacute;t vọng n&acirc;ng tầm gi&aacute; trị Việt. Trải qua 9 năm th&agrave;nh lập, Rikkeisoft ghi dấu ấn lọt v&agrave;o Top 50 doanh nghiệp IT h&agrave;ng đầu Việt Nam, 5 năm li&ecirc;n tiếp đạt giải Sao Khu&ecirc; v&agrave; c&oacute; đội ngũ nh&acirc;n sự l&ecirc;n tới hơn 1200 người, với 3 chi nh&aacute;nh ở Việt Nam l&agrave; H&agrave; Nội, Đ&agrave; Nẵng &amp; TP.Hồ Ch&iacute; Minh. Với 5 gi&aacute; trị cốt l&otilde;i KH&Aacute;T VỌNG - CẦU TIẾN - S&Aacute;NG TẠO - TẬN T&Acirc;M - CHIA SẺ, Rikkeisoft đang tr&ecirc;n con đường tăng trưởng mạnh mẽ, thực hiện sứ mệnh N&acirc;ng tầm gi&aacute; trị Việt v&agrave; trở th&agrave;nh Tập đo&agrave;n C&ocirc;ng nghệ số 1 Việt Nam v&agrave;o năm 2030. Với mục ti&ecirc;u ph&aacute;t triển đột ph&aacute;, hướng tới quy m&ocirc; nh&acirc;n sự 10.000 người tr&ecirc;n to&agrave;n chi nh&aacute;nh v&agrave;o năm 2025, Rikkeisoft mong muốn đồng h&agrave;nh c&ugrave;ng những bạn trẻ c&oacute; mong muốn ph&aacute;t triển nghề nghiệp trong lĩnh vực IT cũng như y&ecirc;u th&iacute;ch c&aacute;c c&ocirc;ng việc mang t&iacute;nh th&aacute;ch thức, năng động...</p>', 'Handico Tower, Tầng 21 Phạm Hùng, Mễ Trì Hạ, Nam Từ Liêm, Hà Nội, Việt Nam', 'https://www.google.com/maps/embed?pb=!1m18!1m12!1m3!1d3724.404477790146!2d105.77721491445436!3d21.01649589357377!2m3!1f0!2f0!3f0!3m2!1i1024!2i768!4f13.1!3m3!1m2!1s0x313454ac8f4b0465%3A0xfd5cbbbead5513c0!2zQ8O0bmcgdHkgQ-G7lSBwaOG6p24gUmlra2Vpc29mdA!5e0!3m2!1svi!2s!4v1640050233152!5m2!1svi!2s', 'cong-ty-co-phan-rikkeisoft', '2021-12-17 13:47:28', '2021-12-22 12:29:18'),
(63, 'iPOS', 1, 1, 'images/company/61bef55cbc49b-DFDFD.jpg', 'images/company/61bef3d59509f-iposvn-61a6eab341dba.png', 'images/company/61bef3d5963d1-5b0c9379c97803265a69.jpg', 0, '50-100', '070798478', 'http://ipos.vn/', '3600390647', '2010-06-01', '<p>&nbsp;</p>\r\n\r\n<p>iPOS.vn l&agrave; c&ocirc;ng ty chuy&ecirc;n sản xuất, kinh doanh c&aacute;c giải ph&aacute;p phần mềm v&agrave; phần cứng chuy&ecirc;n nghiệp, hiện đại trong lĩnh vực quản l&yacute; nh&agrave; h&agrave;ng/caf&eacute;, ph&ugrave; hợp với nhiều m&ocirc; h&igrave;nh dịch vụ kh&aacute;c nhau. Li&ecirc;n tục cập nhật c&ocirc;ng nghệ mới để tạo ra c&aacute;c sản phẩm v&agrave; dịch vụ tốt nhất, g&oacute;p phần c&ugrave;ng c&aacute;c thương hiệu n&acirc;ng tầm ẩm thực Việt l&agrave; kim chỉ nam hoạt động của iPOS.vn.</p>\r\n\r\n<p>Được th&agrave;nh lập năm 2010 bởi những con người c&oacute; tr&ecirc;n 10 năm kinh nghiệm trong lĩnh vực kinh doanh nh&agrave; h&agrave;ng v&agrave; gần 15 năm hoạt động trong ng&agrave;nh c&ocirc;ng nghệ th&ocirc;ng tin, iPOS.vn hiện đang sở hữu 12 chi nh&aacute;nh tr&ecirc;n khắp 3 miền Việt Nam v&agrave; l&agrave; đối t&aacute;c của hơn 30.000 thương hiệu trong nước v&agrave; quốc tế. Kỳ t&iacute;ch n&agrave;y c&oacute; được l&agrave; nhờ đội ngũ l&atilde;nh đạo c&oacute; tầm nh&igrave;n chiến lược, đội ngũ nh&acirc;n vi&ecirc;n mẫn c&aacute;n nhiệt huyết v&agrave; tr&ecirc;n hết l&agrave; những sản phẩm th&ocirc;ng minh chiếm được niềm tin của kh&aacute;ch h&agrave;ng.</p>\r\n\r\n<p>Những c&aacute; nh&acirc;n trong iPOS.vn ch&iacute;nh l&agrave; cốt l&otilde;i tạo n&ecirc;n những gi&aacute; trị cho doanh nghiệp v&agrave; x&atilde; hội. Mỗi nh&acirc;n vi&ecirc;n đều c&oacute; cơ hội cống hiến, đưa tiếng n&oacute;i ri&ecirc;ng hướng đến mục đ&iacute;ch chung tạo ra một m&ocirc;i trường c&ocirc;ng bằng, th&acirc;n thiện v&agrave; thử th&aacute;ch.</p>', '<p>iPOS.vn l&agrave; c&ocirc;ng ty chuy&ecirc;n sản xuất, kinh doanh c&aacute;c giải ph&aacute;p phần mềm v&agrave; phần cứng chuy&ecirc;n nghiệp, hiện đại trong lĩnh vực quản l&yacute; nh&agrave; h&agrave;ng/caf&eacute;, ph&ugrave; hợp với nhiều m&ocirc; h&igrave;nh dịch vụ kh&aacute;c nhau. Li&ecirc;n tục cập nhật c&ocirc;ng nghệ mới để tạo ra c&aacute;c sản phẩm v&agrave; dịch vụ tốt nhất, g&oacute;p phần c&ugrave;ng c&aacute;c thương hiệu n&acirc;ng tầm ẩm thực Việt l&agrave; kim chỉ nam hoạt động của iPOS.vn.</p>\r\n\r\n<p>Được th&agrave;nh lập năm 2010 bởi những con người c&oacute; tr&ecirc;n 10 năm kinh nghiệm trong lĩnh vực kinh doanh nh&agrave; h&agrave;ng v&agrave; gần 15 năm hoạt động trong ng&agrave;nh c&ocirc;ng nghệ th&ocirc;ng tin, iPOS.vn hiện đang sở hữu 12 chi nh&aacute;nh tr&ecirc;n khắp 3 miền Việt Nam v&agrave; l&agrave; đối t&aacute;c của hơn 30.000 thương hiệu trong nước v&agrave; quốc tế. Kỳ t&iacute;ch n&agrave;y c&oacute; được l&agrave; nhờ đội ngũ l&atilde;nh đạo c&oacute; tầm nh&igrave;n chiến lược, đội ngũ nh&acirc;n vi&ecirc;n mẫn c&aacute;n nhiệt huyết v&agrave; tr&ecirc;n hết l&agrave; những sản phẩm th&ocirc;ng minh chiếm được niềm tin của kh&aacute;ch h&agrave;ng.</p>\r\n\r\n<p>Những c&aacute; nh&acirc;n trong iPOS.vn ch&iacute;nh l&agrave; cốt l&otilde;i tạo n&ecirc;n những gi&aacute; trị cho doanh nghiệp v&agrave; x&atilde; hội. Mỗi nh&acirc;n vi&ecirc;n đều c&oacute; cơ hội cống hiến, đưa tiếng n&oacute;i ri&ecirc;ng hướng đến mục đ&iacute;ch chung tạo ra một m&ocirc;i trường c&ocirc;ng bằng, th&acirc;n thiện v&agrave; thử th&aacute;ch.</p>', 'Tầng 11, Tòa nhà Hòa Bình, 106 Hoàng Quốc Việt, Cầu Giấy, Hà Nội', 'https://www.google.com/maps/embed?pb=!1m18!1m12!1m3!1d3723.6515862561682!2d105.79302821531398!3d21.046622492543232!2m3!1f0!2f0!3f0!3m2!1i1024!2i768!4f13.1!3m3!1m2!1s0x3135ab3abea8ced1%3A0xb680deb2d22b3fcd!2zVG_DoCBuaMOgIEhvw6AgQsOsbmg!5e0!3m2!1svi!2s!4v1639903802109!5m2!1svi!2s', 'ipos', '2021-12-18 05:54:27', '2021-12-19 15:20:51'),
(66, 'Công ty TNHH Beetsoft', 1, 1, 'images/company/61bf5a5a8ae96-cong-ty-tnhh-beetsoft.jpg', 'images/company/61bf5a5a89a30-cong-ty-tnhh-beetsoft.jpg', 'images/company/61bf5a5a8b073-jS99xSxJTpkauJDCHc1E.jpg', 1, '300-500', '02435545190', 'https://beetsoft.com.vn/', '3703004677', '2000-01-01', '<p>Over the last 6 years, we have specialised in IT Outsourcing and Consulting, Annotation, BPO and providing AR, VR, MR &amp; AI solutions with our ever-increasing 500+ members. Our developers make such potential teams with great knowledge and experience in various programming languages and development environments. Additionally, our expertise is both broad and deep, spanning a vast set of sectors, industries, regions, and offerings. BEETSOFT has been identified as one of the Top Software Development Companies in Vietnam for the past three years in a row, which has successfully provided IT solutions to some of the world&#39;s greatest companies.</p>', '<p>BeetSoft - IT Consultancy &amp; outsourcing</p>\r\n\r\n<p>&nbsp; We are an IT Consultancy and outsourcing company based in Vietnam and Japan. We cater to SME and MNC&rsquo;s all around the globe by providing high-end services at a very reasonable price.&nbsp;</p>\r\n\r\n<p>With 5 plus years of IT Consultancy and outsourcing BeetSoft is playing a stellar role in honing the skills of professionals, assisting companies to achieve success in their operating field of specialisation. We as an Organisation have grown rapidly in the past two years, now with operating offices in Hanoi, Danang in Vietnam and Tokyo Japan with over 150 plus employees.</p>\r\n\r\n<p>Beetsoft Specialises in Developing and operating web systems, applications, games, websites, AR, VR and MR which are our core strengths. Besides, we are also involved in projects related to AI research and robotics.</p>', '6th Floor, MITEC TOWER, Lot E2 - Cau Giay Urban Area, Yen Hoa Ward, Cau Giay District, Hanoi, Vietnam', 'https://www.google.com/maps/embed?pb=!1m14!1m8!1m3!1d14897.267060086459!2d105.7838954!3d21.0200078!3m2!1i1024!2i768!4f13.1!3m3!1m2!1s0x0%3A0x60477133b97c40f2!2sBeetSoft%20Co%2C.LTD!5e0!3m2!1svi!2s!4v1639929777520!5m2!1svi!2s', 'cong-ty-tnhh-beetsoft', '2021-12-18 07:12:15', '2021-12-21 13:40:29'),
(70, 'CÔNG TY CỔ PHẦN TẬP ĐOÀN OGO', 1, 1, 'images/company/61c0391ced928-tap-doan-ogo-v5f.jpg', 'images/company/61c037d03617d-How-to-Grow-Your-New-Business-Using-Digital-Marketing.jpg', 'images/company/61c037d036e81-How-to-Grow-Your-New-Business-Using-Digital-Marketing.jpg', 0, '50-100', '0392698440', 'https://ogo.com', '12345', '2000-01-01', '<p>C&ocirc;ng ty Cổ phần Thương mại v&agrave; Dịch vụ C&ocirc;ng nghệ cao CNC ra đời với mục ti&ecirc;u l&agrave; đơn vị cung cấp sản phẩm thi&ecirc;n nhi&ecirc;n an to&agrave;n, tốt cho sức khỏe. Ch&uacute;ng t&ocirc;i hiểu rắng scs khỏe l&agrave; qu&yacute; gi&aacute; nhất. Với nguy&ecirc;n liệu đầu v&agrave;o được lựa chọn kỹ lưỡng, CNC sẽ trở th&agrave;nh đơn vị sản xuất sản phẩm chất lượng, an to&agrave;n cho người sử dụng.</p>\r\n\r\n<p>&nbsp;C&ocirc;ng ty Cổ phần Dược Mỹ phẩm CNC Quốc tế Bali mang sứ mệnh tạo ra sinh th&aacute;i c&aacute;c d&ograve;ng sản phẩm chăm s&oacute;c sức khỏe l&agrave;m đẹp từ thi&ecirc;n nhi&ecirc;n, an to&agrave;n cho người sử dụng.</p>', '<p>OGO Group được th&agrave;nh lập năm 2021 tại H&agrave; Nội, gồm 3 đơn vị trực thuộc:</p>\r\n\r\n<p>1. C&ocirc;ng ty Cổ phần Thương mại v&agrave; Dịch vụ C&ocirc;ng nghệ cao CNC</p>\r\n\r\n<p>2. C&ocirc;ng ty Cổ phần Dược Mỹ phẩm CNC Quốc tế Bali</p>\r\n\r\n<p>3. C&ocirc;ng ty Cổ phần Học vi&ecirc;n Ng&ocirc;i sao Livestream</p>\r\n\r\n<p>&nbsp;C&ocirc;ng ty Cổ phần Thương mại v&agrave; Dịch vụ C&ocirc;ng nghệ cao CNC ra đời với mục ti&ecirc;u l&agrave; đơn vị cung cấp sản phẩm thi&ecirc;n nhi&ecirc;n an to&agrave;n, tốt cho sức khỏe. Ch&uacute;ng t&ocirc;i hiểu rắng scs khỏe l&agrave; qu&yacute; gi&aacute; nhất. Với nguy&ecirc;n liệu đầu v&agrave;o được lựa chọn kỹ lưỡng, CNC sẽ trở th&agrave;nh đơn vị sản xuất sản phẩm chất lượng, an to&agrave;n cho người sử dụng.</p>\r\n\r\n<p>&nbsp;C&ocirc;ng ty Cổ phần Dược Mỹ phẩm CNC Quốc tế Bali mang sứ mệnh tạo ra sinh th&aacute;i c&aacute;c d&ograve;ng sản phẩm chăm s&oacute;c sức khỏe l&agrave;m đẹp từ thi&ecirc;n nhi&ecirc;n, an to&agrave;n cho người sử dụng.</p>\r\n\r\n<p>&nbsp;C&ocirc;ng ty Cổ phần Học vi&ecirc;n Ng&ocirc;i sao Livestream được định hướng trở th&agrave;nh nơi đ&agrave;o tạo chuy&ecirc;n nghiệp cho những nh&agrave; b&aacute;n h&agrave;ng theo m&ocirc; h&igrave;nh kinh doanh hệ thống, tọa dựng kiến thức nền tảng cho những ai muốn b&aacute;n h&agrave;ng online.</p>\r\n\r\n<p>OGO Group đ&atilde; c&oacute; những bước ph&aacute;t triển vượt bặc, trở th&agrave;nh một trong những tập đo&agrave;n h&agrave;ng đầu về chăm s&oacute;c sức khỏe v&agrave; sắc đẹp tại Việt Nam. Tr&ecirc;n đ&agrave; ph&aacute;t triển đ&oacute;. OGO Group vươn m&igrave;nh ph&aacute;t triển mạnh mẽ ra thế giới.</p>\r\n\r\n<p>C&aacute;c sản phẩm của Tập đo&agrave;n c&oacute; thể kể đến như: Nước giặt Bali; Răng miệng Bali; Xịt phụ khoa Bali; Nano Curcumin, v&agrave; những sản phẩm chất lượng trong tưởng lai sẽ được ra mắt. Ngo&agrave;i ra OGO Group c&ograve;n l&agrave; nới đ&agrave;o tạo kinh doanh hệ thống với những chuy&ecirc;n gia b&aacute;n h&agrave;ng online h&agrave;ng đầu tại Việt Nam.</p>\r\n\r\n<p>&nbsp;</p>', 'Số 58 Lưu Hữu Phước, Nam Từ Liêm, Hà Nội', 'https://www.google.com/maps/embed?pb=!1m18!1m12!1m3!1d3723.9807110867587!2d105.7594777148021!3d21.03345778599579!2m3!1f0!2f0!3f0!3m2!1i1024!2i768!4f13.1!3m3!1m2!1s0x313454be80f9cf7b%3A0x741e697dd9e18b9a!2zNTggTMawdSBI4buvdSBQaMaw4bubYywgQ-G6p3UgRGnhu4VuLCBU4burIExpw6ptLCBIw6AgTuG7mWksIFZp4buHdCBOYW0!5e0!3m2!1svi!2s!4v1640014208614!5m2!1svi!2s', 'cong-ty-co-phan-tap-doan-ogo', '2021-12-20 02:45:04', '2021-12-20 15:30:47'),
(71, 'CORPORATION', 1, 23, 'images/company/61bffe1b3d412-lp.jpg', 'images/company/61bffe1b3c07d-lp.jpg', 'images/company/61bffe1b3d61f-3541c633193dd3638a2c.jpg', 0, '200-300', '0780937732', 'https://edupia.vn/', '3600399897', '2000-01-01', '<p>Educa Corporation l&agrave; doanh nghiệp đi đầu trong ứng dụng c&ocirc;ng nghệ ti&ecirc;n tiến v&agrave;o giảng dạy Tiếng Anh trẻ em theo ti&ecirc;u chuẩn quốc tế. Educa ph&aacute;t triển Edupia - sản phẩm Tiếng Anh tiểu học trực tuyến chất lượng cao; V&agrave; Babilala - Sản phẩm Tiếng Anh mần non - đ&atilde; phục vụ hơn 500.000 học sinh Việt Nam học tập tiến bộ, đạt điểm h&agrave;i l&ograve;ng 4.7/5 theo đ&aacute;nh gi&aacute; của người d&ugrave;ng v&agrave; đạt giải &quot;Ứng dụng số xuất sắc trong lĩnh vực gi&aacute;o dục, đ&agrave;o tạo&quot; năm 2018 từ Vietnam Digital Awards&quot;.</p>\r\n\r\n<p>Ch&uacute;ng t&ocirc;i ch&agrave;o đ&oacute;n nh&acirc;n sự t&agrave;i năng gia nhập c&ocirc;ng ty để c&ugrave;ng g&oacute;p sức thực hiện sứ mệnh mang tri thức v&agrave; cơ hội học tập chất lượng cao đến h&agrave;ng triệu người d&ugrave;ng.&nbsp;</p>\r\n\r\n<p>Quy m&ocirc; doanh nghiệp hiện tại hơn 500 nh&acirc;n sự v&agrave; đang mở rộng sang c&aacute;c thị trường gi&aacute;o dục quốc tế.&nbsp;</p>', '<p>Educa Corporation l&agrave; doanh nghiệp đi đầu trong ứng dụng c&ocirc;ng nghệ ti&ecirc;n tiến v&agrave;o giảng dạy Tiếng Anh trẻ em theo ti&ecirc;u chuẩn quốc tế. Educa ph&aacute;t triển Edupia - sản phẩm Tiếng Anh tiểu học trực tuyến chất lượng cao; V&agrave; Babilala - Sản phẩm Tiếng Anh mần non - đ&atilde; phục vụ hơn 500.000 học sinh Việt Nam học tập tiến bộ, đạt điểm h&agrave;i l&ograve;ng 4.7/5 theo đ&aacute;nh gi&aacute; của người d&ugrave;ng v&agrave; đạt giải &quot;Ứng dụng số xuất sắc trong lĩnh vực gi&aacute;o dục, đ&agrave;o tạo&quot; năm 2018 từ Vietnam Digital Awards&quot;.</p>\r\n\r\n<p>Ch&uacute;ng t&ocirc;i ch&agrave;o đ&oacute;n nh&acirc;n sự t&agrave;i năng gia nhập c&ocirc;ng ty để c&ugrave;ng g&oacute;p sức thực hiện sứ mệnh mang tri thức v&agrave; cơ hội học tập chất lượng cao đến h&agrave;ng triệu người d&ugrave;ng.&nbsp;</p>\r\n\r\n<p>Quy m&ocirc; doanh nghiệp hiện tại hơn 500 nh&acirc;n sự v&agrave; đang mở rộng sang c&aacute;c thị trường gi&aacute;o dục quốc tế.&nbsp;</p>', 'Tầng 6, tòa Comatce, 61 Ngụy Như Kon Tum, Quận Thanh Xuân, Hà Nội', 'https://www.google.com/maps/embed?pb=!1m18!1m12!1m3!1d3724.8288291024214!2d105.7988010153135!3d20.999497494151672!2m3!1f0!2f0!3f0!3m2!1i1024!2i768!4f13.1!3m3!1m2!1s0x3135acbcb952af37%3A0x347e82aad1e7ffaf!2sVincem%20Comatce%20Tower!5e0!3m2!1svi!2s!4v1639972266599!5m2!1svi!2s', 'corporation', '2021-12-20 03:45:58', '2021-12-22 04:19:11'),
(72, 'Nhà tuyển dụng #72', 1, 1, 'images/avatar/none.jpg', NULL, NULL, 0, '10-50', NULL, NULL, NULL, '2000-01-01', NULL, NULL, 'Chưa cập nhật', NULL, '61c01d0573590', '2021-12-20 06:04:53', '2021-12-20 06:04:53'),
(73, 'BSS Group', 1, 4, 'images/company/61c2bcbba9179-bd7d34b1599093ceca81.jpg', NULL, NULL, 1, '50-100', '84962803621', 'https://bssgroup.vn/', '138461', '2012-02-12', '<p>Trong thời gian cập nhật website, bạn vui l&ograve;ng tham khảo những th&ocirc;ng tin cơ bản về BSS Group theo hướng dẫn b&ecirc;n dưới.</p>\r\n\r\n<p>Ch&uacute;ng t&ocirc;i xin lỗi v&igrave; sự bất tiện n&agrave;y v&agrave; c&aacute;m ơn sự chờ đợi của bạn.</p>', '<p><strong>BSS Commerce</strong>&nbsp;is the leading brand of&nbsp;<strong>BSS Group</strong>&nbsp;- the top full-service eCommerce development agency in Vietnam. Since 2012, BSS Commerce has become a trusted partner of global online merchants with 500+ successful projects and 21,000+ satisfied clients (B2B, B2C v&agrave; B2B2C). We now provide a wide range of products and services on multiple platforms, including Magento, Shopify Plus, BigCommerce, Shopware, and more to match the business needs for every client worldwide<br />\r\n<strong>Find out more about BSS Commerce&rsquo;s products and services: https://bsscommerce.com/</strong></p>\r\n\r\n<p><strong>BSS Commerce</strong>&nbsp;l&agrave; thương hiệu nền tảng của&nbsp;<strong>BSS Group&nbsp;</strong>- đối t&aacute;c cung cấp c&aacute;c giải ph&aacute;p thương mại điện tử to&agrave;n diện cho Doanh nghiệp Việt Nam v&agrave; to&agrave;n cầu. Được th&agrave;nh lập từ 2012, BSS Commerce đ&atilde; v&agrave; đang đồng h&agrave;nh với hơn 21,000 kh&aacute;ch h&agrave;ng tr&ecirc;n to&agrave;n thế giới (B2B, B2C v&agrave; B2B2C). Ch&uacute;ng t&ocirc;i mang đến c&aacute;c sản phẩm, dịch vụ tối ưu cho doanh nghiệp tr&ecirc;n đa nền tảng như Magento, Shopify Plus, BigCommerce, Shopware, etc, để đ&aacute;p ứng mọi nhu cầu của kh&aacute;ch h&agrave;ng tr&ecirc;n to&agrave;n thế giới.&nbsp;<br />\r\n<strong>T&igrave;m hiểu th&ecirc;m về sản phẩm v&agrave; dịch vụ của BSS Commerce tại: https://bsscommerce.com/</strong></p>', '48 Tố Hữu, Trung Văn, Nam Từ Liêm, Hà Nội', 'https://www.google.com/maps/embed?pb=!1m18!1m12!1m3!1d3724.862107478964!2d105.79212271521152!3d20.99816389419732!2m3!1f0!2f0!3f0!3m2!1i1024!2i768!4f13.1!3m3!1m2!1s0x3135acba7ddb0f43%3A0xe7d7c05f85f830a!2zNDggUC4gVOG7kSBI4buvdSwgVHJ1bmcgVsSDbiwgVOG7qyBMacOqbSwgSMOgIE7hu5lpLCBWaeG7h3QgTmFt!5e0!3m2!1svi!2s!4v1639981270190!5m2!1svi!2s', 'bss-group1', '2021-12-20 06:08:46', '2021-12-22 05:50:51');

--
-- Indexes for dumped tables
--

--
-- Indexes for table `ads`
--
ALTER TABLE `ads`
  ADD PRIMARY KEY (`id`);

--
-- Indexes for table `apply`
--
ALTER TABLE `apply`
  ADD PRIMARY KEY (`id`),
  ADD KEY `apply_ibfk_2` (`blog_id`),
  ADD KEY `user_candidate_id` (`user_candidate_id`);

--
-- Indexes for table `apply_detail`
--
ALTER TABLE `apply_detail`
  ADD PRIMARY KEY (`id`),
  ADD KEY `apply_id` (`apply_id`);

--
-- Indexes for table `blogs`
--
ALTER TABLE `blogs`
  ADD PRIMARY KEY (`id`),
  ADD UNIQUE KEY `slug` (`slug`),
  ADD KEY `cate_id` (`cate_id`),
  ADD KEY `location_id` (`location_id`),
  ADD KEY `user_recruitment_id` (`user_recruitment_id`);

--
-- Indexes for table `categories`
--
ALTER TABLE `categories`
  ADD PRIMARY KEY (`id`),
  ADD UNIQUE KEY `slug` (`slug`);

--
-- Indexes for table `favorites`
--
ALTER TABLE `favorites`
  ADD PRIMARY KEY (`user_candidate_id`,`blog_id`),
  ADD KEY `favorites_ibfk_1` (`blog_id`);

--
-- Indexes for table `forgot_password`
--
ALTER TABLE `forgot_password`
  ADD PRIMARY KEY (`id`);

--
-- Indexes for table `keywords`
--
ALTER TABLE `keywords`
  ADD PRIMARY KEY (`id`),
  ADD UNIQUE KEY `keyword` (`keyword`);

--
-- Indexes for table `locations`
--
ALTER TABLE `locations`
  ADD PRIMARY KEY (`id`),
  ADD UNIQUE KEY `name` (`name`);

--
-- Indexes for table `reviewers`
--
ALTER TABLE `reviewers`
  ADD PRIMARY KEY (`id`);

--
-- Indexes for table `setting`
--
ALTER TABLE `setting`
  ADD PRIMARY KEY (`id`);

--
-- Indexes for table `users`
--
ALTER TABLE `users`
  ADD PRIMARY KEY (`id`),
  ADD UNIQUE KEY `email` (`email`);

--
-- Indexes for table `user_admin`
--
ALTER TABLE `user_admin`
  ADD PRIMARY KEY (`id`);

--
-- Indexes for table `user_candidate`
--
ALTER TABLE `user_candidate`
  ADD PRIMARY KEY (`id`),
  ADD KEY `location_id` (`location_id`),
  ADD KEY `cate_id` (`cate_id`);

--
-- Indexes for table `user_file`
--
ALTER TABLE `user_file`
  ADD PRIMARY KEY (`id`),
  ADD KEY `user_id` (`user_id`);

--
-- Indexes for table `user_recruitment`
--
ALTER TABLE `user_recruitment`
  ADD PRIMARY KEY (`id`),
  ADD UNIQUE KEY `slug` (`slug`),
  ADD KEY `cate_id` (`cate_id`),
  ADD KEY `location_id` (`location_id`);

--
-- AUTO_INCREMENT for dumped tables
--

--
-- AUTO_INCREMENT for table `ads`
--
ALTER TABLE `ads`
  MODIFY `id` int(11) NOT NULL AUTO_INCREMENT, AUTO_INCREMENT=12;

--
-- AUTO_INCREMENT for table `apply`
--
ALTER TABLE `apply`
  MODIFY `id` int(11) NOT NULL AUTO_INCREMENT, AUTO_INCREMENT=38;

--
-- AUTO_INCREMENT for table `apply_detail`
--
ALTER TABLE `apply_detail`
  MODIFY `id` int(11) NOT NULL AUTO_INCREMENT, AUTO_INCREMENT=78;

--
-- AUTO_INCREMENT for table `blogs`
--
ALTER TABLE `blogs`
  MODIFY `id` int(11) NOT NULL AUTO_INCREMENT, AUTO_INCREMENT=304;

--
-- AUTO_INCREMENT for table `categories`
--
ALTER TABLE `categories`
  MODIFY `id` int(11) NOT NULL AUTO_INCREMENT, AUTO_INCREMENT=30;

--
-- AUTO_INCREMENT for table `forgot_password`
--
ALTER TABLE `forgot_password`
  MODIFY `id` int(11) NOT NULL AUTO_INCREMENT, AUTO_INCREMENT=91;

--
-- AUTO_INCREMENT for table `keywords`
--
ALTER TABLE `keywords`
  MODIFY `id` int(11) NOT NULL AUTO_INCREMENT, AUTO_INCREMENT=19;

--
-- AUTO_INCREMENT for table `locations`
--
ALTER TABLE `locations`
  MODIFY `id` int(11) NOT NULL AUTO_INCREMENT, AUTO_INCREMENT=97;

--
-- AUTO_INCREMENT for table `reviewers`
--
ALTER TABLE `reviewers`
  MODIFY `id` int(11) NOT NULL AUTO_INCREMENT, AUTO_INCREMENT=4;

--
-- AUTO_INCREMENT for table `setting`
--
ALTER TABLE `setting`
  MODIFY `id` int(11) NOT NULL AUTO_INCREMENT, AUTO_INCREMENT=2;

--
-- AUTO_INCREMENT for table `users`
--
ALTER TABLE `users`
  MODIFY `id` int(11) NOT NULL AUTO_INCREMENT, AUTO_INCREMENT=91;

--
-- AUTO_INCREMENT for table `user_admin`
--
ALTER TABLE `user_admin`
  MODIFY `id` int(11) NOT NULL AUTO_INCREMENT, AUTO_INCREMENT=86;

--
-- AUTO_INCREMENT for table `user_candidate`
--
ALTER TABLE `user_candidate`
  MODIFY `id` int(11) NOT NULL AUTO_INCREMENT, AUTO_INCREMENT=91;

--
-- AUTO_INCREMENT for table `user_file`
--
ALTER TABLE `user_file`
  MODIFY `id` int(11) NOT NULL AUTO_INCREMENT, AUTO_INCREMENT=26;

--
-- AUTO_INCREMENT for table `user_recruitment`
--
ALTER TABLE `user_recruitment`
  MODIFY `id` int(11) NOT NULL AUTO_INCREMENT, AUTO_INCREMENT=74;

--
-- Constraints for dumped tables
--

--
-- Constraints for table `apply`
--
ALTER TABLE `apply`
  ADD CONSTRAINT `apply_ibfk_2` FOREIGN KEY (`blog_id`) REFERENCES `blogs` (`id`) ON DELETE CASCADE ON UPDATE CASCADE,
  ADD CONSTRAINT `apply_ibfk_3` FOREIGN KEY (`user_candidate_id`) REFERENCES `user_candidate` (`id`) ON DELETE CASCADE ON UPDATE CASCADE;

--
-- Constraints for table `apply_detail`
--
ALTER TABLE `apply_detail`
  ADD CONSTRAINT `apply_detail_ibfk_1` FOREIGN KEY (`apply_id`) REFERENCES `apply` (`id`) ON DELETE CASCADE ON UPDATE CASCADE;

--
-- Constraints for table `blogs`
--
ALTER TABLE `blogs`
  ADD CONSTRAINT `blogs_ibfk_2` FOREIGN KEY (`cate_id`) REFERENCES `categories` (`id`),
  ADD CONSTRAINT `blogs_ibfk_5` FOREIGN KEY (`location_id`) REFERENCES `locations` (`id`),
  ADD CONSTRAINT `blogs_ibfk_6` FOREIGN KEY (`user_recruitment_id`) REFERENCES `user_recruitment` (`id`);

--
-- Constraints for table `favorites`
--
ALTER TABLE `favorites`
  ADD CONSTRAINT `favorites_ibfk_1` FOREIGN KEY (`blog_id`) REFERENCES `blogs` (`id`) ON DELETE CASCADE ON UPDATE CASCADE,
  ADD CONSTRAINT `favorites_ibfk_2` FOREIGN KEY (`user_candidate_id`) REFERENCES `user_candidate` (`id`) ON DELETE CASCADE ON UPDATE CASCADE;

--
-- Constraints for table `forgot_password`
--
ALTER TABLE `forgot_password`
  ADD CONSTRAINT `forgot_password_ibfk_1` FOREIGN KEY (`id`) REFERENCES `users` (`id`) ON DELETE CASCADE ON UPDATE CASCADE;

--
-- Constraints for table `user_admin`
--
ALTER TABLE `user_admin`
  ADD CONSTRAINT `user_admin_ibfk_1` FOREIGN KEY (`id`) REFERENCES `users` (`id`) ON DELETE CASCADE ON UPDATE CASCADE;

--
-- Constraints for table `user_candidate`
--
ALTER TABLE `user_candidate`
  ADD CONSTRAINT `user_candidate_ibfk_2` FOREIGN KEY (`location_id`) REFERENCES `locations` (`id`),
  ADD CONSTRAINT `user_candidate_ibfk_3` FOREIGN KEY (`cate_id`) REFERENCES `categories` (`id`),
  ADD CONSTRAINT `user_candidate_ibfk_4` FOREIGN KEY (`id`) REFERENCES `users` (`id`) ON DELETE CASCADE ON UPDATE CASCADE;

--
-- Constraints for table `user_file`
--
ALTER TABLE `user_file`
  ADD CONSTRAINT `user_file_ibfk_1` FOREIGN KEY (`user_id`) REFERENCES `users` (`id`) ON DELETE CASCADE ON UPDATE CASCADE;

--
-- Constraints for table `user_recruitment`
--
ALTER TABLE `user_recruitment`
  ADD CONSTRAINT `user_recruitment_ibfk_1` FOREIGN KEY (`id`) REFERENCES `users` (`id`) ON DELETE CASCADE ON UPDATE CASCADE,
  ADD CONSTRAINT `user_recruitment_ibfk_3` FOREIGN KEY (`cate_id`) REFERENCES `categories` (`id`),
  ADD CONSTRAINT `user_recruitment_ibfk_4` FOREIGN KEY (`location_id`) REFERENCES `locations` (`id`);
COMMIT;

/*!40101 SET CHARACTER_SET_CLIENT=@OLD_CHARACTER_SET_CLIENT */;
/*!40101 SET CHARACTER_SET_RESULTS=@OLD_CHARACTER_SET_RESULTS */;
/*!40101 SET COLLATION_CONNECTION=@OLD_COLLATION_CONNECTION */;
